"EFF_DATE","SITE_NO","SITE_TYPE_CODE","FACILITY_TYPE","STATE_CODE","FACILITY_ID","CITY","COUNTRY_CODE","CTL_SVC"
"2026/02/19","","","TRACON","GA","A80","PEACHTREE CITY","US","ARTS-IIIE"
"2026/02/19","","","TRACON","GA","A80","PEACHTREE CITY","US","CLASS B"
"2026/02/19","","","TRACON","GA","A80","PEACHTREE CITY","US","CONFLICT ALERT"
"2026/02/19","","","TRACON","GA","A80","PEACHTREE CITY","US","LLWAS"
"2026/02/19","","","TRACON","GA","A80","PEACHTREE CITY","US","MSAW"
"2026/02/19","","","TRACON","GA","A80","PEACHTREE CITY","US","TDWR"
"2026/02/19","19673.","A","ATCT-TRACON","PA","ABE","ALLENTOWN","US","ARTS-II"
"2026/02/19","19673.","A","ATCT-TRACON","PA","ABE","ALLENTOWN","US","CLASS C"
"2026/02/19","23287.","A","ATCT-TRACON","TX","ABI","ABILENE","US","CLASS C"
"2026/02/19","14532.","A","ATCT-TRACON","NM","ABQ","ALBUQUERQUE","US","ARTS-IIIA"
"2026/02/19","14532.","A","ATCT-TRACON","NM","ABQ","ALBUQUERQUE","US","CLASS C"
"2026/02/19","14532.","A","ATCT-TRACON","NM","ABQ","ALBUQUERQUE","US","CONFLICT ALERT"
"2026/02/19","14532.","A","ATCT-TRACON","NM","ABQ","ALBUQUERQUE","US","CPDLC (LOGON KUSA)"
"2026/02/19","14532.","A","ATCT-TRACON","NM","ABQ","ALBUQUERQUE","US","LLWAS"
"2026/02/19","14532.","A","ATCT-TRACON","NM","ABQ","ALBUQUERQUE","US","MSAW"
"2026/02/19","14532.","A","ATCT-TRACON","NM","ABQ","ALBUQUERQUE","US","PDC"
"2026/02/19","14532.","A","ATCT-TRACON","NM","ABQ","ALBUQUERQUE","US","WSP"
"2026/02/19","09110.","A","ATCT","MA","ACK","NANTUCKET","US","LAWRS"
"2026/02/19","24976.","A","ATCT-TRACON","TX","ACT","WACO","US","ARTS-II"
"2026/02/19","13487.","A","ATCT-TRACON","NJ","ACY","ATLANTIC CITY","US","ARTS-II"
"2026/02/19","13487.","A","ATCT-TRACON","NJ","ACY","ATLANTIC CITY","US","CLASS C"
"2026/02/19","18795.","A","ATCT","OK","ADM","ARDMORE","US","LAWRS"
"2026/02/19","23710.3","A","ATCT","TX","ADS","DALLAS","US","LAWRS"
"2026/02/19","08484.","A","ATCT","MD","ADW","CAMP SPRINGS","US","CPDLC (LOGON KUSA)"
"2026/02/19","08484.","A","ATCT","MD","ADW","CAMP SPRINGS","US","PDC"
"2026/02/19","08484.","A","ATCT","MD","ADW","CAMP SPRINGS","US","TDWR"
"2026/02/19","03650.","A","ATCT-TRACON","GA","AGS","AUGUSTA","US","LLWAS"
"2026/02/19","03650.","A","ATCT-TRACON","GA","AGS","AUGUSTA","US","TRSA CTC APCH CTL"
"2026/02/19","50140.72","A","NON-ATCT","AK","AK15","NUIQSUT","US","SAWRS"
"2026/02/19","14789.","A","ATCT-TRACON","NY","ALB","ALBANY","US","ARTS-III"
"2026/02/19","14789.","A","ATCT-TRACON","NY","ALB","ALBANY","US","CLASS C"
"2026/02/19","14789.","A","ATCT-TRACON","NY","ALB","ALBANY","US","CLASS C INFO AVBL ON ATIS - 20 NM."
"2026/02/19","14789.","A","ATCT-TRACON","NY","ALB","ALBANY","US","CONFLICT ALERT"
"2026/02/19","14789.","A","ATCT-TRACON","NY","ALB","ALBANY","US","LLWAS"
"2026/02/19","14789.","A","ATCT-TRACON","NY","ALB","ALBANY","US","PDC"
"2026/02/19","14789.","A","ATCT-TRACON","NY","ALB","ALBANY","US","WSP"
"2026/02/19","04372.","A","ATCT","IL","ALN","ALTON/ST LOUIS","US","LAWRS"
"2026/02/19","06402.","A","ATCT","IA","ALO","WATERLOO","US","BASIC RADAR SVC"
"2026/02/19","26450.","A","ATCT","WA","ALW","WALLA WALLA","US","GEG APCH/DEP CTL SVC AVAILABLE FM 1400Z-0600Z++ (0600 LCL-2200 LCL++)."
"2026/02/19","23328.","A","ATCT-TRACON","TX","AMA","AMARILLO","US","CLASS C"
"2026/02/19","50034.","A","ATCT","AK","ANC","ANCHORAGE","US","ARTS-II"
"2026/02/19","50034.","A","ATCT","AK","ANC","ANCHORAGE","US","CLASS C"
"2026/02/19","50034.","A","ATCT","AK","ANC","ANCHORAGE","US","PDC"
"2026/02/19","10827.2","A","ATCT","MN","ANE","MINNEAPOLIS","US","LAWRS"
"2026/02/19","09524.","A","ATCT","MI","ARB","ANN ARBOR","US","LAWRS"
"2026/02/19","04506.","A","ATCT","IL","ARR","CHICAGO/AURORA","US","LAWRS"
"2026/02/19","02517.","A","ATCT-TRACON","CO","ASE","ASPEN","US","BASIC RADAR SVC CTC APCH CTL"
"2026/02/19","02517.","A","ATCT-TRACON","CO","ASE","ASPEN","US","LAWRS"
"2026/02/19","01176.","A","ATCT","AR","ASG","SPRINGDALE","US","LAWRS (0600-2100)"
"2026/02/19","03640.","A","ATCT","GA","ATL","ATLANTA","US","ARTS-III"
"2026/02/19","03640.","A","ATCT","GA","ATL","ATLANTA","US","CLASS B"
"2026/02/19","03640.","A","ATCT","GA","ATL","ATLANTA","US","CONFLICT ALERT"
"2026/02/19","03640.","A","ATCT","GA","ATL","ATLANTA","US","CPDLC (LOGON KUSA)"
"2026/02/19","03640.","A","ATCT","GA","ATL","ATLANTA","US","LLWAS"
"2026/02/19","03640.","A","ATCT","GA","ATL","ATLANTA","US","MSAW"
"2026/02/19","03640.","A","ATCT","GA","ATL","ATLANTA","US","PDC"
"2026/02/19","03640.","A","ATCT","GA","ATL","ATLANTA","US","TDWR"
"2026/02/19","27013.1","A","ATCT","WI","ATW","APPLETON","US","LAWRS"
"2026/02/19","23369.","A","ATCT-TRACON","TX","AUS","AUSTIN","US","CPDLC (LOGON KUSA)"
"2026/02/19","23369.","A","ATCT-TRACON","TX","AUS","AUSTIN","US","PDC"
"2026/02/19","23369.","A","ATCT-TRACON","TX","AUS","AUSTIN","US","WSP"
"2026/02/19","16517.5","A","ATCT-TRACON","NC","AVL","ASHEVILLE","US","CLASS C"
"2026/02/19","16517.5","A","ATCT-TRACON","NC","AVL","ASHEVILLE","US","LLWAS"
"2026/02/19","21781.","A","ATCT-TRACON","PA","AVP","WILKES-BARRE/SCRANTON","US","ARTS-II"
"2026/02/19","21781.","A","ATCT-TRACON","PA","AVP","WILKES-BARRE/SCRANTON","US","TRSA CTC APCH CTL WITHIN 20 NM"
"2026/02/19","09986.","A","ATCT-TRACON","MI","AZO","KALAMAZOO","US","ARTS-II"
"2026/02/19","09986.","A","ATCT-TRACON","MI","AZO","KALAMAZOO","US","LAWRS"
"2026/02/19","09986.","A","ATCT-TRACON","MI","AZO","KALAMAZOO","US","TRSA CTC APCH CTL"
"2026/02/19","07443.12","A","ATCT-RAPCON","LA","BAD","BOSSIER CITY","US","ARTS-III"
"2026/02/19","07443.12","A","ATCT-RAPCON","LA","BAD","BOSSIER CITY","US","CLASS C"
"2026/02/19","07443.12","A","ATCT-RAPCON","LA","BAD","BOSSIER CITY","US","CONFLICT ALERT"
"2026/02/19","07443.12","A","ATCT-RAPCON","LA","BAD","BOSSIER CITY","US","MSAW"
"2026/02/19","09398.","A","ATCT","MA","BAF","WESTFIELD/SPRINGFIELD","US","LAWRS"
"2026/02/19","03060.","A","ATCT","FL","BCT","BOCA RATON","US","LAWRS"
"2026/02/19","02946.","A","ATCT","CT","BDL","WINDSOR LOCKS","US","ARTS-III"
"2026/02/19","02946.","A","ATCT","CT","BDL","WINDSOR LOCKS","US","CLASS C"
"2026/02/19","02946.","A","ATCT","CT","BDL","WINDSOR LOCKS","US","CONFLICT ALERT"
"2026/02/19","02946.","A","ATCT","CT","BDL","WINDSOR LOCKS","US","CPDLC (LOGON KUSA)"
"2026/02/19","02946.","A","ATCT","CT","BDL","WINDSOR LOCKS","US","MSAW"
"2026/02/19","02946.","A","ATCT","CT","BDL","WINDSOR LOCKS","US","PDC"
"2026/02/19","02946.","A","ATCT","CT","BDL","WINDSOR LOCKS","US","WSP"
"2026/02/19","08750.","A","ATCT","MA","BED","BEDFORD","US","LAWRS"
"2026/02/19","01291.","A","ATCT-TRACON","CA","BFL","BAKERSFIELD","US","BASIC RADAR SVC CTC APP CON 25 NM OUT."
"2026/02/19","00437.","A","ATCT","AL","BFM","MOBILE","US","LAWRS"
"2026/02/19","00437.","A","ATCT","AL","BFM","MOBILE","US","SAWRS"
"2026/02/19","14904.","A","ATCT-TRACON","NY","BGM","BINGHAMTON","US","TRSA CTC APCH CTL"
"2026/02/19","07825.","A","ATCT-TRACON","ME","BGR","BANGOR","US","ARTS II"
"2026/02/19","07825.","A","ATCT-TRACON","ME","BGR","BANGOR","US","CLASS C"
"2026/02/19","07825.","A","ATCT-TRACON","ME","BGR","BANGOR","US","CLASS C CTC APCH CTL WITHIN 15 NM"
"2026/02/19","00164.","A","ATCT-TRACON","AL","BHM","BIRMINGHAM","US","ARTS-IIIA"
"2026/02/19","00164.","A","ATCT-TRACON","AL","BHM","BIRMINGHAM","US","CLASS C"
"2026/02/19","00164.","A","ATCT-TRACON","AL","BHM","BIRMINGHAM","US","CONFLICT ALERT"
"2026/02/19","00164.","A","ATCT-TRACON","AL","BHM","BIRMINGHAM","US","MSAW"
"2026/02/19","00164.","A","ATCT-TRACON","AL","BHM","BIRMINGHAM","US","WSP"
"2026/02/19","23876.","A","ATCT","TX","BIF","FORT BLISS/EL PASO/","US","CLASS C"
"2026/02/19","12265.","A","ATCT-TRACON","MT","BIL","BILLINGS","US","CLASS C"
"2026/02/19","12265.","A","ATCT-TRACON","MT","BIL","BILLINGS","US","LLWAS"
"2026/02/19","17265.","A","ATCT-TRACON","ND","BIS","BISMARCK","US","ARTS-II"
"2026/02/19","17265.","A","ATCT-TRACON","ND","BIS","BISMARCK","US","BASIC RADAR SVC CTC APCH CTL."
"2026/02/19","17265.","A","ATCT-TRACON","ND","BIS","BISMARCK","US","LAWRS"
"2026/02/19","02517.41","A","ATCT","CO","BKF","AURORA","US","BASIC RADAR SVC CTC DENVER APCH CTL"
"2026/02/19","17757.","A","ATCT","OH","BKL","CLEVELAND","US","LAWRS"
"2026/02/19","04413.","A","ATCT","IL","BLV","BELLEVILLE","US","BASIC RADAR SVC CTC APCH CTL WITHIN 25 NM."
"2026/02/19","05126.","A","ATCT","IN","BMG","BLOOMINGTON","US","LAWRS"
"2026/02/19","04431.","A","ATCT","IL","BMI","BLOOMINGTON/NORMAL","US","LAWRS"
"2026/02/19","23121.","A","ATCT-TRACON","TN","BNA","NASHVILLE","US","ARTS-IIIA"
"2026/02/19","23121.","A","ATCT-TRACON","TN","BNA","NASHVILLE","US","CLASS C"
"2026/02/19","23121.","A","ATCT-TRACON","TN","BNA","NASHVILLE","US","CONFLICT ALERT"
"2026/02/19","23121.","A","ATCT-TRACON","TN","BNA","NASHVILLE","US","CPDLC (LOGON KUSA)"
"2026/02/19","23121.","A","ATCT-TRACON","TN","BNA","NASHVILLE","US","LLWAS"
"2026/02/19","23121.","A","ATCT-TRACON","TN","BNA","NASHVILLE","US","MSAW"
"2026/02/19","23121.","A","ATCT-TRACON","TN","BNA","NASHVILLE","US","PDC"
"2026/02/19","23121.","A","ATCT-TRACON","TN","BNA","NASHVILLE","US","TDWR"
"2026/02/19","19377.","A","NON-ATCT","OR","BNO","BURNS","US","SAWRS"
"2026/02/19","04149.","A","ATCT-TRACON","ID","BOI","BOISE","US","CLASS C"
"2026/02/19","04149.","A","ATCT-TRACON","ID","BOI","BOISE","US","PDC"
"2026/02/19","08778.","A","ATCT","MA","BOS","BOSTON","US","CLASS B"
"2026/02/19","08778.","A","ATCT","MA","BOS","BOSTON","US","CONFLICT ALERT"
"2026/02/19","08778.","A","ATCT","MA","BOS","BOSTON","US","CPDLC (LOGON KUSA)"
"2026/02/19","08778.","A","ATCT","MA","BOS","BOSTON","US","MSAW"
"2026/02/19","08778.","A","ATCT","MA","BOS","BOSTON","US","PDC"
"2026/02/19","08778.","A","ATCT","MA","BOS","BOSTON","US","TDWR"
"2026/02/19","23416.","A","ATCT","TX","BPT","BEAUMONT/PORT ARTHUR","US","ARTS-II"
"2026/02/19","23416.","A","ATCT","TX","BPT","BEAUMONT/PORT ARTHUR","US","TRSA CTC APCH CTL WITHIN 25 NM"
"2026/02/19","23499.","A","ATCT","TX","BRO","BROWNSVILLE","US","BASIC RADAR CTC APCH CTL WITHIN 25 NM."
"2026/02/19","09548.","A","ATCT","MI","BTL","BATTLE CREEK","US","LAWRS"
"2026/02/19","19967.","A","NON-ATCT","PA","BTP","BUTLER","US","SAWRS"
"2026/02/19","07425.","A","ATCT-TRACON","LA","BTR","BATON ROUGE","US","ARTS-II"
"2026/02/19","07425.","A","ATCT-TRACON","LA","BTR","BATON ROUGE","US","CLASS C"
"2026/02/19","07425.","A","ATCT-TRACON","LA","BTR","BATON ROUGE","US","LLWAS"
"2026/02/19","25385.","A","ATCT-TRACON","VT","BTV","BURLINGTON","US","ARTS-II"
"2026/02/19","25385.","A","ATCT-TRACON","VT","BTV","BURLINGTON","US","CLASS C"
"2026/02/19","14954.","A","ATCT-TRACON","NY","BUF","BUFFALO","US","ARTS-IIIA"
"2026/02/19","14954.","A","ATCT-TRACON","NY","BUF","BUFFALO","US","BUF"
"2026/02/19","14954.","A","ATCT-TRACON","NY","BUF","BUFFALO","US","CLASS C"
"2026/02/19","14954.","A","ATCT-TRACON","NY","BUF","BUFFALO","US","CONFLICT ALERT"
"2026/02/19","14954.","A","ATCT-TRACON","NY","BUF","BUFFALO","US","CPDLC (LOGON KUSA)"
"2026/02/19","14954.","A","ATCT-TRACON","NY","BUF","BUFFALO","US","MSAW"
"2026/02/19","14954.","A","ATCT-TRACON","NY","BUF","BUFFALO","US","PDC"
"2026/02/19","14954.","A","ATCT-TRACON","NY","BUF","BUFFALO","US","WSP"
"2026/02/19","01353.","A","ATCT","CA","BUR","BURBANK","US","ARTS-III"
"2026/02/19","01353.","A","ATCT","CA","BUR","BURBANK","US","CLASS C"
"2026/02/19","01353.","A","ATCT","CA","BUR","BURBANK","US","CONFLICT ALERT"
"2026/02/19","01353.","A","ATCT","CA","BUR","BURBANK","US","CPDLC (LOGON KUSA)"
"2026/02/19","01353.","A","ATCT","CA","BUR","BURBANK","US","LAWRS"
"2026/02/19","01353.","A","ATCT","CA","BUR","BURBANK","US","MSAW"
"2026/02/19","01353.","A","ATCT","CA","BUR","BURBANK","US","PDC"
"2026/02/19","08762.","A","ATCT","MA","BVY","BEVERLY","US","LAWRS"
"2026/02/19","08456.","A","ATCT","MD","BWI","BALTIMORE","US","ARTS-III"
"2026/02/19","08456.","A","ATCT","MD","BWI","BALTIMORE","US","CLASS B"
"2026/02/19","08456.","A","ATCT","MD","BWI","BALTIMORE","US","CONFLICT ALERT"
"2026/02/19","08456.","A","ATCT","MD","BWI","BALTIMORE","US","CPDLC (LOGON KUSA)"
"2026/02/19","08456.","A","ATCT","MD","BWI","BALTIMORE","US","MSAW"
"2026/02/19","08456.","A","ATCT","MD","BWI","BALTIMORE","US","PDC"
"2026/02/19","08456.","A","ATCT","MD","BWI","BALTIMORE","US","TDWR"
"2026/02/19","22209.","A","ATCT-TRACON","SC","CAE","COLUMBIA","US","ARTS-II"
"2026/02/19","22209.","A","ATCT-TRACON","SC","CAE","COLUMBIA","US","CLASS C"
"2026/02/19","22209.","A","ATCT-TRACON","SC","CAE","COLUMBIA","US","LLWAS"
"2026/02/19","17521.","A","ATCT","OH","CAK","AKRON","US","ARTS-II"
"2026/02/19","17521.","A","ATCT","OH","CAK","AKRON","US","CLASS C"
"2026/02/19","11195.","A","ATCT-RAPCON","MS","CBM","COLUMBUS","US","CLASS C"
"2026/02/19","01437.","A","ATCT","CA","CCR","CONCORD","US","LAWRS"
"2026/02/19","22899.","A","ATCT-TRACON","TN","CHA","CHATTANOOGA","US","ARTS-II"
"2026/02/19","22899.","A","ATCT-TRACON","TN","CHA","CHATTANOOGA","US","CLASS C"
"2026/02/19","22899.","A","ATCT-TRACON","TN","CHA","CHATTANOOGA","US","LLWAS"
"2026/02/19","22174.","A","ATCT-TRACON","SC","CHS","CHARLESTON","US","ARTS-II"
"2026/02/19","22174.","A","ATCT-TRACON","SC","CHS","CHARLESTON","US","CLASS C"
"2026/02/19","22174.","A","ATCT-TRACON","SC","CHS","CHARLESTON","US","CPDLC (LOGON KUSA)"
"2026/02/19","22174.","A","ATCT-TRACON","SC","CHS","CHARLESTON","US","LLWAS"
"2026/02/19","22174.","A","ATCT-TRACON","SC","CHS","CHARLESTON","US","PDC"
"2026/02/19","22174.","A","ATCT-TRACON","SC","CHS","CHARLESTON","US","WSP"
"2026/02/19","01395.","A","ATCT","CA","CIC","CHICO","US","LAWRS"
"2026/02/19","05884.","A","ATCT-TRACON","IA","CID","CEDAR RAPIDS","US","CLASS C"
"2026/02/19","05884.","A","ATCT-TRACON","IA","CID","CEDAR RAPIDS","US","LAWRS"
"2026/02/19","05884.","A","ATCT-TRACON","IA","CID","CEDAR RAPIDS","US","WSP"
"2026/02/19","26582.","A","ATCT-TRACON","WV","CKB","CLARKSBURG","US","ARTS-II"
"2026/02/19","26582.","A","ATCT-TRACON","WV","CKB","CLARKSBURG","US","BASIC RADAR"
"2026/02/19","26582.","A","ATCT-TRACON","WV","CKB","CLARKSBURG","US","LAWRS"
"2026/02/19","17746.","A","ATCT-TRACON","OH","CLE","CLEVELAND","US","ARTS-III"
"2026/02/19","17746.","A","ATCT-TRACON","OH","CLE","CLEVELAND","US","CLASS B"
"2026/02/19","17746.","A","ATCT-TRACON","OH","CLE","CLEVELAND","US","CONFLICT ALERT"
"2026/02/19","17746.","A","ATCT-TRACON","OH","CLE","CLEVELAND","US","CPDLC (LOGON KUSA)"
"2026/02/19","17746.","A","ATCT-TRACON","OH","CLE","CLEVELAND","US","MSAW"
"2026/02/19","17746.","A","ATCT-TRACON","OH","CLE","CLEVELAND","US","PDC"
"2026/02/19","17746.","A","ATCT-TRACON","OH","CLE","CLEVELAND","US","TDWR"
"2026/02/19","16608.","A","ATCT-TRACON","NC","CLT","CHARLOTTE","US","ARTS-IIIA"
"2026/02/19","16608.","A","ATCT-TRACON","NC","CLT","CHARLOTTE","US","CLASS B"
"2026/02/19","16608.","A","ATCT-TRACON","NC","CLT","CHARLOTTE","US","CONFLICT ALERT"
"2026/02/19","16608.","A","ATCT-TRACON","NC","CLT","CHARLOTTE","US","CPDLC (LOGON KUSA)"
"2026/02/19","16608.","A","ATCT-TRACON","NC","CLT","CHARLOTTE","US","LLWAS"
"2026/02/19","16608.","A","ATCT-TRACON","NC","CLT","CHARLOTTE","US","MSAW"
"2026/02/19","16608.","A","ATCT-TRACON","NC","CLT","CHARLOTTE","US","PDC"
"2026/02/19","16608.","A","ATCT-TRACON","NC","CLT","CHARLOTTE","US","TDWR"
"2026/02/19","17788.","A","ATCT-TRACON","OH","CMH","COLUMBUS","US","ARTS-IIIA"
"2026/02/19","17788.","A","ATCT-TRACON","OH","CMH","COLUMBUS","US","CLASS C"
"2026/02/19","17788.","A","ATCT-TRACON","OH","CMH","COLUMBUS","US","CONFLICT ALERT"
"2026/02/19","17788.","A","ATCT-TRACON","OH","CMH","COLUMBUS","US","CPDLC (LOGON KUSA)"
"2026/02/19","17788.","A","ATCT-TRACON","OH","CMH","COLUMBUS","US","MSAW"
"2026/02/19","17788.","A","ATCT-TRACON","OH","CMH","COLUMBUS","US","PDC"
"2026/02/19","17788.","A","ATCT-TRACON","OH","CMH","COLUMBUS","US","TDWR"
"2026/02/19","04494.","A","ATCT-TRACON","IL","CMI","CHAMPAIGN/URBANA","US","ARTS-II"
"2026/02/19","04494.","A","ATCT-TRACON","IL","CMI","CHAMPAIGN/URBANA","US","CLASS C"
"2026/02/19","01398.","A","ATCT","CA","CNO","CHINO","US","BASIC RADAR CTC APCH CTL."
"2026/02/19","01398.","A","ATCT","CA","CNO","CHINO","US","LAWRS"
"2026/02/19","24980.","A","ATCT","TX","CNW","WACO","US","LAWRS"
"2026/02/19","03121.","A","ATCT","FL","COF","COCOA BEACH","US","BASIC RADAR"
"2026/02/19","02543.","A","ATCT-TRACON","CO","COS","COLORADO SPRINGS","US","ARTS-II"
"2026/02/19","02543.","A","ATCT-TRACON","CO","COS","COLORADO SPRINGS","US","CLASS C"
"2026/02/19","02543.","A","ATCT-TRACON","CO","COS","COLORADO SPRINGS","US","LLWAS"
"2026/02/19","27754.","A","ATCT-TRACON","WY","CPR","CASPER","US","ARTS-II"
"2026/02/19","27754.","A","ATCT-TRACON","WY","CPR","CASPER","US","BASIC RADAR SVC CTC APCH CTL"
"2026/02/19","27754.","A","ATCT-TRACON","WY","CPR","CASPER","US","LAWRS 0500-2100"
"2026/02/19","04458.8","A","ATCT","IL","CPS","CAHOKIA/ST LOUIS","US","LAWRS"
"2026/02/19","23657.2","A","ATCT-TRACON","TX","CRP","CORPUS CHRISTI","US","ARTS-II"
"2026/02/19","23657.2","A","ATCT-TRACON","TX","CRP","CORPUS CHRISTI","US","CLASS C"
"2026/02/19","01376.1","A","ATCT","CA","CRQ","CARLSBAD","US","LAWRS"
"2026/02/19","26575.","A","ATCT-TRACON","WV","CRW","CHARLESTON","US","CLASS C"
"2026/02/19","26575.","A","ATCT-TRACON","WV","CRW","CHARLESTON","US","LLWAS"
"2026/02/19","03728.","A","ATCT","GA","CSG","COLUMBUS","US","CLASS C"
"2026/02/19","03728.","A","ATCT","GA","CSG","COLUMBUS","US","LLWAS"
"2026/02/19","18877.","A","ATCT","OK","CSM","BURNS FLAT","US","LAWRS"
"2026/02/19","07090.","A","ATCT-TRACON","KY","CVG","COVINGTON","US","ARTS-IIIA"
"2026/02/19","07090.","A","ATCT-TRACON","KY","CVG","COVINGTON","US","CLASS B"
"2026/02/19","07090.","A","ATCT-TRACON","KY","CVG","COVINGTON","US","CONFLICT ALERT"
"2026/02/19","07090.","A","ATCT-TRACON","KY","CVG","COVINGTON","US","CPDLC (LOGON KUSA)"
"2026/02/19","07090.","A","ATCT-TRACON","KY","CVG","COVINGTON","US","MSAW"
"2026/02/19","07090.","A","ATCT-TRACON","KY","CVG","COVINGTON","US","PDC"
"2026/02/19","07090.","A","ATCT-TRACON","KY","CVG","COVINGTON","US","TDWR"
"2026/02/19","14577.","A","ATCT-RAPCON","NM","CVS","CLOVIS","US","BASIC RADAR SVC"
"2026/02/19","07594.3","A","ATCT","LA","CWF","LAKE CHARLES","US","LAWRS"
"2026/02/19","20502.","A","ATCT","PA","CXY","HARRISBURG","US","ARTS-II"
"2026/02/19","20502.","A","ATCT","PA","CXY","HARRISBURG","US","LAWRS"
"2026/02/19","27759.","A","ATCT-RAPCON","WY","CYS","CHEYENNE","US","SAWRS"
"2026/02/19","","","TRACON","TX","D10","DALLAS-FORT WORTH","US","ARTS-III"
"2026/02/19","","","TRACON","TX","D10","DALLAS-FORT WORTH","US","CLASS B"
"2026/02/19","","","TRACON","TX","D10","DALLAS-FORT WORTH","US","CONFLICT ALERT"
"2026/02/19","","","TRACON","TX","D10","DALLAS-FORT WORTH","US","LLWAS"
"2026/02/19","","","TRACON","TX","D10","DALLAS-FORT WORTH","US","MSAW"
"2026/02/19","03147.","A","ATCT-TRACON","FL","DAB","DAYTONA BEACH","US","ARTS-II"
"2026/02/19","03147.","A","ATCT-TRACON","FL","DAB","DAYTONA BEACH","US","CLASS C"
"2026/02/19","03147.","A","ATCT-TRACON","FL","DAB","DAYTONA BEACH","US","LLWAS"
"2026/02/19","23713.","A","ATCT","TX","DAL","DALLAS","US","CLASS B"
"2026/02/19","23713.","A","ATCT","TX","DAL","DALLAS","US","CPDLC (LOGON KUSA)"
"2026/02/19","23713.","A","ATCT","TX","DAL","DALLAS","US","PDC"
"2026/02/19","23713.","A","ATCT","TX","DAL","DALLAS","US","TDWR"
"2026/02/19","17818.","A","ATCT","OH","DAY","DAYTON","US","ARTS-IIIA"
"2026/02/19","17818.","A","ATCT","OH","DAY","DAYTON","US","CLASS C"
"2026/02/19","17818.","A","ATCT","OH","DAY","DAYTON","US","CONFLICT ALERT"
"2026/02/19","17818.","A","ATCT","OH","DAY","DAYTON","US","MSAW"
"2026/02/19","17818.","A","ATCT","OH","DAY","DAYTON","US","TDWR"
"2026/02/19","05957.","A","ATCT","IA","DBQ","DUBUQUE","US","LAWRS"
"2026/02/19","03001.","A","ATCT","DC","DCA","WASHINGTON","US","ARTS-III"
"2026/02/19","03001.","A","ATCT","DC","DCA","WASHINGTON","US","CLASS B"
"2026/02/19","03001.","A","ATCT","DC","DCA","WASHINGTON","US","CONFLICT ALERT"
"2026/02/19","03001.","A","ATCT","DC","DCA","WASHINGTON","US","CPDLC (LOGON KUSA)"
"2026/02/19","03001.","A","ATCT","DC","DCA","WASHINGTON","US","LLWAS"
"2026/02/19","03001.","A","ATCT","DC","DCA","WASHINGTON","US","MSAW"
"2026/02/19","03001.","A","ATCT","DC","DCA","WASHINGTON","US","PDC"
"2026/02/19","03001.","A","ATCT","DC","DCA","WASHINGTON","US","TDWR"
"2026/02/19","02573.","A","ATCT","CO","DEN","DENVER","US","ARTS-III"
"2026/02/19","02573.","A","ATCT","CO","DEN","DENVER","US","CLASS B"
"2026/02/19","02573.","A","ATCT","CO","DEN","DENVER","US","CONFLICT ALERT"
"2026/02/19","02573.","A","ATCT","CO","DEN","DENVER","US","CPDLC (LOGON KUSA)"
"2026/02/19","02573.","A","ATCT","CO","DEN","DENVER","US","LLWAS"
"2026/02/19","02573.","A","ATCT","CO","DEN","DENVER","US","MSAW"
"2026/02/19","02573.","A","ATCT","CO","DEN","DENVER","US","PDC"
"2026/02/19","02573.","A","ATCT","CO","DEN","DENVER","US","TDWR"
"2026/02/19","23710.6","A","ATCT","TX","DFW","DALLAS-FORT WORTH","US","ARTS-III"
"2026/02/19","23710.6","A","ATCT","TX","DFW","DALLAS-FORT WORTH","US","CLASS B"
"2026/02/19","23710.6","A","ATCT","TX","DFW","DALLAS-FORT WORTH","US","CONFLICT ALERT"
"2026/02/19","23710.6","A","ATCT","TX","DFW","DALLAS-FORT WORTH","US","CPDLC (LOGON KUSA)"
"2026/02/19","23710.6","A","ATCT","TX","DFW","DALLAS-FORT WORTH","US","LLWAS"
"2026/02/19","23710.6","A","ATCT","TX","DFW","DALLAS-FORT WORTH","US","MSAW"
"2026/02/19","23710.6","A","ATCT","TX","DFW","DALLAS-FORT WORTH","US","PDC"
"2026/02/19","23710.6","A","ATCT","TX","DFW","DALLAS-FORT WORTH","US","TDWR"
"2026/02/19","00267.","A","ATCT","AL","DHN","DOTHAN","US","LAWRS"
"2026/02/19","23744.","A","ATCT-RAPCON","TX","DLF","DEL RIO","US","CLASS C"
"2026/02/19","10653.","A","ATCT-TRACON","MN","DLH","DULUTH","US","ARTS-II"
"2026/02/19","10653.","A","ATCT-TRACON","MN","DLH","DULUTH","US","BASIC RADAR SVC CTC APCH CTL WITHIN 25 NM."
"2026/02/19","00817.","A","ATCT","AZ","DMA","TUCSON","US","ARTS-III"
"2026/02/19","00817.","A","ATCT","AZ","DMA","TUCSON","US","CLASS C"
"2026/02/19","00817.","A","ATCT","AZ","DMA","TUCSON","US","CONFLICT ALERT"
"2026/02/19","00817.","A","ATCT","AZ","DMA","TUCSON","US","MSAW"
"2026/02/19","00817.","A","ATCT","AZ","DMA","TUCSON","US","WSP"
"2026/02/19","04508.6","A","ATCT","IL","DPA","CHICAGO/WEST CHICAGO","US","LAWRS"
"2026/02/19","05950.","A","ATCT-TRACON","IA","DSM","DES MOINES","US","ARTS-III"
"2026/02/19","05950.","A","ATCT-TRACON","IA","DSM","DES MOINES","US","CLASS C"
"2026/02/19","05950.","A","ATCT-TRACON","IA","DSM","DES MOINES","US","CONFLICT ALERT"
"2026/02/19","05950.","A","ATCT-TRACON","IA","DSM","DES MOINES","US","MSAW"
"2026/02/19","05950.","A","ATCT-TRACON","IA","DSM","DES MOINES","US","SWSL"
"2026/02/19","09749.","A","ATCT","MI","DTW","DETROIT","US","ARTS-III"
"2026/02/19","09749.","A","ATCT","MI","DTW","DETROIT","US","CLASS B"
"2026/02/19","09749.","A","ATCT","MI","DTW","DETROIT","US","CONFLICT ALERT"
"2026/02/19","09749.","A","ATCT","MI","DTW","DETROIT","US","CPDLC (LOGON KUSA)"
"2026/02/19","09749.","A","ATCT","MI","DTW","DETROIT","US","LLWAS"
"2026/02/19","09749.","A","ATCT","MI","DTW","DETROIT","US","MSAW"
"2026/02/19","09749.","A","ATCT","MI","DTW","DETROIT","US","PDC"
"2026/02/19","09749.","A","ATCT","MI","DTW","DETROIT","US","TDWR"
"2026/02/19","07022.","A","NON-ATCT","KY","DWU","ASHLAND","US","TRSA CTC APCH CTL"
"2026/02/19","02802.","A","ATCT","CT","DXR","DANBURY","US","LAWRS"
"2026/02/19","03430.3","A","ATCT","FL","ECP","PANAMA CITY","US","LAWRS"
"2026/02/19","01526.8","A","ATCT","CA","EDW","EDWARDS","US","ARTS-II"
"2026/02/19","01526.8","A","ATCT","CA","EDW","EDWARDS","US","BASIC RADAR SVC CTC APCH CTL"
"2026/02/19","50217.","A","ATCT","AK","EIL","FAIRBANKS","US","OPR 1600-0800Z++"
"2026/02/19","15203.","A","ATCT-TRACON","NY","ELM","ELMIRA/CORNING","US","TRSA CTC APCH CTL WITHIN 15 NM"
"2026/02/19","23830.","A","ATCT-TRACON","TX","ELP","EL PASO","US","ARTS-III"
"2026/02/19","23830.","A","ATCT-TRACON","TX","ELP","EL PASO","US","CLASS C"
"2026/02/19","23830.","A","ATCT-TRACON","TX","ELP","EL PASO","US","CONFLICT ALERT"
"2026/02/19","23830.","A","ATCT-TRACON","TX","ELP","EL PASO","US","LLWAS"
"2026/02/19","23830.","A","ATCT-TRACON","TX","ELP","EL PASO","US","MSAW"
"2026/02/19","23830.","A","ATCT-TRACON","TX","ELP","EL PASO","US","PDC"
"2026/02/19","23830.","A","ATCT-TRACON","TX","ELP","EL PASO","US","WSP"
"2026/02/19","50410.","A","ATCT","AK","ENA","KENAI","US","LAWRS"
"2026/02/19","18954.","A","ATCT-RAPCON","OK","END","ENID","US","BASIC RADAR"
"2026/02/19","20355.","A","ATCT","PA","ERI","ERIE","US","TRSA CTC APCH CTL WITHIN 20 NM"
"2026/02/19","19434.","A","ATCT-TRACON","OR","EUG","EUGENE","US","ARTS-II"
"2026/02/19","19434.","A","ATCT-TRACON","OR","EUG","EUGENE","US","BASIC RADAR SVC CTC APCH CTL 20 NM OUT"
"2026/02/19","05257.","A","ATCT-TRACON","IN","EVV","EVANSVILLE","US","ARTS-II"
"2026/02/19","05257.","A","ATCT-TRACON","IN","EVV","EVANSVILLE","US","CLASS C"
"2026/02/19","05257.","A","ATCT-TRACON","IN","EVV","EVANSVILLE","US","LAWRS"
"2026/02/19","09112.","A","ATCT","MA","EWB","NEW BEDFORD","US","LAWRS"
"2026/02/19","16971.","A","ATCT","NC","EWN","NEW BERN","US","BASIC RADAR CTC APCH CTL"
"2026/02/19","14052.","A","ATCT","NJ","EWR","NEWARK","US","CLASS B"
"2026/02/19","14052.","A","ATCT","NJ","EWR","NEWARK","US","CPDLC DCL (LOGON KUSA)"
"2026/02/19","14052.","A","ATCT","NJ","EWR","NEWARK","US","LLWAS"
"2026/02/19","14052.","A","ATCT","NJ","EWR","NEWARK","US","PDC"
"2026/02/19","14052.","A","ATCT","NJ","EWR","NEWARK","US","TDWR"
"2026/02/19","50219.","A","ATCT-TRACON","AK","FAI","FAIRBANKS","US","ARTS-II"
"2026/02/19","50219.","A","ATCT-TRACON","AK","FAI","FAIRBANKS","US","BASIC RADAR SVC"
"2026/02/19","50219.","A","ATCT-TRACON","AK","FAI","FAIRBANKS","US","TRSA CTC APCH CTL"
"2026/02/19","17328.","A","ATCT-TRACON","ND","FAR","FARGO","US","LAWRS"
"2026/02/19","17328.","A","ATCT-TRACON","ND","FAR","FARGO","US","LLWAS"
"2026/02/19","17328.","A","ATCT-TRACON","ND","FAR","FARGO","US","TRSA CTC APCH CTL WITHIN 20 NM"
"2026/02/19","01591.","A","ATCT-TRACON","CA","FAT","FRESNO","US","ARTS-II"
"2026/02/19","01591.","A","ATCT-TRACON","CA","FAT","FRESNO","US","CLASS C"
"2026/02/19","16723.","A","ATCT-TRACON","NC","FAY","FAYETTEVILLE","US","ARTS II"
"2026/02/19","16723.","A","ATCT-TRACON","NC","FAY","FAYETTEVILLE","US","CLASS C"
"2026/02/19","16723.","A","ATCT-TRACON","NC","FAY","FAYETTEVILLE","US","LAWRS"
"2026/02/19","16723.","A","ATCT-TRACON","NC","FAY","FAYETTEVILLE","US","LLWAS"
"2026/02/19","00729.","A","ATCT","AZ","FFZ","MESA","US","LAWRS"
"2026/02/19","03192.","A","ATCT","FL","FLL","FORT LAUDERDALE","US","CLASS C"
"2026/02/19","03192.","A","ATCT","FL","FLL","FORT LAUDERDALE","US","CPDLC (LOGON KUSA)"
"2026/02/19","03192.","A","ATCT","FL","FLL","FORT LAUDERDALE","US","LAWRS"
"2026/02/19","03192.","A","ATCT","FL","FLL","FORT LAUDERDALE","US","PDC"
"2026/02/19","03192.","A","ATCT","FL","FLL","FORT LAUDERDALE","US","TDWR"
"2026/02/19","22276.","A","ATCT-TRACON","SC","FLO","FLORENCE","US","ARTS II"
"2026/02/19","22276.","A","ATCT-TRACON","SC","FLO","FLORENCE","US","BASIC RADAR"
"2026/02/19","22276.","A","ATCT-TRACON","SC","FLO","FLORENCE","US","LAWRS"
"2026/02/19","08906.","A","ATCT","MA","FMH","FALMOUTH","US","ARTS-II"
"2026/02/19","08906.","A","ATCT","MA","FMH","FALMOUTH","US","BASIC RADAR SVC"
"2026/02/19","14607.","A","ATCT","NM","FMN","FARMINGTON","US","LAWRS"
"2026/02/19","14607.","A","ATCT","NM","FMN","FARMINGTON","US","SAWRS"
"2026/02/19","03198.","A","ATCT","FL","FMY","FORT MYERS","US","LAWRS"
"2026/02/19","09809.","A","ATCT","MI","FNT","FLINT","US","CLASS C"
"2026/02/19","09809.","A","ATCT","MI","FNT","FLINT","US","LAWRS"
"2026/02/19","06932.","A","ATCT","KS","FOE","TOPEKA","US","LAWRS"
"2026/02/19","15236.","A","ATCT","NY","FRG","FARMINGDALE","US","LAWRS"
"2026/02/19","22789.","A","ATCT-TRACON","SD","FSD","SIOUX FALLS","US","BASIC RADAR SVC CTC APCH CTL WITHIN 20 NM."
"2026/02/19","22789.","A","ATCT-TRACON","SD","FSD","SIOUX FALLS","US","LLWAS"
"2026/02/19","18970.","A","ATCT-A/C","OK","FSI","FORT SILL","US","ARTS-II"
"2026/02/19","18970.","A","ATCT-A/C","OK","FSI","FORT SILL","US","BASIC RADAR SVC CTC APCH CTL WITHIN 20 NM."
"2026/02/19","00987.","A","ATCT-TRACON","AR","FSM","FORT SMITH","US","LLWAS"
"2026/02/19","00987.","A","ATCT-TRACON","AR","FSM","FORT SMITH","US","TRSA CTC APCH CTL WITHIN 25 NM"
"2026/02/19","03639.","A","ATCT","GA","FTY","ATLANTA","US","LAWRS"
"2026/02/19","05282.","A","ATCT-TRACON","IN","FWA","FORT WAYNE","US","ARTS-II"
"2026/02/19","05282.","A","ATCT-TRACON","IN","FWA","FORT WAYNE","US","CLASS C"
"2026/02/19","03194.","A","ATCT","FL","FXE","FORT LAUDERDALE","US","LAWRS"
"2026/02/19","06621.","A","ATCT","KS","GCK","GARDEN CITY","US","LAWRS 0700-2100"
"2026/02/19","26416.","A","ATCT-TRACON","WA","GEG","SPOKANE","US","ARTS-II"
"2026/02/19","26416.","A","ATCT-TRACON","WA","GEG","SPOKANE","US","CLASS C"
"2026/02/19","26416.","A","ATCT-TRACON","WA","GEG","SPOKANE","US","WSP"
"2026/02/19","05649.1","A","NON-ATCT","IN","GEZ","SHELBYVILLE","US","BASIC RADAR SVC"
"2026/02/19","17349.1","A","ATCT","ND","GFK","GRAND FORKS","US","BASIC RADAR SVC CTC APCH CTL ON 118.1."
"2026/02/19","12748.","A","NON-ATCT","NE","GGF","GRANT","US","SAWRS"
"2026/02/19","24239.","A","ATCT-TRACON","TX","GGG","LONGVIEW","US","ARTS-II"
"2026/02/19","24239.","A","ATCT-TRACON","TX","GGG","LONGVIEW","US","LAWRS"
"2026/02/19","24239.","A","ATCT-TRACON","TX","GGG","LONGVIEW","US","TRSA CTC APCH CTL WITHIN 30 NM"
"2026/02/19","09061.","A","NON-ATCT","MA","GHG","MARSHFIELD","US","LAWRS"
"2026/02/19","02624.","A","ATCT","CO","GJT","GRAND JUNCTION","US","VFR ADVISORY SVC-CTC TWR."
"2026/02/19","11244.","A","ATCT","MS","GLH","GREENVILLE","US","LAWRS"
"2026/02/19","22309.","A","ATCT","SC","GMU","GREENVILLE","US","LAWRS"
"2026/02/19","02823.","A","ATCT","CT","GON","GROTON (NEW LONDON)","US","LAWRS"
"2026/02/19","11253.","A","ATCT-TRACON","MS","GPT","GULFPORT","US","ARTS-II"
"2026/02/19","11253.","A","ATCT-TRACON","MS","GPT","GULFPORT","US","LAWRS"
"2026/02/19","11253.","A","ATCT-TRACON","MS","GPT","GULFPORT","US","TRSA CTC APCH CTL"
"2026/02/19","27234.","A","ATCT-TRACON","WI","GRB","GREEN BAY","US","CLASS C"
"2026/02/19","27234.","A","ATCT-TRACON","WI","GRB","GREEN BAY","US","LLWAS"
"2026/02/19","12743.","A","ATCT","NE","GRI","GRAND ISLAND","US","LAWRS"
"2026/02/19","23882.2","A","ATCT-A/C","TX","GRK","FORT HOOD (KILLEEN)","US","ARTS-II"
"2026/02/19","51531.","A","NON-ATCT","MP","GRO","ROTA ISLAND","US","SAWRS 0600-1930"
"2026/02/19","09852.","A","ATCT","MI","GRR","GRAND RAPIDS","US","CLASS C"
"2026/02/19","09852.","A","ATCT","MI","GRR","GRAND RAPIDS","US","WSP"
"2026/02/19","51523.2","A","ATCT","MP","GSN","SAIPAN ISLAND","US","SAWRS"
"2026/02/19","16758.","A","ATCT-TRACON","NC","GSO","GREENSBORO","US","ARTS-II"
"2026/02/19","16758.","A","ATCT-TRACON","NC","GSO","GREENSBORO","US","CLASS C"
"2026/02/19","16758.","A","ATCT-TRACON","NC","GSO","GREENSBORO","US","PDC"
"2026/02/19","16758.","A","ATCT-TRACON","NC","GSO","GREENSBORO","US","WSP"
"2026/02/19","22316.1","A","ATCT-TRACON","SC","GSP","GREER","US","ARTS-II"
"2026/02/19","22316.1","A","ATCT-TRACON","SC","GSP","GREER","US","CLASS C"
"2026/02/19","22316.1","A","ATCT-TRACON","SC","GSP","GREER","US","LLWAS"
"2026/02/19","12381.","A","ATCT-TRACON","MT","GTF","GREAT FALLS","US","ARTS-II"
"2026/02/19","12381.","A","ATCT-TRACON","MT","GTF","GREAT FALLS","US","TRSA CTC APCH CTL"
"2026/02/19","23934.","A","ATCT","TX","GTU","GEORGETOWN","US","LAWRS"
"2026/02/19","51510.","A","ATCT","GU","GUM","TAMUNING","US","BASIC RADAR CTC APCH CTL ON 119.3/269.0."
"2026/02/19","05575.","A","ATCT-RAPCON","IN","GUS","PERU","US","BASIC RADAR SVC CTC APCH CTL WITHIN 25 NM."
"2026/02/19","02627.","A","NON-ATCT","CO","GXY","GREELEY","US","RADAR VECTORING"
"2026/02/19","22310.","A","ATCT","SC","GYH","GREENVILLE","US","LAWRS"
"2026/02/19","00696.71","A","ATCT","AZ","GYR","GOODYEAR","US","LAWRS"
"2026/02/19","11358.","A","NON-ATCT","MS","HEZ","NATCHEZ","US","LAWRS"
"2026/02/19","02827.","A","ATCT","CT","HFD","HARTFORD","US","LAWRS"
"2026/02/19","52587.","A","ATCT","HI","HHI","WAHIAWA","US","VFR ADZY SVC CTC HONOLULU APCH CTL"
"2026/02/19","25232.","A","ATCT","UT","HIF","OGDEN","US","BASIC RADAR SVC"
"2026/02/19","14525.","A","ATCT-RAPCON","NM","HMN","ALAMOGORDO","US","BASIC RADAR SVC CTC APCH CTL."
"2026/02/19","19073.","H","NON-ATCT","OK","HMY","LEXINGTON","US","VFR ADVISORY"
"2026/02/19","52161.","A","ATCT-A/C","HI","HNL","HONOLULU","US","ARTS-III"
"2026/02/19","52161.","A","ATCT-A/C","HI","HNL","HONOLULU","US","CLASS B"
"2026/02/19","52161.","A","ATCT-A/C","HI","HNL","HONOLULU","US","CONFLICT ALERT"
"2026/02/19","52161.","A","ATCT-A/C","HI","HNL","HONOLULU","US","MSAW"
"2026/02/19","52161.","A","ATCT-A/C","HI","HNL","HONOLULU","US","PDC"
"2026/02/19","52161.","A","ATCT-A/C","HI","HNL","HONOLULU","US","WSP"
"2026/02/19","14621.","A","ATCT","NM","HOB","HOBBS","US","LAWRS"
"2026/02/19","07138.6","A","ATCT-A/C","KY","HOP","FORT CAMPBELL/HOPKINSVILLE","US","BASIC RADAR"
"2026/02/19","24071.","A","ATCT","TX","HOU","HOUSTON","US","CLASS B"
"2026/02/19","24071.","A","ATCT","TX","HOU","HOUSTON","US","CPDLC (LOGON KUSA)"
"2026/02/19","24071.","A","ATCT","TX","HOU","HOUSTON","US","PDC"
"2026/02/19","24071.","A","ATCT","TX","HOU","HOUSTON","US","TDWR"
"2026/02/19","16433.","A","ATCT","NY","HPN","WHITE PLAINS","US","CPDLC (LOGON KUSA)"
"2026/02/19","16433.","A","ATCT","NY","HPN","WHITE PLAINS","US","PDC"
"2026/02/19","16433.","A","ATCT","NY","HPN","WHITE PLAINS","US","WSP"
"2026/02/19","19465.","A","NON-ATCT","OR","HRI","HERMISTON","US","GEG APCH/DEP CTL SVC AVAILABLE FM 1400Z-0600Z++ (0600 LCL-2200 LCL++)."
"2026/02/19","24012.","A","ATCT","TX","HRL","HARLINGEN","US","BASIC RADAR CTC APCH CTL WITHIN 25 NM."
"2026/02/19","24012.","A","ATCT","TX","HRL","HARLINGEN","US","CLASS C"
"2026/02/19","24012.","A","ATCT","TX","HRL","HARLINGEN","US","LAWRS"
"2026/02/19","03242.","A","ATCT-A/C","FL","HST","HOMESTEAD","US","BASIC RADAR"
"2026/02/19","00385.1","A","ATCT-TRACON","AL","HSV","HUNTSVILLE","US","ARTS-II"
"2026/02/19","00385.1","A","ATCT-TRACON","AL","HSV","HUNTSVILLE","US","CLASS C"
"2026/02/19","00385.1","A","ATCT-TRACON","AL","HSV","HUNTSVILLE","US","WSP"
"2026/02/19","26693.","A","ATCT-TRACON","WV","HTS","HUNTINGTON","US","TRSA CTC APCH CTL"
"2026/02/19","05689.","A","ATCT-TRACON","IN","HUF","TERRE HAUTE","US","ARTS-II"
"2026/02/19","05689.","A","ATCT-TRACON","IN","HUF","TERRE HAUTE","US","BASIC RADAR SVC CTC APCH CTL WITHIN 20 NM"
"2026/02/19","07556.","A","ATCT","LA","HUM","HOUMA","US","LAWRS"
"2026/02/19","06685.","A","ATCT","KS","HUT","HUTCHINSON","US","LAWRS"
"2026/02/19","02858.","A","ATCT","CT","HVN","NEW HAVEN","US","LAWRS"
"2026/02/19","03236.","A","ATCT","FL","HWO","HOLLYWOOD","US","LAWRS"
"2026/02/19","22328.51","A","ATCT","SC","HXD","HILTON HEAD ISLAND","US","LAWRS"
"2026/02/19","08995.","A","ATCT","MA","HYA","HYANNIS","US","LAWRS"
"2026/02/19","","","TRACON","TX","I90","HOUSTON","US","ARTS-III"
"2026/02/19","","","TRACON","TX","I90","HOUSTON","US","CLASS B"
"2026/02/19","","","TRACON","TX","I90","HOUSTON","US","CONFLICT ALERT"
"2026/02/19","","","TRACON","TX","I90","HOUSTON","US","MSAW"
"2026/02/19","","","TRACON","TX","I90","HOUSTON","US","TDWR"
"2026/02/19","03002.","A","ATCT","DC","IAD","WASHINGTON","US","ARTS-IIIA"
"2026/02/19","03002.","A","ATCT","DC","IAD","WASHINGTON","US","CLASS B"
"2026/02/19","03002.","A","ATCT","DC","IAD","WASHINGTON","US","CONFLICT ALERT"
"2026/02/19","03002.","A","ATCT","DC","IAD","WASHINGTON","US","CPDLC (LOGON KUSA)"
"2026/02/19","03002.","A","ATCT","DC","IAD","WASHINGTON","US","MSAW"
"2026/02/19","03002.","A","ATCT","DC","IAD","WASHINGTON","US","PDC"
"2026/02/19","03002.","A","ATCT","DC","IAD","WASHINGTON","US","TDWR"
"2026/02/19","24071.1","A","ATCT","TX","IAH","HOUSTON","US","ARTS-III"
"2026/02/19","24071.1","A","ATCT","TX","IAH","HOUSTON","US","CONFLICT ALERT"
"2026/02/19","24071.1","A","ATCT","TX","IAH","HOUSTON","US","CPDLC (LOGON KUSA)"
"2026/02/19","24071.1","A","ATCT","TX","IAH","HOUSTON","US","MSAW"
"2026/02/19","24071.1","A","ATCT","TX","IAH","HOUSTON","US","PDC"
"2026/02/19","24071.1","A","ATCT","TX","IAH","HOUSTON","US","TDWR"
"2026/02/19","06975.4","A","ATCT-TRACON","KS","ICT","WICHITA","US","ARTS-II"
"2026/02/19","06975.4","A","ATCT-TRACON","KS","ICT","WICHITA","US","CLASS C"
"2026/02/19","06975.4","A","ATCT-TRACON","KS","ICT","WICHITA","US","TDWR"
"2026/02/19","17211.","A","ATCT-TRACON","NC","ILM","WILMINGTON","US","ARTS-II"
"2026/02/19","17211.","A","ATCT-TRACON","NC","ILM","WILMINGTON","US","TRSA CTC APCH CTL WITHIN 20 NM"
"2026/02/19","05375.","A","ATCT-TRACON","IN","IND","INDIANAPOLIS","US","ARTS-III"
"2026/02/19","05375.","A","ATCT-TRACON","IN","IND","INDIANAPOLIS","US","CLASS C"
"2026/02/19","05375.","A","ATCT-TRACON","IN","IND","INDIANAPOLIS","US","CONFLICT ALERT"
"2026/02/19","05375.","A","ATCT-TRACON","IN","IND","INDIANAPOLIS","US","CPDLC (LOGON KUSA)"
"2026/02/19","05375.","A","ATCT-TRACON","IN","IND","INDIANAPOLIS","US","MSAW"
"2026/02/19","05375.","A","ATCT-TRACON","IN","IND","INDIANAPOLIS","US","PDC"
"2026/02/19","05375.","A","ATCT-TRACON","IN","IND","INDIANAPOLIS","US","TDWR"
"2026/02/19","17220.","A","ATCT","NC","INT","WINSTON SALEM","US","LAWRS"
"2026/02/19","16836.","A","ATCT","NC","ISO","KINSTON","US","LAWRS"
"2026/02/19","15783.","A","ATCT","NY","ISP","NEW YORK","US","CLASS C"
"2026/02/19","15783.","A","ATCT","NY","ISP","NEW YORK","US","WSP"
"2026/02/19","52095.","A","ATCT-TRACON","HI","ITO","HILO","US","ARTS-II"
"2026/02/19","52095.","A","ATCT-TRACON","HI","ITO","HILO","US","BASIC RADAR CTC APCH CTL"
"2026/02/19","00753.","A","ATCT","AZ","IWA","PHOENIX","US","BASIC RADAR"
"2026/02/19","27813.","A","ATCT","WY","JAC","JACKSON","US","SAWRS 0600-2200"
"2026/02/19","11280.","A","ATCT-TRACON","MS","JAN","JACKSON","US","ARTS-II"
"2026/02/19","11280.","A","ATCT-TRACON","MS","JAN","JACKSON","US","CLASS C"
"2026/02/19","11280.","A","ATCT-TRACON","MS","JAN","JACKSON","US","LLWAS"
"2026/02/19","03250.1","A","ATCT-TRACON","FL","JAX","JACKSONVILLE","US","ARTS-III"
"2026/02/19","03250.1","A","ATCT-TRACON","FL","JAX","JACKSONVILLE","US","CLASS C"
"2026/02/19","03250.1","A","ATCT-TRACON","FL","JAX","JACKSONVILLE","US","CONFLICT ALERT"
"2026/02/19","03250.1","A","ATCT-TRACON","FL","JAX","JACKSONVILLE","US","CPDLC (LOGON KUSA)"
"2026/02/19","03250.1","A","ATCT-TRACON","FL","JAX","JACKSONVILLE","US","LLWAS"
"2026/02/19","03250.1","A","ATCT-TRACON","FL","JAX","JACKSONVILLE","US","MSAW"
"2026/02/19","03250.1","A","ATCT-TRACON","FL","JAX","JACKSONVILLE","US","PDC"
"2026/02/19","03250.1","A","ATCT-TRACON","FL","JAX","JACKSONVILLE","US","WSP"
"2026/02/19","15793.","A","ATCT","NY","JFK","NEW YORK","US","CLASS B"
"2026/02/19","15793.","A","ATCT","NY","JFK","NEW YORK","US","CPDLC (LOGON KUSA)"
"2026/02/19","15793.","A","ATCT","NY","JFK","NEW YORK","US","LLWAS"
"2026/02/19","15793.","A","ATCT","NY","JFK","NEW YORK","US","PDC"
"2026/02/19","15793.","A","ATCT","NY","JFK","NEW YORK","US","TDWR"
"2026/02/19","15491.","A","NON-ATCT","NY","JHW","JAMESTOWN","US","VFR ADVISORY CTC BUFFALO APCH CTL"
"2026/02/19","00359.7","A","ATCT","AL","JKA","GULF SHORES","US","LAWRS"
"2026/02/19","11810.","A","ATCT","MO","JLN","JOPLIN","US","LAWRS"
"2026/02/19","50385.","A","ATCT","AK","JNU","JUNEAU","US","LLWAS"
"2026/02/19","52282.","A","ATCT","HI","JRF","KAPOLEI","US","VFR ADZY SVC CTC HONOLULU APCH CTL"
"2026/02/19","27272.","A","ATCT","WI","JVL","JANESVILLE","US","LAWRS (0600-2100)"
"2026/02/19","05388.11","A","NON-ATCT","IN","JVY","JEFFERSONVILLE","US","SAWRS"
"2026/02/19","23122.1","A","ATCT","TN","JWN","NASHVILLE","US","LAWRS"
"2026/02/19","09977.","A","ATCT","MI","JXN","JACKSON","US","VFR ADVISORY"
"2026/02/19","25847.1","A","ATCT","VA","JYO","LEESBURG","US","VFR ADVISORY"
"2026/02/19","52250.2","A","ATCT","HI","KOA","KAILUA-KONA","US","LAWRS"
"2026/02/19","03283.","A","ATCT","FL","LAL","LAKELAND","US","LAWRS"
"2026/02/19","10010.","A","ATCT","MI","LAN","LANSING","US","CLASS C"
"2026/02/19","10010.","A","ATCT","MI","LAN","LANSING","US","LLWAS"
"2026/02/19","13083.","A","ATCT","NV","LAS","LAS VEGAS","US","ARTS-III"
"2026/02/19","13083.","A","ATCT","NV","LAS","LAS VEGAS","US","CLASS B"
"2026/02/19","13083.","A","ATCT","NV","LAS","LAS VEGAS","US","CONFLICT ALERT"
"2026/02/19","13083.","A","ATCT","NV","LAS","LAS VEGAS","US","CPDLC (LOGON KUSA)"
"2026/02/19","13083.","A","ATCT","NV","LAS","LAS VEGAS","US","MSAW"
"2026/02/19","13083.","A","ATCT","NV","LAS","LAS VEGAS","US","PDC"
"2026/02/19","13083.","A","ATCT","NV","LAS","LAS VEGAS","US","TDWR"
"2026/02/19","01818.","A","ATCT","CA","LAX","LOS ANGELES","US","ARTS-III"
"2026/02/19","01818.","A","ATCT","CA","LAX","LOS ANGELES","US","CLASS B"
"2026/02/19","01818.","A","ATCT","CA","LAX","LOS ANGELES","US","CONFLICT ALERT"
"2026/02/19","01818.","A","ATCT","CA","LAX","LOS ANGELES","US","CPDLC (LOGON KUSA)"
"2026/02/19","01818.","A","ATCT","CA","LAX","LOS ANGELES","US","MSAW"
"2026/02/19","01818.","A","ATCT","CA","LAX","LOS ANGELES","US","PDC"
"2026/02/19","01818.","A","ATCT","CA","LAX","LOS ANGELES","US","WSP"
"2026/02/19","24245.","A","ATCT-TRACON","TX","LBB","LUBBOCK","US","ARTS-II"
"2026/02/19","24245.","A","ATCT-TRACON","TX","LBB","LUBBOCK","US","CLASS C"
"2026/02/19","24245.","A","ATCT-TRACON","TX","LBB","LUBBOCK","US","WSP"
"2026/02/19","07594.1","A","ATCT-TRACON","LA","LCH","LAKE CHARLES","US","ARTS-II"
"2026/02/19","07594.1","A","ATCT-TRACON","LA","LCH","LAKE CHARLES","US","LAWRS"
"2026/02/19","07594.1","A","ATCT-TRACON","LA","LCH","LAKE CHARLES","US","TRSA CTC APCH CTL WITHIN 30 NM"
"2026/02/19","13317.","A","ATCT","NH","LEB","LEBANON","US","LAWRS"
"2026/02/19","07233.","A","ATCT-TRACON","KY","LEX","LEXINGTON","US","CLASS C"
"2026/02/19","07233.","A","ATCT-TRACON","KY","LEX","LEXINGTON","US","LLWAS"
"2026/02/19","07589.","A","ATCT-TRACON","LA","LFT","LAFAYETTE","US","ARTS-II"
"2026/02/19","07589.","A","ATCT-TRACON","LA","LFT","LAFAYETTE","US","CLASS C"
"2026/02/19","15794.","A","ATCT","NY","LGA","NEW YORK","US","CLASS B"
"2026/02/19","15794.","A","ATCT","NY","LGA","NEW YORK","US","CPDLC (LOGON KUSA)"
"2026/02/19","15794.","A","ATCT","NY","LGA","NEW YORK","US","LLWAS"
"2026/02/19","15794.","A","ATCT","NY","LGA","NEW YORK","US","PDC"
"2026/02/19","50037.","A","ATCT","AK","LHD","ANCHORAGE","US","CLASS C"
"2026/02/19","01056.","A","ATCT-TRACON","AR","LIT","LITTLE ROCK","US","ARTS-II"
"2026/02/19","01056.","A","ATCT-TRACON","AR","LIT","LITTLE ROCK","US","CLASS C"
"2026/02/19","01056.","A","ATCT-TRACON","AR","LIT","LITTLE ROCK","US","LLWAS"
"2026/02/19","01056.","A","ATCT-TRACON","AR","LIT","LITTLE ROCK","US","PDC"
"2026/02/19","04167.","A","NON-ATCT","ID","LLJ","CHALLIS","US","SAWRS"
"2026/02/19","12794.","A","ATCT","NE","LNK","LINCOLN","US","CLASS C"
"2026/02/19","12794.","A","ATCT","NE","LNK","LINCOLN","US","LLWAS"
"2026/02/19","04503.04","A","ATCT","IL","LOT","CHICAGO/ROMEOVILLE","US","CLASS D"
"2026/02/19","24194.","A","ATCT","TX","LRD","LAREDO","US","LAWRS"
"2026/02/19","24194.","A","ATCT","TX","LRD","LAREDO","US","SAWRS(WHEN ATCT CLSD)"
"2026/02/19","01028.21","A","ATCT","AR","LRF","JACKSONVILLE","US","BASIC RADAR SVC PROVIDED UP TO 2000 FT."
"2026/02/19","13081.","A","ATCT-RAPCON","NV","LSV","LAS VEGAS","US","CLASS B"
"2026/02/19","18780.","A","ATCT-RAPCON","OK","LTS","ALTUS","US","TRSA CTC APCH CTL"
"2026/02/19","01779.2","A","ATCT","CA","LVK","LIVERMORE","US","LAWRS"
"2026/02/19","09011.","A","ATCT","MA","LWM","LAWRENCE","US","LAWRS"
"2026/02/19","04234.","A","ATCT","ID","LWS","LEWISTON","US","LAWRS"
"2026/02/19","25863.","A","ATCT","VA","LYH","LYNCHBURG","US","LAWRS"
"2026/02/19","03869.2","A","ATCT","GA","LZU","LAWRENCEVILLE","US","LAWRS"
"2026/02/19","24353.","A","ATCT-TRACON","TX","MAF","MIDLAND","US","CLASS C"
"2026/02/19","24353.","A","ATCT-TRACON","TX","MAF","MIDLAND","US","LLWAS"
"2026/02/19","10299.","A","ATCT","MI","MBS","SAGINAW","US","LAWRS 0600-2300"
"2026/02/19","10299.","A","ATCT","MI","MBS","SAGINAW","US","TRSA CTC APCH CTL WITHIN 20 NM"
"2026/02/19","11816.6","A","ATCT-TRACON","MO","MCI","KANSAS CITY","US","ARTS-III"
"2026/02/19","11816.6","A","ATCT-TRACON","MO","MCI","KANSAS CITY","US","CLASS B"
"2026/02/19","11816.6","A","ATCT-TRACON","MO","MCI","KANSAS CITY","US","CONFLICT ALERT"
"2026/02/19","11816.6","A","ATCT-TRACON","MO","MCI","KANSAS CITY","US","CPDLC (LOGON KUSA)"
"2026/02/19","11816.6","A","ATCT-TRACON","MO","MCI","KANSAS CITY","US","LLWAS"
"2026/02/19","11816.6","A","ATCT-TRACON","MO","MCI","KANSAS CITY","US","MSAW"
"2026/02/19","11816.6","A","ATCT-TRACON","MO","MCI","KANSAS CITY","US","PDC"
"2026/02/19","11816.6","A","ATCT-TRACON","MO","MCI","KANSAS CITY","US","TDWR"
"2026/02/19","03902.","A","ATCT","GA","MCN","MACON","US","TRSA CTC APCH CTL 20 NM OUT"
"2026/02/19","03407.","A","ATCT","FL","MCO","ORLANDO","US","ARTS-III"
"2026/02/19","03407.","A","ATCT","FL","MCO","ORLANDO","US","CLASS B"
"2026/02/19","03407.","A","ATCT","FL","MCO","ORLANDO","US","CONFLICT ALERT"
"2026/02/19","03407.","A","ATCT","FL","MCO","ORLANDO","US","CPDLC (LOGON KUSA)"
"2026/02/19","03407.","A","ATCT","FL","MCO","ORLANDO","US","LLWAS"
"2026/02/19","03407.","A","ATCT","FL","MCO","ORLANDO","US","MSAW"
"2026/02/19","03407.","A","ATCT","FL","MCO","ORLANDO","US","PDC"
"2026/02/19","03407.","A","ATCT","FL","MCO","ORLANDO","US","TDWR"
"2026/02/19","04477.","A","ATCT","IL","MDH","CARBONDALE/MURPHYSBORO","US","LAWRS"
"2026/02/19","20503.","A","ATCT-TRACON","PA","MDT","HARRISBURG","US","CLASS C"
"2026/02/19","20503.","A","ATCT-TRACON","PA","MDT","HARRISBURG","US","WSP"
"2026/02/19","04507.","A","ATCT","IL","MDW","CHICAGO","US","CLASS C"
"2026/02/19","04507.","A","ATCT","IL","MDW","CHICAGO","US","CPDLC (LOGON KUSA)"
"2026/02/19","04507.","A","ATCT","IL","MDW","CHICAGO","US","LAWRS"
"2026/02/19","04507.","A","ATCT","IL","MDW","CHICAGO","US","PDC"
"2026/02/19","04507.","A","ATCT","IL","MDW","CHICAGO","US","TDWR"
"2026/02/19","23097.","A","ATCT","TN","MEM","MEMPHIS","US","ARTS-IIIA"
"2026/02/19","23097.","A","ATCT","TN","MEM","MEMPHIS","US","CLASS B"
"2026/02/19","23097.","A","ATCT","TN","MEM","MEMPHIS","US","CONFLICT ALERT"
"2026/02/19","23097.","A","ATCT","TN","MEM","MEMPHIS","US","CPDLC (LOGON KUSA)"
"2026/02/19","23097.","A","ATCT","TN","MEM","MEMPHIS","US","MSAW"
"2026/02/19","23097.","A","ATCT","TN","MEM","MEMPHIS","US","PDC"
"2026/02/19","23097.","A","ATCT","TN","MEM","MEMPHIS","US","TDWR"
"2026/02/19","18157.","A","ATCT","OH","MFD","MANSFIELD","US","BASIC RADAR SVC CTC APCH CTL WITHIN 20 NM."
"2026/02/19","18157.","A","ATCT","OH","MFD","MANSFIELD","US","LAWRS"
"2026/02/19","24260.","A","ATCT","TX","MFE","MC ALLEN","US","BASIC RADAR CTC APCH CTL WITHIN 25 NM."
"2026/02/19","19514.","A","ATCT","OR","MFR","MEDFORD","US","LAWRS"
"2026/02/19","00447.","A","ATCT-TRACON","AL","MGM","MONTGOMERY","US","ARTS II"
"2026/02/19","00447.","A","ATCT-TRACON","AL","MGM","MONTGOMERY","US","LLWAS"
"2026/02/19","00447.","A","ATCT-TRACON","AL","MGM","MONTGOMERY","US","TRSA CTC APCH CTL"
"2026/02/19","06748.","A","ATCT","KS","MHK","MANHATTAN","US","LAWRS 0600-2200"
"2026/02/19","02126.","A","ATCT","CA","MHR","SACRAMENTO","US","SAWRS"
"2026/02/19","13332.","A","ATCT","NH","MHT","MANCHESTER","US","CLASS C"
"2026/02/19","13332.","A","ATCT","NH","MHT","MANCHESTER","US","LAWRS"
"2026/02/19","01899.","A","ATCT","CA","MHV","MOJAVE","US","SAWRS"
"2026/02/19","03333.","A","ATCT-TRACON","FL","MIA","MIAMI","US","ARTS-III"
"2026/02/19","03333.","A","ATCT-TRACON","FL","MIA","MIAMI","US","CLASS B"
"2026/02/19","03333.","A","ATCT-TRACON","FL","MIA","MIAMI","US","CONFLICT ALERT"
"2026/02/19","03333.","A","ATCT-TRACON","FL","MIA","MIAMI","US","CPDLC (LOGON KUSA)"
"2026/02/19","03333.","A","ATCT-TRACON","FL","MIA","MIAMI","US","MSAW"
"2026/02/19","03333.","A","ATCT-TRACON","FL","MIA","MIAMI","US","PDC"
"2026/02/19","03333.","A","ATCT-TRACON","FL","MIA","MIAMI","US","TDWR"
"2026/02/19","17417.5","A","ATCT-RAPCON","ND","MIB","MINOT","US","BASIC RADAR SVC"
"2026/02/19","05511.","A","ATCT","IN","MIE","MUNCIE","US","LAWRS"
"2026/02/19","11816.","A","ATCT","MO","MKC","KANSAS CITY","US","LAWRS"
"2026/02/19","27388.","A","ATCT-TRACON","WI","MKE","MILWAUKEE","US","ARTS-IIIA"
"2026/02/19","27388.","A","ATCT-TRACON","WI","MKE","MILWAUKEE","US","CLASS C"
"2026/02/19","27388.","A","ATCT-TRACON","WI","MKE","MILWAUKEE","US","CONFLICT ALERT"
"2026/02/19","27388.","A","ATCT-TRACON","WI","MKE","MILWAUKEE","US","CPDLC (LOGON KUSA)"
"2026/02/19","27388.","A","ATCT-TRACON","WI","MKE","MILWAUKEE","US","MSAW"
"2026/02/19","27388.","A","ATCT-TRACON","WI","MKE","MILWAUKEE","US","PDC"
"2026/02/19","27388.","A","ATCT-TRACON","WI","MKE","MILWAUKEE","US","TDWR"
"2026/02/19","10127.","A","ATCT","MI","MKG","MUSKEGON","US","ARTS-II"
"2026/02/19","10127.","A","ATCT","MI","MKG","MUSKEGON","US","TRSA CTC APCH CTL"
"2026/02/19","03321.","A","ATCT","FL","MLB","MELBOURNE","US","LAWRS"
"2026/02/19","04868.","A","ATCT-TRACON","IL","MLI","MOLINE","US","CLASS C"
"2026/02/19","04868.","A","ATCT-TRACON","IL","MLI","MOLINE","US","LLWAS"
"2026/02/19","07658.","A","ATCT-TRACON","LA","MLU","MONROE","US","ARTS-II"
"2026/02/19","07658.","A","ATCT-TRACON","LA","MLU","MONROE","US","LLWAS"
"2026/02/19","07658.","A","ATCT-TRACON","LA","MLU","MONROE","US","TRSA CTC APCH CTL WITHIN 25 NM BLW 7000"
"2026/02/19","14031.","A","ATCT","NJ","MMU","MORRISTOWN","US","LAWRS"
"2026/02/19","18167.","A","NON-ATCT","OH","MNN","MARION","US","SAWRS"
"2026/02/19","00438.","A","ATCT-TRACON","AL","MOB","MOBILE","US","ARTS-II"
"2026/02/19","00438.","A","ATCT-TRACON","AL","MOB","MOBILE","US","CLASS C"
"2026/02/19","00438.","A","ATCT-TRACON","AL","MOB","MOBILE","US","LLWAS"
"2026/02/19","01896.","A","ATCT","CA","MOD","MODESTO","US","LAWRS (0700-2100)"
"2026/02/19","01914.","A","ATCT","CA","MRY","MONTEREY","US","CLASS C"
"2026/02/19","27346.","A","ATCT-TRACON","WI","MSN","MADISON","US","CLASS C"
"2026/02/19","27346.","A","ATCT-TRACON","WI","MSN","MADISON","US","LLWAS"
"2026/02/19","27346.","A","ATCT-TRACON","WI","MSN","MADISON","US","WSP"
"2026/02/19","10824.","A","ATCT","MN","MSP","MINNEAPOLIS","US","ARTS-III"
"2026/02/19","10824.","A","ATCT","MN","MSP","MINNEAPOLIS","US","CLASS B"
"2026/02/19","10824.","A","ATCT","MN","MSP","MINNEAPOLIS","US","CONFLICT ALERT"
"2026/02/19","10824.","A","ATCT","MN","MSP","MINNEAPOLIS","US","CPDLC (LOGON KUSA)"
"2026/02/19","10824.","A","ATCT","MN","MSP","MINNEAPOLIS","US","LLWAS"
"2026/02/19","10824.","A","ATCT","MN","MSP","MINNEAPOLIS","US","MSAW"
"2026/02/19","10824.","A","ATCT","MN","MSP","MINNEAPOLIS","US","PDC"
"2026/02/19","10824.","A","ATCT","MN","MSP","MINNEAPOLIS","US","TDWR"
"2026/02/19","07675.","A","ATCT-TRACON","LA","MSY","NEW ORLEANS","US","ARTS-III"
"2026/02/19","07675.","A","ATCT-TRACON","LA","MSY","NEW ORLEANS","US","CLASS B"
"2026/02/19","07675.","A","ATCT-TRACON","LA","MSY","NEW ORLEANS","US","CONFLICT ALERT"
"2026/02/19","07675.","A","ATCT-TRACON","LA","MSY","NEW ORLEANS","US","CPDLC (LOGON KUSA)"
"2026/02/19","07675.","A","ATCT-TRACON","LA","MSY","NEW ORLEANS","US","MSAW"
"2026/02/19","07675.","A","ATCT-TRACON","LA","MSY","NEW ORLEANS","US","PDC"
"2026/02/19","07675.","A","ATCT-TRACON","LA","MSY","NEW ORLEANS","US","TDWR"
"2026/02/19","10115.","A","ATCT-RAPCON","MI","MTC","MOUNT CLEMENS","US","BASIC RADAR SVC CTC APCH CTL WITHIN 20 NM."
"2026/02/19","50215.1","A","NON-ATCT","AK","MTF","FAIRBANKS","US","SAWRS"
"2026/02/19","04268.","A","ATCT-RAPCON","ID","MUO","MOUNTAIN HOME","US","BASIC RADAR SVC CTC APCH CTL WITHIN 40 NM"
"2026/02/19","04850.","A","ATCT","IL","MWA","MARION","US","SAWRS AVBL ON REQ, CALL 618-993-3921."
"2026/02/19","27386.","A","ATCT","WI","MWC","MILWAUKEE","US","LAWRS"
"2026/02/19","26307.","A","ATCT-TRACON","WA","MWH","MOSES LAKE","US","BASIC RADAR SVC CTC APCH CTL 20 NM OUT."
"2026/02/19","26307.","A","ATCT-TRACON","WA","MWH","MOSES LAKE","US","LAWRS"
"2026/02/19","22444.","A","ATCT-TRACON","SC","MYR","MYRTLE BEACH","US","BASIC RADAR CTC APCH CTL."
"2026/02/19","22444.","A","ATCT-TRACON","SC","MYR","MYRTLE BEACH","US","LAWRS"
"2026/02/19","","","TRACON","NY","N90","NEW YORK","US","ARTS-IIIA"
"2026/02/19","","","TRACON","NY","N90","NEW YORK","US","CLASS B"
"2026/02/19","","","TRACON","NY","N90","NEW YORK","US","CONFLICT ALERT"
"2026/02/19","","","TRACON","NY","N90","NEW YORK","US","MSAW"
"2026/02/19","22124.","A","ATCT-RATCF","SC","NBC","BEAUFORT","US","BASIC RADAR"
"2026/02/19","16815.","A","ATCT-RATCF","NC","NCA","JACKSONVILLE","US","BASIC RADAR CTC APCH CTL"
"2026/02/19","03352.","A","ATCT","FL","NDZ","MILTON","US","CLASS C"
"2026/02/19","07676.","A","ATCT","LA","NEW","NEW ORLEANS","US","LAWRS"
"2026/02/19","08614.","A","ATCT-RATCF","MD","NHK","PATUXENT RIVER","US","24"
"2026/02/19","16619.","A","ATCT-RATCF","NC","NKT","CHERRY POINT","US","BASIC RADAR CTC APCH CTL."
"2026/02/19","02177.","A","ATCT","CA","NKX","SAN DIEGO","US","ARTS-III"
"2026/02/19","02177.","A","ATCT","CA","NKX","SAN DIEGO","US","CLASS B"
"2026/02/19","02177.","A","ATCT","CA","NKX","SAN DIEGO","US","CONFLICT ALERT"
"2026/02/19","02177.","A","ATCT","CA","NKX","SAN DIEGO","US","MSAW"
"2026/02/19","11339.1","A","ATCT-RATCF","MS","NMM","MERIDIAN","US","ARTS-II"
"2026/02/19","11339.1","A","ATCT-RATCF","MS","NMM","MERIDIAN","US","BASIC RADAR CTC APCH CTL 25 NM OUT ON SECTORIZED FREQS."
"2026/02/19","24166.","A","ATCT-A/C","TX","NQI","KINGSVILLE","US","BASIC RADAR"
"2026/02/19","26323.","A","ATCT-RATCF","WA","NUW","OAK HARBOR","US","CLASS C"
"2026/02/19","02178.","A","ATCT","CA","NZY","SAN DIEGO","US","BASIC RADAR CTC APCH CTL."
"2026/02/19","01970.","A","NON-ATCT","CA","O27","OAKDALE","US","VFR ADVISORY"
"2026/02/19","16815.1","A","ATCT","NC","OAJ","JACKSONVILLE","US","LAWRS"
"2026/02/19","01971.","A","ATCT","CA","OAK","OAKLAND","US","ARTS-III"
"2026/02/19","01971.","A","ATCT","CA","OAK","OAKLAND","US","CLASS C"
"2026/02/19","01971.","A","ATCT","CA","OAK","OAKLAND","US","CONFLICT ALERT"
"2026/02/19","01971.","A","ATCT","CA","OAK","OAKLAND","US","CPDLC (LOGON KUSA)"
"2026/02/19","01971.","A","ATCT","CA","OAK","OAKLAND","US","MSAW"
"2026/02/19","01971.","A","ATCT","CA","OAK","OAKLAND","US","PDC"
"2026/02/19","12853.1","A","ATCT","NE","OFF","OMAHA","US","ARTS-IIIA"
"2026/02/19","12853.1","A","ATCT","NE","OFF","OMAHA","US","CLASS C"
"2026/02/19","12853.1","A","ATCT","NE","OFF","OMAHA","US","CONFLICT ALERT"
"2026/02/19","12853.1","A","ATCT","NE","OFF","OMAHA","US","MSAW"
"2026/02/19","25233.","A","ATCT","UT","OGD","OGDEN","US","BASIC RADAR SVC CTC SALT LAKE CITY APCH CTL 20 NM OUT."
"2026/02/19","52240.","A","ATCT-A/C","HI","OGG","KAHULUI","US","LAWRS 0600-2300"
"2026/02/19","06811.","A","ATCT","KS","OJC","OLATHE","US","LAWRS"
"2026/02/19","19136.","A","ATCT-TRACON","OK","OKC","OKLAHOMA CITY","US","ARTS-IIIA"
"2026/02/19","19136.","A","ATCT-TRACON","OK","OKC","OKLAHOMA CITY","US","CLASS C"
"2026/02/19","19136.","A","ATCT-TRACON","OK","OKC","OKLAHOMA CITY","US","CONFLICT ALERT"
"2026/02/19","19136.","A","ATCT-TRACON","OK","OKC","OKLAHOMA CITY","US","MSAW"
"2026/02/19","19136.","A","ATCT-TRACON","OK","OKC","OKLAHOMA CITY","US","PDC"
"2026/02/19","19136.","A","ATCT-TRACON","OK","OKC","OKLAHOMA CITY","US","TDWR"
"2026/02/19","26327.","A","ATCT","WA","OLM","OLYMPIA","US","BASIC RADAR SVC CTC APCH CTL"
"2026/02/19","26327.","A","ATCT","WA","OLM","OLYMPIA","US","SAWRS"
"2026/02/19","11368.6","A","ATCT","MS","OLV","OLIVE BRANCH","US","LAWRS"
"2026/02/19","04922.1","A","NON-ATCT","IL","OLY","OLNEY-NOBLE","US","SAWRS"
"2026/02/19","12854.","A","ATCT","NE","OMA","OMAHA","US","LLWAS"
"2026/02/19","12854.","A","ATCT","NE","OMA","OMAHA","US","PDC"
"2026/02/19","01986.","A","ATCT","CA","ONT","ONTARIO","US","ARTS-III"
"2026/02/19","01986.","A","ATCT","CA","ONT","ONTARIO","US","CLASS C"
"2026/02/19","01986.","A","ATCT","CA","ONT","ONTARIO","US","CONFLICT ALERT"
"2026/02/19","01986.","A","ATCT","CA","ONT","ONTARIO","US","CPDLC (LOGON KUSA)"
"2026/02/19","01986.","A","ATCT","CA","ONT","ONTARIO","US","LAWRS"
"2026/02/19","01986.","A","ATCT","CA","ONT","ONTARIO","US","MSAW"
"2026/02/19","01986.","A","ATCT","CA","ONT","ONTARIO","US","PDC"
"2026/02/19","01986.","A","ATCT","CA","ONT","ONTARIO","US","WSP"
"2026/02/19","03339.","A","ATCT","FL","OPF","MIAMI","US","LAWRS"
"2026/02/19","21990.","A","ATCT","RI","OQU","NORTH KINGSTOWN","US","ARTS-III"
"2026/02/19","21990.","A","ATCT","RI","OQU","NORTH KINGSTOWN","US","CONFLICT ALERT"
"2026/02/19","21990.","A","ATCT","RI","OQU","NORTH KINGSTOWN","US","MSAW"
"2026/02/19","04508.","A","ATCT","IL","ORD","CHICAGO","US","ARTS-III"
"2026/02/19","04508.","A","ATCT","IL","ORD","CHICAGO","US","CLASS B"
"2026/02/19","04508.","A","ATCT","IL","ORD","CHICAGO","US","CONFLICT ALERT"
"2026/02/19","04508.","A","ATCT","IL","ORD","CHICAGO","US","CPDLC (LOGON KUSA)"
"2026/02/19","04508.","A","ATCT","IL","ORD","CHICAGO","US","LLWAS"
"2026/02/19","04508.","A","ATCT","IL","ORD","CHICAGO","US","MSAW"
"2026/02/19","04508.","A","ATCT","IL","ORD","CHICAGO","US","PDC"
"2026/02/19","04508.","A","ATCT","IL","ORD","CHICAGO","US","TDWR"
"2026/02/19","25905.","A","ATCT-TRACON","VA","ORF","NORFOLK","US","ARTS-III"
"2026/02/19","25905.","A","ATCT-TRACON","VA","ORF","NORFOLK","US","CLASS C"
"2026/02/19","25905.","A","ATCT-TRACON","VA","ORF","NORFOLK","US","CONFLICT ALERT"
"2026/02/19","25905.","A","ATCT-TRACON","VA","ORF","NORFOLK","US","MSAW"
"2026/02/19","25905.","A","ATCT-TRACON","VA","ORF","NORFOLK","US","WSP"
"2026/02/19","03408.","A","ATCT","FL","ORL","ORLANDO","US","LAWRS"
"2026/02/19","27469.","A","ATCT","WI","OSH","OSHKOSH","US","LAWRS"
"2026/02/19","17787.","A","ATCT","OH","OSU","COLUMBUS","US","LAWRS"
"2026/02/19","09180.","A","ATCT","MA","OWD","NORWOOD","US","LAWRS"
"2026/02/19","00329.","A","ATCT-A/C","AL","OZR","FORT RUCKER","US","ARTS-IIIA"
"2026/02/19","00329.","A","ATCT-A/C","AL","OZR","FORT RUCKER","US","CONFLICT ALERT"
"2026/02/19","00329.","A","ATCT-A/C","AL","OZR","FORT RUCKER","US","MSAW"
"2026/02/19","","","TRACON","AZ","P50","PHOENIX","US","ARTS-III"
"2026/02/19","","","TRACON","AZ","P50","PHOENIX","US","CLASS B"
"2026/02/19","","","TRACON","AZ","P50","PHOENIX","US","CONFLICT ALERT"
"2026/02/19","","","TRACON","AZ","P50","PHOENIX","US","MSAW"
"2026/02/19","","","TRACON","AZ","P50","PHOENIX","US","TDWR"
"2026/02/19","26210.","A","ATCT","WA","PAE","EVERETT","US","LAWRS"
"2026/02/19","02022.","A","ATCT","CA","PAO","PALO ALTO","US","LAWRS"
"2026/02/19","03555.","A","ATCT-TRACON","FL","PBI","WEST PALM BEACH","US","ARTS-II"
"2026/02/19","03555.","A","ATCT-TRACON","FL","PBI","WEST PALM BEACH","US","CLASS C"
"2026/02/19","03555.","A","ATCT-TRACON","FL","PBI","WEST PALM BEACH","US","CPDLC (LOGON KUSA)"
"2026/02/19","03555.","A","ATCT-TRACON","FL","PBI","WEST PALM BEACH","US","LLWAS"
"2026/02/19","03555.","A","ATCT-TRACON","FL","PBI","WEST PALM BEACH","US","PDC"
"2026/02/19","03555.","A","ATCT-TRACON","FL","PBI","WEST PALM BEACH","US","TDWR"
"2026/02/19","03643.","A","ATCT","GA","PDK","ATLANTA","US","LAWRS"
"2026/02/19","19562.","A","ATCT","OR","PDT","PENDLETON","US","GEG APCH/DEP CTL SVC AVAILABLE FM 1400Z-0600Z++ (0600 LCL-2200 LCL++)."
"2026/02/19","19571.","A","ATCT","OR","PDX","PORTLAND","US","ARTS-IIIA"
"2026/02/19","19571.","A","ATCT","OR","PDX","PORTLAND","US","CLASS C"
"2026/02/19","19571.","A","ATCT","OR","PDX","PORTLAND","US","CONFLICT ALERT"
"2026/02/19","19571.","A","ATCT","OR","PDX","PORTLAND","US","CPDLC (LOGON KUSA)"
"2026/02/19","19571.","A","ATCT","OR","PDX","PORTLAND","US","MSAW"
"2026/02/19","19571.","A","ATCT","OR","PDX","PORTLAND","US","PDC"
"2026/02/19","19571.","A","ATCT","OR","PDX","PORTLAND","US","WSP"
"2026/02/19","21217.","A","ATCT-TRACON","PA","PHL","PHILADELPHIA","US","ARTS-III"
"2026/02/19","21217.","A","ATCT-TRACON","PA","PHL","PHILADELPHIA","US","CLASS B"
"2026/02/19","21217.","A","ATCT-TRACON","PA","PHL","PHILADELPHIA","US","CONFLICT ALERT"
"2026/02/19","21217.","A","ATCT-TRACON","PA","PHL","PHILADELPHIA","US","CPDLC (LOGON KUSA)"
"2026/02/19","21217.","A","ATCT-TRACON","PA","PHL","PHILADELPHIA","US","LLWAS"
"2026/02/19","21217.","A","ATCT-TRACON","PA","PHL","PHILADELPHIA","US","MSAW"
"2026/02/19","21217.","A","ATCT-TRACON","PA","PHL","PHILADELPHIA","US","PDC"
"2026/02/19","21217.","A","ATCT-TRACON","PA","PHL","PHILADELPHIA","US","TDWR"
"2026/02/19","00754.","A","ATCT","AZ","PHX","PHOENIX","US","CLASS B"
"2026/02/19","00754.","A","ATCT","AZ","PHX","PHOENIX","US","CPDLC (LOGON KUSA)"
"2026/02/19","00754.","A","ATCT","AZ","PHX","PHOENIX","US","PDC"
"2026/02/19","00754.","A","ATCT","AZ","PHX","PHOENIX","US","TDWR"
"2026/02/19","04938.","A","ATCT","IL","PIA","PEORIA","US","CLASS C"
"2026/02/19","04938.","A","ATCT","IL","PIA","PEORIA","US","LLWAS"
"2026/02/19","11255.1","A","NON-ATCT","MS","PIB","HATTIESBURG-LAUREL","US","LAWRS"
"2026/02/19","21252.","A","ATCT-TRACON","PA","PIT","PITTSBURGH","US","ARTS-III"
"2026/02/19","21252.","A","ATCT-TRACON","PA","PIT","PITTSBURGH","US","CLASS B"
"2026/02/19","21252.","A","ATCT-TRACON","PA","PIT","PITTSBURGH","US","CONFLICT ALERT"
"2026/02/19","21252.","A","ATCT-TRACON","PA","PIT","PITTSBURGH","US","CPDLC (LOGON KUSA)"
"2026/02/19","21252.","A","ATCT-TRACON","PA","PIT","PITTSBURGH","US","MSAW"
"2026/02/19","21252.","A","ATCT-TRACON","PA","PIT","PITTSBURGH","US","PDC"
"2026/02/19","21252.","A","ATCT-TRACON","PA","PIT","PITTSBURGH","US","TDWR"
"2026/02/19","02013.","A","ATCT","CA","PMD","PALMDALE","US","BASIC RADAR CTC JOSHUA APCH CTL 20 NM OUT."
"2026/02/19","03451.","A","ATCT","FL","PMP","POMPANO BEACH","US","LAWRS"
"2026/02/19","03435.","A","ATCT","FL","PNS","PENSACOLA","US","ARTS-II"
"2026/02/19","03435.","A","ATCT","FL","PNS","PENSACOLA","US","CLASS C"
"2026/02/19","03435.","A","ATCT","FL","PNS","PENSACOLA","US","LAWRS"
"2026/02/19","03435.","A","ATCT","FL","PNS","PENSACOLA","US","LLWAS"
"2026/02/19","16723.03","A","ATCT","NC","POB","FAYETTEVILLE","US","CLASS C"
"2026/02/19","01757.","A","ATCT","CA","POC","LA VERNE","US","LAWRS"
"2026/02/19","15989.2","A","ATCT","NY","POU","POUGHKEEPSIE","US","LAWRS"
"2026/02/19","26345.","A","ATCT","WA","PSC","PASCO","US","GEG APCH/DEP CTL SVC AVAILABLE FM 1400Z-0600Z++ (0600 LCL-2200 LCL++)."
"2026/02/19","26345.","A","ATCT","WA","PSC","PASCO","US","LAWRS"
"2026/02/19","26345.","A","ATCT","WA","PSC","PASCO","US","SAWRS"
"2026/02/19","02017.","A","ATCT","CA","PSP","PALM SPRINGS","US","ARTS-II"
"2026/02/19","02017.","A","ATCT","CA","PSP","PALM SPRINGS","US","LAWRS"
"2026/02/19","02017.","A","ATCT","CA","PSP","PALM SPRINGS","US","TRSA CTC APCH CTL 15 NM OUT"
"2026/02/19","02709.","A","ATCT","CO","PUB","PUEBLO","US","ARTS-II"
"2026/02/19","02709.","A","ATCT","CO","PUB","PUEBLO","US","BASIC RADAR SVC"
"2026/02/19","22024.","A","ATCT-TRACON","RI","PVD","PROVIDENCE","US","CLASS C"
"2026/02/19","22024.","A","ATCT-TRACON","RI","PVD","PROVIDENCE","US","LLWAS"
"2026/02/19","22024.","A","ATCT-TRACON","RI","PVD","PROVIDENCE","US","PDC"
"2026/02/19","25269.","A","ATCT","UT","PVU","PROVO","US","LAWRS"
"2026/02/19","24976.7","A","NON-ATCT","TX","PWG","WACO","US","VFR ADSY"
"2026/02/19","08215.","A","ATCT-TRACON","ME","PWM","PORTLAND","US","ARTS-II"
"2026/02/19","08215.","A","ATCT-TRACON","ME","PWM","PORTLAND","US","CLASS C"
"2026/02/19","02112.","A","ATCT","CA","RAL","RIVERSIDE","US","LAWRS"
"2026/02/19","22776.","A","ATCT","SD","RAP","RAPID CITY","US","BASIC RADAR SVC CTC APCH CTL ON FREQ 119.5."
"2026/02/19","23710.2","A","ATCT","TX","RBD","DALLAS","US","LAWRS"
"2026/02/19","22774.","A","ATCT-RAPCON","SD","RCA","RAPID CITY","US","BASIC RADAR SVC 25 NM OUT."
"2026/02/19","21329.","A","ATCT","PA","RDG","READING","US","ARTS-II"
"2026/02/19","21329.","A","ATCT","PA","RDG","READING","US","BASIC RADAR CTC APCH CTL."
"2026/02/19","17349.13","A","ATCT-RAPCON","ND","RDR","GRAND FORKS","US","BASIC RADAR SVC CTC APCH CTL 25 NM OUT; BLO 10000."
"2026/02/19","17035.","A","ATCT-TRACON","NC","RDU","RALEIGH/DURHAM","US","ARTS-III"
"2026/02/19","17035.","A","ATCT-TRACON","NC","RDU","RALEIGH/DURHAM","US","CLASS C"
"2026/02/19","17035.","A","ATCT-TRACON","NC","RDU","RALEIGH/DURHAM","US","CONFLICT ALERT"
"2026/02/19","17035.","A","ATCT-TRACON","NC","RDU","RALEIGH/DURHAM","US","CPDLC (LOGON KUSA)"
"2026/02/19","17035.","A","ATCT-TRACON","NC","RDU","RALEIGH/DURHAM","US","LLWAS"
"2026/02/19","17035.","A","ATCT-TRACON","NC","RDU","RALEIGH/DURHAM","US","MSAW"
"2026/02/19","17035.","A","ATCT-TRACON","NC","RDU","RALEIGH/DURHAM","US","PDC"
"2026/02/19","17035.","A","ATCT-TRACON","NC","RDU","RALEIGH/DURHAM","US","TDWR"
"2026/02/19","04974.","A","ATCT-TRACON","IL","RFD","CHICAGO/ROCKFORD","US","ARTS-II"
"2026/02/19","04974.","A","ATCT-TRACON","IL","RFD","CHICAGO/ROCKFORD","US","TRSA CTC APCH CTL"
"2026/02/19","02203.","A","ATCT","CA","RHV","SAN JOSE","US","LAWRS"
"2026/02/19","25977.","A","ATCT","VA","RIC","RICHMOND","US","ARTS-II"
"2026/02/19","25977.","A","ATCT","VA","RIC","RICHMOND","US","CLASS C"
"2026/02/19","25977.","A","ATCT","VA","RIC","RICHMOND","US","WSP"
"2026/02/19","02115.","A","ATCT-RAPCON","CA","RIV","RIVERSIDE","US","CLASS C"
"2026/02/19","27878.","A","NON-ATCT","WY","RKS","ROCK SPRINGS","US","SAWRS"
"2026/02/19","26386.1","A","NON-ATCT","WA","RLD","RICHLAND","US","GEG APCH/DEP CTL SVC AVAILABLE FM 1400Z-0600Z++ (0600 LCL-2200 LCL++)."
"2026/02/19","16040.","A","ATCT","NY","RME","ROME","US","ARTS-II"
"2026/02/19","13123.","A","ATCT","NV","RNO","RENO","US","ARTS-II"
"2026/02/19","13123.","A","ATCT","NV","RNO","RENO","US","CLASS C"
"2026/02/19","13123.","A","ATCT","NV","RNO","RENO","US","CLASS C INFO ON ATIS"
"2026/02/19","13123.","A","ATCT","NV","RNO","RENO","US","CPDLC (LOGON KUSA)"
"2026/02/19","13123.","A","ATCT","NV","RNO","RENO","US","PDC"
"2026/02/19","26381.","A","ATCT","WA","RNT","RENTON","US","LAWRS"
"2026/02/19","25986.","A","ATCT-TRACON","VA","ROA","ROANOKE","US","ARTS-II"
"2026/02/19","25986.","A","ATCT-TRACON","VA","ROA","ROANOKE","US","CLASS C"
"2026/02/19","25986.","A","ATCT-TRACON","VA","ROA","ROANOKE","US","LLWAS"
"2026/02/19","16034.","A","ATCT-TRACON","NY","ROC","ROCHESTER","US","ARTS-III"
"2026/02/19","16034.","A","ATCT-TRACON","NY","ROC","ROCHESTER","US","CLASS C"
"2026/02/19","16034.","A","ATCT-TRACON","NY","ROC","ROCHESTER","US","CONFLICT ALERT"
"2026/02/19","16034.","A","ATCT-TRACON","NY","ROC","ROCHESTER","US","MSAW"
"2026/02/19","16034.","A","ATCT-TRACON","NY","ROC","ROCHESTER","US","WSP"
"2026/02/19","01156.","A","ATCT","AR","ROG","ROGERS","US","LAWRS"
"2026/02/19","10950.1","A","ATCT-TRACON","MN","RST","ROCHESTER","US","BASIC RADAR SVC CTC APCH CTL WITHIN 20 NM."
"2026/02/19","10950.1","A","ATCT-TRACON","MN","RST","ROCHESTER","US","LLWAS"
"2026/02/19","03198.2","A","ATCT-TRACON","FL","RSW","FORT MYERS","US","ARTS-II"
"2026/02/19","03198.2","A","ATCT-TRACON","FL","RSW","FORT MYERS","US","CLASS C"
"2026/02/19","03198.2","A","ATCT-TRACON","FL","RSW","FORT MYERS","US","CPDLC (LOGON KUSA)"
"2026/02/19","03198.2","A","ATCT-TRACON","FL","RSW","FORT MYERS","US","LLWAS"
"2026/02/19","03198.2","A","ATCT-TRACON","FL","RSW","FORT MYERS","US","PDC"
"2026/02/19","19279.1","A","ATCT","OK","RVS","TULSA","US","BASIC RADAR SVC CTC APCH CTL."
"2026/02/19","19279.1","A","ATCT","OK","RVS","TULSA","US","LAWRS"
"2026/02/19","03642.","A","ATCT","GA","RYY","ATLANTA","US","LAWRS"
"2026/02/19","17724.3","A","NON-ATCT","OH","RZT","CHILLICOTHE","US","SAWRS AVBL 0800-1800 & UPON REQUEST CALL 740-773-4788."
"2026/02/19","","","TRACON","WA","S46","SEATTLE/TACOMA","US","CLASS B"
"2026/02/19","","","TRACON","WA","S46","SEATTLE/TACOMA","US","CONFLICT ALERT"
"2026/02/19","","","TRACON","WA","S46","SEATTLE/TACOMA","US","MSAW"
"2026/02/19","","","TRACON","WA","S46","SEATTLE/TACOMA","US","STARS"
"2026/02/19","","","TRACON","WA","S46","SEATTLE/TACOMA","US","WSP"
"2026/02/19","02170.","A","ATCT","CA","SAN","SAN DIEGO","US","CLASS B"
"2026/02/19","02170.","A","ATCT","CA","SAN","SAN DIEGO","US","CPDLC (LOGON KUSA)"
"2026/02/19","02170.","A","ATCT","CA","SAN","SAN DIEGO","US","PDC"
"2026/02/19","24709.","A","ATCT-TRACON","TX","SAT","SAN ANTONIO","US","ARTS-IIIA"
"2026/02/19","24709.","A","ATCT-TRACON","TX","SAT","SAN ANTONIO","US","CLASS C"
"2026/02/19","24709.","A","ATCT-TRACON","TX","SAT","SAN ANTONIO","US","CONFLICT ALERT"
"2026/02/19","24709.","A","ATCT-TRACON","TX","SAT","SAN ANTONIO","US","CPDLC (LOGON KUSA)"
"2026/02/19","24709.","A","ATCT-TRACON","TX","SAT","SAN ANTONIO","US","MSAW"
"2026/02/19","24709.","A","ATCT-TRACON","TX","SAT","SAN ANTONIO","US","PDC"
"2026/02/19","24709.","A","ATCT-TRACON","TX","SAT","SAN ANTONIO","US","WSP"
"2026/02/19","03992.","A","ATCT-TRACON","GA","SAV","SAVANNAH","US","ARTS-II"
"2026/02/19","03992.","A","ATCT-TRACON","GA","SAV","SAVANNAH","US","CLASS C"
"2026/02/19","03992.","A","ATCT-TRACON","GA","SAV","SAVANNAH","US","LAWRS"
"2026/02/19","03992.","A","ATCT-TRACON","GA","SAV","SAVANNAH","US","LLWAS"
"2026/02/19","02235.","A","ATCT-TRACON","CA","SBA","SANTA BARBARA","US","ARTS-II"
"2026/02/19","02235.","A","ATCT-TRACON","CA","SBA","SANTA BARBARA","US","CLASS C"
"2026/02/19","02154.","A","ATCT","CA","SBD","SAN BERNARDINO","US","CLASS C"
"2026/02/19","05661.","A","ATCT-TRACON","IN","SBN","SOUTH BEND","US","ARTS-II"
"2026/02/19","05661.","A","ATCT-TRACON","IN","SBN","SOUTH BEND","US","CLASS C"
"2026/02/19","02211.","A","ATCT","CA","SBP","SAN LUIS OBISPO","US","LAWRS"
"2026/02/19","02314.","A","ATCT","CA","SCK","STOCKTON","US","LAWRS"
"2026/02/19","","","TRACON","CA","SCT","SAN DIEGO","US","ARTS-III"
"2026/02/19","","","TRACON","CA","SCT","SAN DIEGO","US","CONFLICT ALERT"
"2026/02/19","","","TRACON","CA","SCT","SAN DIEGO","US","LLWAS"
"2026/02/19","","","TRACON","CA","SCT","SAN DIEGO","US","MSAW"
"2026/02/19","","","TRACON","CA","SCT","SAN DIEGO","US","TCA/CLASSB"
"2026/02/19","07243.","A","ATCT-TRACON","KY","SDF","LOUISVILLE","US","ARTS-IIIA"
"2026/02/19","07243.","A","ATCT-TRACON","KY","SDF","LOUISVILLE","US","CLASS C"
"2026/02/19","07243.","A","ATCT-TRACON","KY","SDF","LOUISVILLE","US","CONFLICT ALERT"
"2026/02/19","07243.","A","ATCT-TRACON","KY","SDF","LOUISVILLE","US","CPDLC (LOGON KUSA)"
"2026/02/19","07243.","A","ATCT-TRACON","KY","SDF","LOUISVILLE","US","LLWAS"
"2026/02/19","07243.","A","ATCT-TRACON","KY","SDF","LOUISVILLE","US","MSAW"
"2026/02/19","07243.","A","ATCT-TRACON","KY","SDF","LOUISVILLE","US","PDC"
"2026/02/19","07243.","A","ATCT-TRACON","KY","SDF","LOUISVILLE","US","TDWR"
"2026/02/19","00788.","A","ATCT","AZ","SDL","SCOTTSDALE","US","LAWRS"
"2026/02/19","26395.","A","ATCT","WA","SEA","SEATTLE","US","CLASS B"
"2026/02/19","26395.","A","ATCT","WA","SEA","SEATTLE","US","CONFLICT ALERT"
"2026/02/19","26395.","A","ATCT","WA","SEA","SEATTLE","US","CPDLC (LOGON KUSA)"
"2026/02/19","26395.","A","ATCT","WA","SEA","SEATTLE","US","MSAW"
"2026/02/19","26395.","A","ATCT","WA","SEA","SEATTLE","US","PDC"
"2026/02/19","26395.","A","ATCT","WA","SEA","SEATTLE","US","STARS"
"2026/02/19","26395.","A","ATCT","WA","SEA","SEATTLE","US","WSP"
"2026/02/19","02165.","A","ATCT","CA","SEE","SAN DIEGO/EL CAJON","US","LAWRS"
"2026/02/19","03407.1","A","ATCT","FL","SFB","ORLANDO","US","LAWRS"
"2026/02/19","02187.","A","ATCT","CA","SFO","SAN FRANCISCO","US","CLASS B"
"2026/02/19","02187.","A","ATCT","CA","SFO","SAN FRANCISCO","US","CPDLC (LOGON KUSA)"
"2026/02/19","02187.","A","ATCT","CA","SFO","SAN FRANCISCO","US","LLWAS"
"2026/02/19","02187.","A","ATCT","CA","SFO","SAN FRANCISCO","US","PDC"
"2026/02/19","12138.","A","ATCT-TRACON","MO","SGF","SPRINGFIELD","US","ARTS-II"
"2026/02/19","12138.","A","ATCT-TRACON","MO","SGF","SPRINGFIELD","US","BASIC RADAR CONTACT APCH CTL 25 MI OUT ON SECTORIZED FREQ"
"2026/02/19","27882.","A","NON-ATCT","WY","SHR","SHERIDAN","US","SAWRS 0400-2300"
"2026/02/19","07735.","A","ATCT","LA","SHV","SHREVEPORT","US","CLASS C"
"2026/02/19","07735.","A","ATCT","LA","SHV","SHREVEPORT","US","LLWAS"
"2026/02/19","53180.","A","ATCT","PR","SIG","SAN JUAN","US","LAWRS"
"2026/02/19","02204.","A","ATCT","CA","SJC","SAN JOSE","US","CLASS C"
"2026/02/19","02204.","A","ATCT","CA","SJC","SAN JOSE","US","CPDLC (LOGON KUSA)"
"2026/02/19","02204.","A","ATCT","CA","SJC","SAN JOSE","US","LAWRS"
"2026/02/19","02204.","A","ATCT","CA","SJC","SAN JOSE","US","PDC"
"2026/02/19","53180.1","A","ATCT-A/C","PR","SJU","SAN JUAN","US","ARTS-III"
"2026/02/19","53180.1","A","ATCT-A/C","PR","SJU","SAN JUAN","US","CLASS C"
"2026/02/19","53180.1","A","ATCT-A/C","PR","SJU","SAN JUAN","US","CONFLICT ALERT"
"2026/02/19","53180.1","A","ATCT-A/C","PR","SJU","SAN JUAN","US","CPDLC (LOGON KUSA)"
"2026/02/19","53180.1","A","ATCT-A/C","PR","SJU","SAN JUAN","US","LLWAS"
"2026/02/19","53180.1","A","ATCT-A/C","PR","SJU","SAN JUAN","US","MSAW"
"2026/02/19","53180.1","A","ATCT-A/C","PR","SJU","SAN JUAN","US","PDC"
"2026/02/19","53180.1","A","ATCT-A/C","PR","SJU","SAN JUAN","US","TDWR"
"2026/02/19","26419.","A","ATCT","WA","SKA","SPOKANE","US","CLASS C"
"2026/02/19","25289.","A","ATCT","UT","SLC","SALT LAKE CITY","US","ARTS-IIIA"
"2026/02/19","25289.","A","ATCT","UT","SLC","SALT LAKE CITY","US","CLASS B"
"2026/02/19","25289.","A","ATCT","UT","SLC","SALT LAKE CITY","US","CONFLICT ALERT"
"2026/02/19","25289.","A","ATCT","UT","SLC","SALT LAKE CITY","US","CPDLC (LOGON KUSA)"
"2026/02/19","25289.","A","ATCT","UT","SLC","SALT LAKE CITY","US","MSAW"
"2026/02/19","25289.","A","ATCT","UT","SLC","SALT LAKE CITY","US","PDC"
"2026/02/19","25289.","A","ATCT","UT","SLC","SALT LAKE CITY","US","TDWR"
"2026/02/19","06878.","A","ATCT","KS","SLN","SALINA","US","LAWRS 1300-2300"
"2026/02/19","02124.2","A","ATCT","CA","SMF","SACRAMENTO","US","CPDLC (LOGON KUSA)"
"2026/02/19","02124.2","A","ATCT","CA","SMF","SACRAMENTO","US","PDC"
"2026/02/19","02253.","A","ATCT","CA","SMO","SANTA MONICA","US","LAWRS"
"2026/02/19","02230.","A","ATCT","CA","SNA","SANTA ANA","US","CLASS C"
"2026/02/19","02230.","A","ATCT","CA","SNA","SANTA ANA","US","CPDLC (LOGON KUSA)"
"2026/02/19","02230.","A","ATCT","CA","SNA","SANTA ANA","US","LAWRS (0600-2300)"
"2026/02/19","02230.","A","ATCT","CA","SNA","SANTA ANA","US","PDC"
"2026/02/19","02137.","A","ATCT","CA","SNS","SALINAS","US","LAWRS"
"2026/02/19","03474.","A","ATCT","FL","SPG","ST PETERSBURG","US","LAWRS"
"2026/02/19","05008.","A","ATCT","IL","SPI","SPRINGFIELD","US","ARTS-II"
"2026/02/19","05008.","A","ATCT","IL","SPI","SPRINGFIELD","US","CLASS C"
"2026/02/19","05008.","A","ATCT","IL","SPI","SPRINGFIELD","US","LLWAS"
"2026/02/19","25029.","A","ATCT-RAPCON","TX","SPS","WICHITA FALLS","US","BASIC RADAR CTC APCH CTL WITHIN 25 NM."
"2026/02/19","02160.1","A","ATCT","CA","SQL","SAN CARLOS","US","LAWRS"
"2026/02/19","03484.","A","ATCT","FL","SRQ","SARASOTA/BRADENTON","US","LAWRS"
"2026/02/19","03484.","A","ATCT","FL","SRQ","SARASOTA/BRADENTON","US","LLWAS"
"2026/02/19","03484.","A","ATCT","FL","SRQ","SARASOTA/BRADENTON","US","WSP"
"2026/02/19","22538.","A","ATCT-RAPCON","SC","SSC","SUMTER","US","CLASS C"
"2026/02/19","24708.","A","ATCT","TX","SSF","SAN ANTONIO","US","LAWRS"
"2026/02/19","12074.","A","ATCT-RAPCON","MO","STJ","ST JOSEPH","US","LAWRS"
"2026/02/19","12077.","A","ATCT","MO","STL","ST LOUIS","US","ARTS-III"
"2026/02/19","12077.","A","ATCT","MO","STL","ST LOUIS","US","CLASS B"
"2026/02/19","12077.","A","ATCT","MO","STL","ST LOUIS","US","CONFLICT ALERT"
"2026/02/19","12077.","A","ATCT","MO","STL","ST LOUIS","US","CPDLC (LOGON KUSA)"
"2026/02/19","12077.","A","ATCT","MO","STL","ST LOUIS","US","LAWRS"
"2026/02/19","12077.","A","ATCT","MO","STL","ST LOUIS","US","LLWAS"
"2026/02/19","12077.","A","ATCT","MO","STL","ST LOUIS","US","MSAW"
"2026/02/19","12077.","A","ATCT","MO","STL","ST LOUIS","US","PDC"
"2026/02/19","12077.","A","ATCT","MO","STL","ST LOUIS","US","TDWR"
"2026/02/19","10974.","A","ATCT","MN","STP","ST PAUL","US","LAWRS"
"2026/02/19","55027.","A","ATCT","VI","STT","CHARLOTTE AMALIE","US","CLASS C"
"2026/02/19","55027.","A","ATCT","VI","STT","CHARLOTTE AMALIE","US","LAWRS"
"2026/02/19","55030.","A","ATCT","VI","STX","CHRISTIANSTED","US","LAWRS"
"2026/02/19","04206.","A","ATCT","ID","SUN","HAILEY","US","LAWRS"
"2026/02/19","12082.5","A","ATCT","MO","SUS","ST LOUIS","US","LAWRS 0600-2300"
"2026/02/19","01565.1","A","ATCT-RAPCON","CA","SUU","FAIRFIELD","US","BASIC RADAR CTC APCH CTL."
"2026/02/19","06341.","A","ATCT-TRACON","IA","SUX","SIOUX CITY","US","BASIC RADAR SVC CTC APCH CTL WITHIN 25 NM."
"2026/02/19","06341.","A","ATCT-TRACON","IA","SUX","SIOUX CITY","US","LAWRS"
"2026/02/19","06341.","A","ATCT-TRACON","IA","SUX","SIOUX CITY","US","LLWAS"
"2026/02/19","16269.","A","ATCT-TRACON","NY","SYR","SYRACUSE","US","ARTS-III"
"2026/02/19","16269.","A","ATCT-TRACON","NY","SYR","SYRACUSE","US","CLASS C"
"2026/02/19","16269.","A","ATCT-TRACON","NY","SYR","SYRACUSE","US","CONFLICT ALERT"
"2026/02/19","16269.","A","ATCT-TRACON","NY","SYR","SYRACUSE","US","MSAW"
"2026/02/19","16269.","A","ATCT-TRACON","NY","SYR","SYRACUSE","US","WSP"
"2026/02/19","26432.","A","ATCT","WA","TCM","TACOMA","US","ARTS-II"
"2026/02/19","02359.","A","NON-ATCT","CA","TCY","TRACY","US","RADAR VECTORING"
"2026/02/19","14349.","A","ATCT","NJ","TEB","TETERBORO","US","CPDLC (LOGON KUSA)"
"2026/02/19","14349.","A","ATCT","NJ","TEB","TETERBORO","US","PDC"
"2026/02/19","19135.","A","ATCT","OK","TIK","OKLAHOMA CITY","US","CLASS C"
"2026/02/19","26434.4","A","ATCT","WA","TIW","TACOMA","US","LAWRS"
"2026/02/19","03509.1","A","ATCT-TRACON","FL","TLH","TALLAHASSEE","US","ARTS-II"
"2026/02/19","03509.1","A","ATCT-TRACON","FL","TLH","TALLAHASSEE","US","CLASS C"
"2026/02/19","03509.1","A","ATCT-TRACON","FL","TLH","TALLAHASSEE","US","LLWAS"
"2026/02/19","02356.1","A","ATCT","CA","TOA","TORRANCE","US","LAWRS"
"2026/02/19","18577.","A","ATCT-TRACON","OH","TOL","TOLEDO","US","ARTS-II"
"2026/02/19","18577.","A","ATCT-TRACON","OH","TOL","TOLEDO","US","CLASS C"
"2026/02/19","18577.","A","ATCT-TRACON","OH","TOL","TOLEDO","US","WSP"
"2026/02/19","06931.","A","ATCT","KS","TOP","TOPEKA","US","LAWRS 0700-1900"
"2026/02/19","03513.","A","ATCT-TRACON","FL","TPA","TAMPA","US","ARTS-IIIA"
"2026/02/19","03513.","A","ATCT-TRACON","FL","TPA","TAMPA","US","CLASS B"
"2026/02/19","03513.","A","ATCT-TRACON","FL","TPA","TAMPA","US","CONFLICT ALERT"
"2026/02/19","03513.","A","ATCT-TRACON","FL","TPA","TAMPA","US","CPDLC (LOGON KUSA)"
"2026/02/19","03513.","A","ATCT-TRACON","FL","TPA","TAMPA","US","LLWAS"
"2026/02/19","03513.","A","ATCT-TRACON","FL","TPA","TAMPA","US","MSAW"
"2026/02/19","03513.","A","ATCT-TRACON","FL","TPA","TAMPA","US","PDC"
"2026/02/19","03513.","A","ATCT-TRACON","FL","TPA","TAMPA","US","TDWR"
"2026/02/19","06886.","A","NON-ATCT","KS","TQK","SCOTT CITY","US","SAWRS"
"2026/02/19","22884.","A","ATCT-TRACON","TN","TRI","BRISTOL/JOHNSON/KINGSPORT","US","ARTS-II"
"2026/02/19","22884.","A","ATCT-TRACON","TN","TRI","BRISTOL/JOHNSON/KINGSPORT","US","LLWAS"
"2026/02/19","22884.","A","ATCT-TRACON","TN","TRI","BRISTOL/JOHNSON/KINGSPORT","US","TRSA CTC APCH CTL"
"2026/02/19","14366.","A","ATCT","NJ","TTN","TRENTON","US","LAWRS"
"2026/02/19","19283.","A","ATCT-TRACON","OK","TUL","TULSA","US","ARTS-IIIA"
"2026/02/19","19283.","A","ATCT-TRACON","OK","TUL","TULSA","US","CLASS C"
"2026/02/19","19283.","A","ATCT-TRACON","OK","TUL","TULSA","US","CONFLICT ALERT"
"2026/02/19","19283.","A","ATCT-TRACON","OK","TUL","TULSA","US","LLWAS"
"2026/02/19","19283.","A","ATCT-TRACON","OK","TUL","TULSA","US","MSAW"
"2026/02/19","19283.","A","ATCT-TRACON","OK","TUL","TULSA","US","PDC"
"2026/02/19","19283.","A","ATCT-TRACON","OK","TUL","TULSA","US","TDWR"
"2026/02/19","00816.","A","ATCT","AZ","TUS","TUCSON","US","CLASS C"
"2026/02/19","02303.7","A","NON-ATCT","CA","TVL","SOUTH LAKE TAHOE","US","LAWRS"
"2026/02/19","04344.1","A","ATCT-A/C","ID","TWF","TWIN FALLS","US"," SAWRS/WSO/AG."
"2026/02/19","24947.","A","ATCT","TX","TYR","TYLER","US","LAWRS"
"2026/02/19","23046.","A","ATCT-TRACON","TN","TYS","KNOXVILLE","US","ARTS-II"
"2026/02/19","23046.","A","ATCT-TRACON","TN","TYS","KNOXVILLE","US","CLASS C"
"2026/02/19","23046.","A","ATCT-TRACON","TN","TYS","KNOXVILLE","US","LLWAS"
"2026/02/19","23046.","A","ATCT-TRACON","TN","TYS","KNOXVILLE","US","WSP"
"2026/02/19","51510.2","A","ATCT","GU","UAM","YIGO","US","ARTS-II"
"2026/02/19","51510.2","A","ATCT","GU","UAM","YIGO","US","TRSA CTC APCH CTL 25 NM OUT"
"2026/02/19","19356.","A","ATCT","OR","UAO","AURORA","US","LAWRS"
"2026/02/19","21545.1","A","ATCT","PA","UNV","STATE COLLEGE","US","SAWRS"
"2026/02/19","04072.","A","ATCT-A/C","GA","VAD","VALDOSTA","US","BASIC RADAR CTC APCH CTL 20 NM OUT."
"2026/02/19","01788.1","A","ATCT","CA","VBG","LOMPOC","US","BASIC RADAR CTC APCH CTL WITHIN 25 NM."
"2026/02/19","13082.","A","ATCT","NV","VGT","LAS VEGAS","US","LAWRS"
"2026/02/19","02413.","A","NON-ATCT","CA","VIS","VISALIA","US","RADAR VECTORING"
"2026/02/19","02396.","A","ATCT","CA","VNY","VAN NUYS","US","CPDLC (LOGON KUSA)"
"2026/02/19","02396.","A","ATCT","CA","VNY","VAN NUYS","US","LAWRS"
"2026/02/19","02396.","A","ATCT","CA","VNY","VAN NUYS","US","PDC"
"2026/02/19","18953.","A","ATCT","OK","WDG","ENID","US","LAWRS"
"2026/02/19","04088.","A","ATCT","GA","WRB","WARNER ROBINS","US","ARTS-II"
"2026/02/19","04088.","A","ATCT","GA","WRB","WARNER ROBINS","US","TRSA CTC APCH CTL 20 NM OUT"
"2026/02/19","14484.","A","ATCT-RAPCON","NJ","WRI","WRIGHTSTOWN","US","BASIC RADAR SVC AVBL 25 NM RADIUS TO 5000 FT."
"2026/02/19","14484.","A","ATCT-RAPCON","NJ","WRI","WRIGHTSTOWN","US","COMMAND POST AVBL WITHIN 75 NM FOR USE BY MILITARY ACFT AND COMMERCIAL CONTRACT CARRIERS ONLY."
"2026/02/19","09750.","A","ATCT","MI","YIP","DETROIT","US","LAWRS"
"2026/02/19","26480.","A","ATCT","WA","YKM","YAKIMA","US","GEG APCH/DEP CTL SVC AVAILABLE FM 1400Z-0600Z++ (0600 LCL-2200 LCL++)."
"2026/02/19","18753.","A","ATCT-TRACON","OH","YNG","YOUNGSTOWN/WARREN","US","TRSA CTC APCH CTL WITHIN 20 NM"
"2026/02/19","","","ARTCC","NM","ZAB","ALBUQUERQUE","US","CPDLC (LOGON KUSA)"
"2026/02/19","","","ARTCC","IL","ZAU","CHICAGO","US","CPDLC (LOGON KUSA)"
"2026/02/19","","","ARTCC","NH","ZBW","NASHUA","US","CPDLC (LOGON KUSA)"
"2026/02/19","","","ARTCC","DC","ZDC","WASHINGTON","US","CPDLC (LOGON KUSA)"
"2026/02/19","","","ARTCC","CO","ZDV","DENVER","US","CPDLC (LOGON KUSA)"
"2026/02/19","","","ARTCC","TX","ZFW","FORT WORTH","US","CPDLC (LOGON KUSA)"
"2026/02/19","","","ARTCC","TX","ZHU","HOUSTON","US","CPDLC (LOGON KUSA)"
"2026/02/19","","","ARTCC","IN","ZID","INDIANAPOLIS","US","CPDLC (LOGON KUSA)"
"2026/02/19","","","ARTCC","FL","ZJX","JACKSONVILLE","US","CPDLC (LOGON KUSA)"
"2026/02/19","","","ARTCC","KS","ZKC","OLATHE","US","CPDLC (LOGON KUSA)"
"2026/02/19","","","ARTCC","CA","ZLA","LOS ANGELES","US","CPDLC (LOGON KUSA)"
"2026/02/19","","","ARTCC","UT","ZLC","SALT LAKE CITY","US","CPDLC (LOGON KUSA)"
"2026/02/19","","","ARTCC","FL","ZMA","MIAMI","US","CPDLC (LOGON KUSA)"
"2026/02/19","","","ARTCC","TN","ZME","MEMPHIS","US","CPDLC (LOGON KUSA)"
"2026/02/19","","","ARTCC","MN","ZMP","MINNEAPOLIS","US","CPDLC (LOGON KUSA)"
"2026/02/19","","","ARTCC","NY","ZNY","NEW YORK","US","CPDLC (LOGON KUSA)"
"2026/02/19","","","ARTCC","CA","ZOA","OAKLAND","US","CPDLC (LOGON KUSA)"
"2026/02/19","","","ARTCC","OH","ZOB","CLEVELAND","US","CPDLC (LOGON KUSA)"
"2026/02/19","","","ARTCC","WA","ZSE","SEATTLE","US","CPDLC (LOGON KUSA)"
"2026/02/19","","","ARTCC","GA","ZTL","ATLANTA","US","CPDLC (LOGON KUSA)"
