"EFF_DATE","SITE_NO","SITE_TYPE_CODE","FACILITY_TYPE","STATE_CODE","FACILITY_ID","CITY","COUNTRY_CODE","ATIS_NO","DESCRIPTION","ATIS_HRS","ATIS_PHONE_NO"
"2026/02/19","00164.","A","ATCT-TRACON","AL","BHM","BIRMINGHAM","US",1,"","24",""
"2026/02/19","00267.","A","ATCT","AL","DHN","DOTHAN","US",1,"","24",""
"2026/02/19","00329.","A","ATCT-A/C","AL","OZR","FORT RUCKER","US",1,"","24",""
"2026/02/19","00329.01","H","ATCT","AL","HEY","FORT RUCKER","US",1,"","24",""
"2026/02/19","00329.03","H","ATCT","AL","LOR","FORT RUCKER","US",1,"","24",""
"2026/02/19","00359.7","A","ATCT","AL","JKA","GULF SHORES","US",1,"","24","251-968-7581"
"2026/02/19","00385.1","A","ATCT-TRACON","AL","HSV","HUNTSVILLE","US",1,"","24",""
"2026/02/19","00437.","A","ATCT","AL","BFM","MOBILE","US",1,"","24",""
"2026/02/19","00438.","A","ATCT-TRACON","AL","MOB","MOBILE","US",1,"","24",""
"2026/02/19","00446.","A","ATCT","AL","MXF","MONTGOMERY","US",1,"","1400-0400Z++ WKDAYS; 1600-0000Z++ WKENDS, CLSD FED HOLS.",""
"2026/02/19","00447.","A","ATCT-TRACON","AL","MGM","MONTGOMERY","US",1,"","24",""
"2026/02/19","00492.5","A","ATCT","AL","HUA","REDSTONE ARSNL HUNTSVILLE","US",1,"","SAME AS TWR","C256-842-0188/0165"
"2026/02/19","00492.5","A","ATCT","AL","HUA","REDSTONE ARSNL HUNTSVILLE","US",2,"","SAME AS TWR","DSN 788-0188/0165"
"2026/02/19","00546.","A","ATCT","AL","TOI","TROY","US",1,"","24",""
"2026/02/19","00640.5","A","ATCT","AZ","IFP","BULLHEAD CITY","US",2,"","24",""
"2026/02/19","00648.","A","ATCT","AZ","CHD","CHANDLER","US",1,"","24",""
"2026/02/19","00674.","A","ATCT","AZ","FLG","FLAGSTAFF","US",1,"","24",""
"2026/02/19","00682.","A","ATCT-A/C","AZ","FHU","FORT HUACHUCA SIERRA VISTA","US",1,"","24",""
"2026/02/19","00692.21","A","ATCT","AZ","GEU","GLENDALE","US",1,"","24",""
"2026/02/19","00692.25","A","ATCT-RAPCON","AZ","LUF","GLENDALE","US",1,"","OPR 1330Z-0530Z MON-THU, 1330Z-0130Z FRI, CLSD WEEKENDS, HOL, AND AETC FAMILY DAYS.",""
"2026/02/19","00696.71","A","ATCT","AZ","GYR","GOODYEAR","US",1,"","24",""
"2026/02/19","00700.1","A","ATCT","AZ","GCN","GRAND CANYON","US",1,"","24",""
"2026/02/19","00729.","A","ATCT","AZ","FFZ","MESA","US",1,"","24","480-641-9378"
"2026/02/19","00751.4","A","ATCT","AZ","DVT","PHOENIX","US",1,"","24",""
"2026/02/19","00753.","A","ATCT","AZ","IWA","PHOENIX","US",2,"","24
",""
"2026/02/19","00754.","A","ATCT","AZ","PHX","PHOENIX","US",1,"D-ATIS","24",""
"2026/02/19","00763.","A","ATCT","AZ","PRC","PRESCOTT","US",1,"","24",""
"2026/02/19","00788.","A","ATCT","AZ","SDL","SCOTTSDALE","US",2,"","24",""
"2026/02/19","00816.","A","ATCT","AZ","TUS","TUCSON","US",1,"","24","520-295-4089"
"2026/02/19","00817.","A","ATCT","AZ","DMA","TUCSON","US",1,"","1300-0530Z",""
"2026/02/19","00818.","A","ATCT","AZ","RYN","TUCSON","US",2,"","24","520-578-0269"
"2026/02/19","00841.","A","ATCT","AZ","NYL","YUMA","US",1,"","24 HRS",""
"2026/02/19","00841.2","A","ATCT","AZ","LGF","YUMA PROVING GROUND (YUMA)","US",1,"","24",""
"2026/02/19","00975.","A","ATCT","AR","FYV","FAYETTEVILLE","US",1,"","24",""
"2026/02/19","00975.01","A","ATCT","AR","XNA","FAYETTEVILLE/SPRINGDALE/ROGERS","US",1,"","24",""
"2026/02/19","00987.","A","ATCT-TRACON","AR","FSM","FORT SMITH","US",1,"","24",""
"2026/02/19","01028.21","A","ATCT","AR","LRF","JACKSONVILLE","US",1,"","1200-0500Z++ MON-FRI; 1500-2300Z++ SAT-SUN EXC HOL",""
"2026/02/19","01056.","A","ATCT-TRACON","AR","LIT","LITTLE ROCK","US",2,"D-ATIS","24","501-379-2915"
"2026/02/19","01188.","A","ATCT","AR","TXK","TEXARKANA","US",1,"","24",""
"2026/02/19","01291.","A","ATCT-TRACON","CA","BFL","BAKERSFIELD","US",1,"","24","661-399-9425"
"2026/02/19","01353.","A","ATCT","CA","BUR","BURBANK","US",1,"D-ATIS","24","818-843-6633"
"2026/02/19","01369.1","A","ATCT","CA","CMA","CAMARILLO","US",1,"","24","805-484-3351"
"2026/02/19","01376.1","A","ATCT","CA","CRQ","CARLSBAD","US",1,"","24","(760-438-2117)"
"2026/02/19","01395.","A","ATCT","CA","CIC","CHICO","US",1,"","24",""
"2026/02/19","01397.7","A","ATCT","CA","NID","CHINA LAKE","US",1,"","24",""
"2026/02/19","01398.","A","ATCT","CA","CNO","CHINO","US",1,"","24","909-664-0650"
"2026/02/19","01437.","A","ATCT","CA","CCR","CONCORD","US",1,"","24","925-685-4567"
"2026/02/19","01526.8","A","ATCT","CA","EDW","EDWARDS","US",1,"","1400-0600Z++",""
"2026/02/19","01530.","A","ATCT","CA","NJK","EL CENTRO","US",1,"","24",""
"2026/02/19","01539.","A","ATCT","CA","EMT","EL MONTE","US",1,"","24","626-444-1107"
"2026/02/19","01565.1","A","ATCT-RAPCON","CA","SUU","FAIRFIELD","US",2,"","24",""
"2026/02/19","01591.","A","ATCT-TRACON","CA","FAT","FRESNO","US",1,"","24","559-484-9845"
"2026/02/19","01593.","A","ATCT","CA","FUL","FULLERTON","US",1,"","24","714-870-6222"
"2026/02/19","01647.","A","ATCT","CA","HHR","HAWTHORNE","US",1,"","24","310-675-7945"
"2026/02/19","01651.","A","ATCT","CA","HWD","HAYWARD","US",1,"","24","510-786-3988"
"2026/02/19","01683.5","A","ATCT","CA","NRS","IMPERIAL BEACH","US",1,"","1600-0630Z MON-THU (1500-0600Z DT) AND 1600-0200Z++ FRI. CLSD FR 0200Z++ DAY PRIOR TIL 1600Z++ DAY FLW GOVT HOL.",""
"2026/02/19","01754.2","A","ATCT","CA","WJF","LANCASTER","US",1,"","24",""
"2026/02/19","01757.","A","ATCT","CA","POC","LA VERNE","US",1,"","24","909-962-5407"
"2026/02/19","01767.12","A","ATCT-RATCF","CA","NLC","LEMOORE","US",1,"","24",""
"2026/02/19","01779.2","A","ATCT","CA","LVK","LIVERMORE","US",1,"","24","(925) 447-9516"
"2026/02/19","01788.1","A","ATCT","CA","VBG","LOMPOC","US",2,"D-ATIS","24","DSN 275-2847"
"2026/02/19","01794.","A","ATCT","CA","LGB","LONG BEACH","US",1,"","24",""
"2026/02/19","01796.","A","ATCT","CA","SLI","LOS ALAMITOS","US",1,"","24",""
"2026/02/19","01818.","A","ATCT","CA","LAX","LOS ANGELES","US",1,"D-ATIS","24","310-646-2297"
"2026/02/19","01818.1","A","ATCT","CA","WHP","LOS ANGELES","US",1,"","24","818-899-9820"
"2026/02/19","01873.3","A","ATCT","CA","BAB","MARYSVILLE","US",1,"","OPER DURG WING OPER.",""
"2026/02/19","01886.3","A","ATCT","CA","MER","ATWATER","US",1,"","24",""
"2026/02/19","01896.","A","ATCT","CA","MOD","MODESTO","US",1,"","24",""
"2026/02/19","01914.","A","ATCT","CA","MRY","MONTEREY","US",1,"","24","831-643-6843"
"2026/02/19","01927.","A","ATCT","CA","NUQ","MOUNTAIN VIEW","US",1,"","24",""
"2026/02/19","01933.","A","ATCT","CA","APC","NAPA","US",2,"","24","(707) 255-2847"
"2026/02/19","01971.","A","ATCT","CA","OAK","OAKLAND","US",1,"D-ATIS","24","510-635-5850"
"2026/02/19","01972.","A","ATCT","CA","NFG","OCEANSIDE","US",1,"","1600-0100Z++ MON -THUR;  FRI,  1600-0100Z++.",""
"2026/02/19","01986.","A","ATCT","CA","ONT","ONTARIO","US",1,"D-ATIS","24","909-605-0056"
"2026/02/19","02001.","A","ATCT","CA","OXR","OXNARD","US",1,"","24","805-985-1758"
"2026/02/19","02013.","A","ATCT","CA","PMD","PALMDALE","US",1,"","24",""
"2026/02/19","02017.","A","ATCT","CA","PSP","PALM SPRINGS","US",1,"","24","760-327-2770"
"2026/02/19","02022.","A","ATCT","CA","PAO","PALO ALTO","US",1,"","24","(650-858-0606)"
"2026/02/19","02057.","A","ATCT-RATCF","CA","NTD","OXNARD","US",1,"","SAME AS TWR HRS.",""
"2026/02/19","02078.","A","ATCT","CA","RNM","RAMONA","US",1,"","24",""
"2026/02/19","02089.","A","ATCT","CA","RDD","REDDING","US",1,"","24",""
"2026/02/19","02112.","A","ATCT","CA","RAL","RIVERSIDE","US",1,"","24","951-688-7257"
"2026/02/19","02115.","A","ATCT-RAPCON","CA","RIV","RIVERSIDE","US",1,"","24",""
"2026/02/19","02124.2","A","ATCT","CA","SMF","SACRAMENTO","US",1,"D-ATIS","24","916-874-0679"
"2026/02/19","02126.","A","ATCT","CA","MHR","SACRAMENTO","US",1,"","24",""
"2026/02/19","02127.","A","ATCT","CA","SAC","SACRAMENTO","US",1,"","24","916-428-7066"
"2026/02/19","02137.","A","ATCT","CA","SNS","SALINAS","US",1,"","24",""
"2026/02/19","02154.","A","ATCT","CA","SBD","SAN BERNARDINO","US",2,"D-ATIS","24",""
"2026/02/19","02160.1","A","ATCT","CA","SQL","SAN CARLOS","US",1,"","24","650-593-0613"
"2026/02/19","02163.","A","ATCT-RATCF","CA","NUC","SAN CLEMENTE ISLAND","US",1,"","0800-1800 MON-THU; 0800-1600 FRI; CLSD WKEND & HOL",""
"2026/02/19","02165.","A","ATCT","CA","SEE","SAN DIEGO/EL CAJON","US",1,"","24","(619) 449-1228"
"2026/02/19","02166.","A","ATCT","CA","MYF","SAN DIEGO","US",1,"","24","858-277-3075"
"2026/02/19","02170.","A","ATCT","CA","SAN","SAN DIEGO","US",1,"D-ATIS","24","619-298-0997"
"2026/02/19","02177.","A","ATCT","CA","NKX","SAN DIEGO","US",1,"","24",""
"2026/02/19","02178.","A","ATCT","CA","NZY","SAN DIEGO","US",1,"","1430Z++ MON- 0600Z++ SAT; 1600Z++ SAT- 0600Z++ SUN; 1600Z++ SUN- 0600Z++ MON. CLSD 0200Z++ DAY PRIOR TO 1430Z++ DAY FOLLOWING ALL FEDERAL HOLIDAYS. SEE FLIP AP/1 SUPPLEMENTARY ARPT INFO.",""
"2026/02/19","02180.","A","ATCT","CA","SDM","SAN DIEGO","US",1,"","24","619-661-0152"
"2026/02/19","02187.","A","ATCT","CA","SFO","SAN FRANCISCO","US",1,"D-ATIS","24",""
"2026/02/19","02203.","A","ATCT","CA","RHV","SAN JOSE","US",1,"","24","408-923-7100"
"2026/02/19","02204.","A","ATCT","CA","SJC","SAN JOSE","US",1,"D-ATIS","24","408-980-8459"
"2026/02/19","02211.","A","ATCT","CA","SBP","SAN LUIS OBISPO","US",1,"","24","805-545-9638"
"2026/02/19","02230.","A","ATCT","CA","SNA","SANTA ANA","US",1,"D-ATIS","24","714-338-2340"
"2026/02/19","02235.","A","ATCT-TRACON","CA","SBA","SANTA BARBARA","US",1,"","24","805-967-0283"
"2026/02/19","02251.","A","ATCT","CA","SMX","SANTA MARIA","US",1,"","24","(805) 347-9136"
"2026/02/19","02253.","A","ATCT","CA","SMO","SANTA MONICA","US",1,"","24","310- 450-4620"
"2026/02/19","02260.","A","ATCT","CA","STS","SANTA ROSA","US",1,"","24","707-545-2847"
"2026/02/19","02314.","A","ATCT","CA","SCK","STOCKTON","US",1,"","24","209-937-1127"
"2026/02/19","02356.1","A","ATCT","CA","TOA","TORRANCE","US",1,"","24","310-534-2847"
"2026/02/19","02366.","A","ATCT","CA","TRK","TRUCKEE","US",1,"D-ATIS","24",""
"2026/02/19","02396.","A","ATCT","CA","VNY","VAN NUYS","US",1,"","24","818-780-4993"
"2026/02/19","02407.","A","ATCT","CA","VCV","VICTORVILLE","US",1,"","24",""
"2026/02/19","02517.","A","ATCT-TRACON","CO","ASE","ASPEN","US",1,"","24",""
"2026/02/19","02543.","A","ATCT-TRACON","CO","COS","COLORADO SPRINGS","US",1,"","24","719-596-7040"
"2026/02/19","02545.","A","ATCT","CO","AFF","COLORADO SPRINGS","US",1,"","24",""
"2026/02/19","02569.","A","ATCT","CO","BJC","DENVER","US",1,"","24","303-466-8744"
"2026/02/19","02572.","A","ATCT","CO","APA","DENVER","US",1,"","24","303-799-6722"
"2026/02/19","02573.","A","ATCT","CO","DEN","DENVER","US",1,"D-ATIS (ARR)","24","303-342-0819"
"2026/02/19","02573.","A","ATCT","CO","DEN","DENVER","US",2,"D-ATIS (DEP)","24","303-342-0820"
"2026/02/19","02575.1","A","ATCT","CO","CFO","DENVER","US",2,"","24",""
"2026/02/19","02588.","A","ATCT","CO","EGE","EAGLE","US",1,"","24",""
"2026/02/19","02602.2","A","ATCT","CO","FCS","FORT CARSON","US",1,"","0700-2300",""
"2026/02/19","02603.1","A","ATCT","CO","FNL","FORT COLLINS/LOVELAND","US",1,"","24","970-669-9187"
"2026/02/19","02624.","A","ATCT","CO","GJT","GRAND JUNCTION","US",1,"","24",""
"2026/02/19","02709.","A","ATCT","CO","PUB","PUEBLO","US",2,"","24",""
"2026/02/19","02785.","A","ATCT","CT","BDR","BRIDGEPORT","US",1,"","24",""
"2026/02/19","02802.","A","ATCT","CT","DXR","DANBURY","US",1,"","24",""
"2026/02/19","02823.","A","ATCT","CT","GON","GROTON (NEW LONDON)","US",1,"","24",""
"2026/02/19","02827.","A","ATCT","CT","HFD","HARTFORD","US",1,"","24","860-246-5929"
"2026/02/19","02858.","A","ATCT","CT","HVN","NEW HAVEN","US",1,"","24",""
"2026/02/19","02870.3","A","ATCT","CT","OXC","OXFORD","US",1,"","24","203-262-1190"
"2026/02/19","02946.","A","ATCT","CT","BDL","WINDSOR LOCKS","US",1,"D-ATIS","24","860-386-3570"
"2026/02/19","02967.","A","ATCT-RAPCON","DE","DOV","DOVER","US",1,"D-ATIS","24","DSN 445-2847"
"2026/02/19","02999.","A","ATCT","DE","ILG","WILMINGTON","US",1,"","24",""
"2026/02/19","03001.","A","ATCT","DC","DCA","WASHINGTON","US",1,"D-ATIS","24","703-419-3917"
"2026/02/19","03002.","A","ATCT","DC","IAD","WASHINGTON","US",1,"D-ATIS","24","571-323-6374"
"2026/02/19","03003.","A","ATCT","DC","HEF","WASHINGTON","US",1,"","24","703-361-6160"
"2026/02/19","03121.","A","ATCT","FL","COF","COCOA BEACH","US",1,"","24",""
"2026/02/19","03147.","A","ATCT-TRACON","FL","DAB","DAYTONA BEACH","US",1,"","24",""
"2026/02/19","03157.","A","ATCT","FL","DTS","DESTIN","US",1,"","24",""
"2026/02/19","03192.","A","ATCT","FL","FLL","FORT LAUDERDALE","US",1,"D-ATIS","24",""
"2026/02/19","03194.","A","ATCT","FL","FXE","FORT LAUDERDALE","US",1,"","24",""
"2026/02/19","03198.","A","ATCT","FL","FMY","FORT MYERS","US",1,"","24",""
"2026/02/19","03198.2","A","ATCT-TRACON","FL","RSW","FORT MYERS","US",1,"D-ATIS","24",""
"2026/02/19","03202.","A","ATCT","FL","FPR","FORT PIERCE","US",1,"","24",""
"2026/02/19","03210.","A","ATCT","FL","GNV","GAINESVILLE","US",1,"","24",""
"2026/02/19","03236.","A","ATCT","FL","HWO","HOLLYWOOD","US",1,"","24",""
"2026/02/19","03242.","A","ATCT-A/C","FL","HST","HOMESTEAD","US",1,"","0700-2300",""
"2026/02/19","03250.1","A","ATCT-TRACON","FL","JAX","JACKSONVILLE","US",1,"D-ATIS","24",""
"2026/02/19","03250.3","A","ATCT","FL","VQQ","JACKSONVILLE","US",1,"","24",""
"2026/02/19","03251.","A","ATCT","FL","CRG","JACKSONVILLE","US",1,"","24",""
"2026/02/19","03253.","A","ATCT","FL","NIP","JACKSONVILLE","US",1,"","24 HRS",""
"2026/02/19","03263.","A","ATCT","FL","EYW","KEY WEST","US",1,"","24",""
"2026/02/19","03264.","A","ATCT-RATCF","FL","NQX","KEY WEST","US",1,"","1200-0300Z++",""
"2026/02/19","03283.","A","ATCT","FL","LAL","LAKELAND","US",1,"","24",""
"2026/02/19","03298.","A","ATCT","FL","LEE","LEESBURG","US",1,"","24",""
"2026/02/19","03319.5","A","ATCT","FL","HRT","MARY ESTHER","US",1,"","24",""
"2026/02/19","03320.","A","ATCT","FL","NRB","MAYPORT","US",1,"","SAME AS ARPT OPERG HRS",""
"2026/02/19","03321.","A","ATCT","FL","MLB","MELBOURNE","US",1,"","24",""
"2026/02/19","03325.1","A","ATCT","FL","TMB","MIAMI","US",1,"","24",""
"2026/02/19","03333.","A","ATCT-TRACON","FL","MIA","MIAMI","US",2,"D-ATIS (DEP)","24","305-869-5446"
"2026/02/19","03333.","A","ATCT-TRACON","FL","MIA","MIAMI","US",4,"D-ATIS (ARR)","24","305-869-5445"
"2026/02/19","03339.","A","ATCT","FL","OPF","MIAMI","US",1,"","24",""
"2026/02/19","03352.","A","ATCT","FL","NDZ","MILTON","US",1,"","1300-0400Z++ MON-THU, 1400-0400Z++ FRI, 2300-0300Z++ SUN, CLSD SAT AND HOL.",""
"2026/02/19","03352.01","A","ATCT","FL","NSE","MILTON","US",2,"","1245-0445Z++ MON-FRI, CLSD SAT, SUN & HOL.",""
"2026/02/19","03379.","A","ATCT","FL","APF","NAPLES","US",1,"","24","239-643-5230"
"2026/02/19","03387.","A","ATCT","FL","EVB","NEW SMYRNA BEACH","US",1,"","24",""
"2026/02/19","03394.","A","ATCT","FL","OCF","OCALA","US",1,"","24",""
"2026/02/19","03407.","A","ATCT","FL","MCO","ORLANDO","US",1,"D-ATIS","24",""
"2026/02/19","03407.1","A","ATCT","FL","SFB","ORLANDO","US",1,"","24",""
"2026/02/19","03407.2","A","ATCT","FL","ISM","ORLANDO","US",1,"","24",""
"2026/02/19","03408.","A","ATCT","FL","ORL","ORLANDO","US",1,"","24",""
"2026/02/19","03411.","A","ATCT","FL","OMN","ORMOND BEACH","US",1,"","24",""
"2026/02/19","03423.3","A","ATCT","FL","FIN","PALM COAST","US",1,"","24",""
"2026/02/19","03430.","A","ATCT-A/C","FL","PAM","PANAMA CITY","US",1,"","1200-0400Z++ MON-FRI, CLOSED WKENDS, HOL AND ACC DOWN DAYS.",""
"2026/02/19","03430.3","A","ATCT","FL","ECP","PANAMA CITY","US",1,"","24",""
"2026/02/19","03435.","A","ATCT","FL","PNS","PENSACOLA","US",1,"","24",""
"2026/02/19","03435.5","A","ATCT","FL","NPA","PENSACOLA","US",2,"","1300-0300Z++ MON-FRI; CLSD SAT; 2100-0230Z++ SUN, HOL BY NOTAM.",""
"2026/02/19","03451.","A","ATCT","FL","PMP","POMPANO BEACH","US",1,"","24",""
"2026/02/19","03455.","A","ATCT","FL","PGD","PUNTA GORDA","US",1,"","24",""
"2026/02/19","03468.","A","ATCT","FL","SGJ","ST AUGUSTINE","US",1,"","24",""
"2026/02/19","03475.","A","ATCT","FL","PIE","ST PETERSBURG-CLEARWATER","US",1,"","24",""
"2026/02/19","03484.","A","ATCT","FL","SRQ","SARASOTA/BRADENTON","US",1,"","24",""
"2026/02/19","03507.","A","ATCT","FL","SUA","STUART","US",1,"","24",""
"2026/02/19","03509.1","A","ATCT-TRACON","FL","TLH","TALLAHASSEE","US",1,"","24",""
"2026/02/19","03513.","A","ATCT-TRACON","FL","TPA","TAMPA","US",1,"D-ATIS","24",""
"2026/02/19","03514.","A","ATCT","FL","MCF","TAMPA","US",1,"","24",""
"2026/02/19","03532.","A","ATCT","FL","TIX","TITUSVILLE","US",1,"","24",""
"2026/02/19","03534.","A","ATCT-A/C","FL","VPS","VALPARAISO/DESTIN-FT WALTON BEACH","US",1,"","1200-0400Z++",""
"2026/02/19","03540.","A","ATCT","FL","VRB","VERO BEACH","US",1,"","24",""
"2026/02/19","03555.","A","ATCT-TRACON","FL","PBI","WEST PALM BEACH","US",1,"D-ATIS","24",""
"2026/02/19","03616.","A","ATCT","GA","ABY","ALBANY","US",1,"","24",""
"2026/02/19","03639.","A","ATCT","GA","FTY","ATLANTA","US",1,"","24",""
"2026/02/19","03640.","A","ATCT","GA","ATL","ATLANTA","US",1,"D-ATIS","24","404-763-7988"
"2026/02/19","03642.","A","ATCT","GA","RYY","ATLANTA","US",1,"","24",""
"2026/02/19","03643.","A","ATCT","GA","PDK","ATLANTA","US",1,"","24",""
"2026/02/19","03650.","A","ATCT-TRACON","GA","AGS","AUGUSTA","US",1,"","24",""
"2026/02/19","03728.","A","ATCT","GA","CSG","COLUMBUS","US",1,"","24",""
"2026/02/19","03772.2","A","ATCT","GA","EZM","EASTMAN","US",1,"","24",""
"2026/02/19","03799.8","A","ATCT","GA","LSF","FORT BENNING (COLUMBUS)","US",1,"","1230++MON-0400Z++ SAT, EXC HOLIDAYS.",""
"2026/02/19","03800.8","A","ATCT","GA","LHW","FORT STEWART (HINESVILLE)","US",1,"","24",""
"2026/02/19","03869.2","A","ATCT","GA","LZU","LAWRENCEVILLE","US",1,"","24",""
"2026/02/19","03902.","A","ATCT","GA","MCN","MACON","US",1,"","24",""
"2026/02/19","03910.","A","ATCT","GA","MGE","MARIETTA","US",1,"","0700-2300",""
"2026/02/19","03991.","A","ATCT","GA","SVN","SAVANNAH","US",1,"","1230Z++ MON-0400Z ++ SAT, EXC HOL.",""
"2026/02/19","03992.","A","ATCT-TRACON","GA","SAV","SAVANNAH","US",1,"","24",""
"2026/02/19","04072.","A","ATCT-A/C","GA","VAD","VALDOSTA","US",1,"","SAME AS TWR",""
"2026/02/19","04088.","A","ATCT","GA","WRB","WARNER ROBINS","US",1,"","24",""
"2026/02/19","04149.","A","ATCT-TRACON","ID","BOI","BOISE","US",1,"D-ATIS","24",""
"2026/02/19","04206.","A","ATCT","ID","SUN","HAILEY","US",1,"","24","208-788-2108"
"2026/02/19","04209.","A","ATCT","ID","IDA","IDAHO FALLS","US",1,"","24","208-524-6048"
"2026/02/19","04268.","A","ATCT-RAPCON","ID","MUO","MOUNTAIN HOME","US",1,"","24.",""
"2026/02/19","04288.","A","ATCT","ID","PIH","POCATELLO","US",1,"","24","208-232-2269"
"2026/02/19","04372.","A","ATCT","IL","ALN","ALTON/ST LOUIS","US",1,"","24",""
"2026/02/19","04413.","A","ATCT","IL","BLV","BELLEVILLE","US",1,"","24",""
"2026/02/19","04431.","A","ATCT","IL","BMI","BLOOMINGTON/NORMAL","US",1,"","24",""
"2026/02/19","04458.8","A","ATCT","IL","CPS","CAHOKIA/ST LOUIS","US",1,"","24",""
"2026/02/19","04477.","A","ATCT","IL","MDH","CARBONDALE/MURPHYSBORO","US",1,"","24",""
"2026/02/19","04494.","A","ATCT-TRACON","IL","CMI","CHAMPAIGN/URBANA","US",1,"","24",""
"2026/02/19","04503.","A","ATCT","IL","UGN","CHICAGO/WAUKEGAN","US",1,"","24",""
"2026/02/19","04503.04","A","ATCT","IL","LOT","CHICAGO/ROMEOVILLE","US",1,"D-ATIS","24",""
"2026/02/19","04506.","A","ATCT","IL","ARR","CHICAGO/AURORA","US",1,"","24",""
"2026/02/19","04507.","A","ATCT","IL","MDW","CHICAGO","US",1,"D-ATIS","24","773-581-9967"
"2026/02/19","04508.","A","ATCT","IL","ORD","CHICAGO","US",1,"D-ATIS","24","773-601-8921"
"2026/02/19","04508.1","A","ATCT","IL","PWK","CHICAGO/PROSPECT HEIGHTS/WHEELING","US",1,"","24",""
"2026/02/19","04508.6","A","ATCT","IL","DPA","CHICAGO/WEST CHICAGO","US",1,"","24",""
"2026/02/19","04564.","A","ATCT","IL","DEC","DECATUR","US",1,"","24",""
"2026/02/19","04868.","A","ATCT-TRACON","IL","MLI","MOLINE","US",1,"","24",""
"2026/02/19","04938.","A","ATCT","IL","PIA","PEORIA","US",1,"","24",""
"2026/02/19","04974.","A","ATCT-TRACON","IL","RFD","CHICAGO/ROCKFORD","US",1,"","24",""
"2026/02/19","05008.","A","ATCT","IL","SPI","SPRINGFIELD","US",1,"","24",""
"2026/02/19","05257.","A","ATCT-TRACON","IN","EVV","EVANSVILLE","US",1,"","24",""
"2026/02/19","05282.","A","ATCT-TRACON","IN","FWA","FORT WAYNE","US",1,"","24",""
"2026/02/19","05303.","A","ATCT","IN","GYY","GARY/CHICAGO","US",2,"D-ATIS","24","219-944-0010"
"2026/02/19","05375.","A","ATCT-TRACON","IN","IND","INDIANAPOLIS","US",1,"D-ATIS","24",""
"2026/02/19","05412.","A","ATCT","IN","LAF","LAFAYETTE","US",1,"","24",""
"2026/02/19","05511.","A","ATCT","IN","MIE","MUNCIE","US",1,"","24",""
"2026/02/19","05575.","A","ATCT-RAPCON","IN","GUS","PERU","US",1,"","24","DSN 338-2293"
"2026/02/19","05661.","A","ATCT-TRACON","IN","SBN","SOUTH BEND","US",1,"","24",""
"2026/02/19","05689.","A","ATCT-TRACON","IN","HUF","TERRE HAUTE","US",1,"","24",""
"2026/02/19","05884.","A","ATCT-TRACON","IA","CID","CEDAR RAPIDS","US",1,"","24",""
"2026/02/19","05950.","A","ATCT-TRACON","IA","DSM","DES MOINES","US",1,"","24","515-974-8046"
"2026/02/19","05957.","A","ATCT","IA","DBQ","DUBUQUE","US",1,"","24",""
"2026/02/19","06341.","A","ATCT-TRACON","IA","SUX","SIOUX CITY","US",1,"","24",""
"2026/02/19","06402.","A","ATCT","IA","ALO","WATERLOO","US",1,"","24",""
"2026/02/19","06596.","A","ATCT-A/C","KS","FRI","FORT RILEY (JUNCTION CITY)","US",2,"","1400-0700Z++ MON-FRI ;  1400-2200Z++ FRI EXC HOL.",""
"2026/02/19","06685.","A","ATCT","KS","HUT","HUTCHINSON","US",1,"","24",""
"2026/02/19","06811.","A","ATCT","KS","OJC","OLATHE","US",1,"","24","913-764-9272"
"2026/02/19","06878.","A","ATCT","KS","SLN","SALINA","US",1,"","24",""
"2026/02/19","06932.","A","ATCT","KS","FOE","TOPEKA","US",1,"","24",""
"2026/02/19","06975.4","A","ATCT-TRACON","KS","ICT","WICHITA","US",1,"","24","316-350-1528"
"2026/02/19","06979.","A","ATCT","KS","IAB","WICHITA","US",1,"D-ATIS","24",""
"2026/02/19","07090.","A","ATCT-TRACON","KY","CVG","COVINGTON","US",1,"D-ATIS","24",""
"2026/02/19","07138.6","A","ATCT-A/C","KY","HOP","FORT CAMPBELL/HOPKINSVILLE","US",1,"","24",""
"2026/02/19","07139.","A","ATCT","KY","FTK","FORT KNOX","US",1,"","1100-0300Z++ MON-FRI, 1200-2000Z++ SAT-SUN EXCLD HOL.",""
"2026/02/19","07233.","A","ATCT-TRACON","KY","LEX","LEXINGTON","US",1,"","24",""
"2026/02/19","07243.","A","ATCT-TRACON","KY","SDF","LOUISVILLE","US",1,"D-ATIS","24",""
"2026/02/19","07244.","A","ATCT","KY","LOU","LOUISVILLE","US",1,"","24",""
"2026/02/19","07425.","A","ATCT-TRACON","LA","BTR","BATON ROUGE","US",1,"","24","225-354-2170"
"2026/02/19","07443.12","A","ATCT-RAPCON","LA","BAD","BOSSIER CITY","US",1,"","24",""
"2026/02/19","07520.","A","ATCT-A/C","LA","POE","FORT POLK","US",1,"","24",""
"2026/02/19","07541.","A","ATCT","LA","HDC","HAMMOND","US",1,"","24",""
"2026/02/19","07556.","A","ATCT","LA","HUM","HOUMA","US",1,"","24",""
"2026/02/19","07589.","A","ATCT-TRACON","LA","LFT","LAFAYETTE","US",1,"","24",""
"2026/02/19","07594.1","A","ATCT-TRACON","LA","LCH","LAKE CHARLES","US",1,"","24",""
"2026/02/19","07594.3","A","ATCT","LA","CWF","LAKE CHARLES","US",1,"","24",""
"2026/02/19","07658.","A","ATCT-TRACON","LA","MLU","MONROE","US",1,"","24",""
"2026/02/19","07673.","A","ATCT","LA","NBG","NEW ORLEANS","US",1,"","24",""
"2026/02/19","07675.","A","ATCT-TRACON","LA","MSY","NEW ORLEANS","US",1,"D-ATIS","24","504-471-4417"
"2026/02/19","07676.","A","ATCT","LA","NEW","NEW ORLEANS","US",1,"","24",""
"2026/02/19","07735.","A","ATCT","LA","SHV","SHREVEPORT","US",1,"","24",""
"2026/02/19","07825.","A","ATCT-TRACON","ME","BGR","BANGOR","US",1,"","24","207-561-2524"
"2026/02/19","08215.","A","ATCT-TRACON","ME","PWM","PORTLAND","US",1,"","24","207-775-1039"
"2026/02/19","08452.","A","ATCT","MD","MTN","BALTIMORE","US",1,"","24",""
"2026/02/19","08456.","A","ATCT","MD","BWI","BALTIMORE","US",1,"D-ATIS","24",""
"2026/02/19","08484.","A","ATCT","MD","ADW","CAMP SPRINGS","US",1,"D-ATIS","24",""
"2026/02/19","08525.","A","ATCT","MD","ESN","EASTON","US",1,"","24",""
"2026/02/19","08556.","A","ATCT","MD","FDK","FREDERICK","US",1,"","24",""
"2026/02/19","08614.","A","ATCT-RATCF","MD","NHK","PATUXENT RIVER","US",1,"","24",""
"2026/02/19","08750.","A","ATCT","MA","BED","BEDFORD","US",1,"","24","781-372-5509"
"2026/02/19","08762.","A","ATCT","MA","BVY","BEVERLY","US",1,"","24",""
"2026/02/19","08778.","A","ATCT","MA","BOS","BOSTON","US",1,"D-ATIS","24","617-455-3003"
"2026/02/19","08906.","A","ATCT","MA","FMH","FALMOUTH","US",1,"","24","508-968-6563"
"2026/02/19","08995.","A","ATCT","MA","HYA","HYANNIS","US",1,"","24","508-778-1143"
"2026/02/19","09011.","A","ATCT","MA","LWM","LAWRENCE","US",1,"","24",""
"2026/02/19","09110.","A","ATCT","MA","ACK","NANTUCKET","US",1,"","24","508-228-5375"
"2026/02/19","09112.","A","ATCT","MA","EWB","NEW BEDFORD","US",1,"","24","508-994-6277"
"2026/02/19","09180.","A","ATCT","MA","OWD","NORWOOD","US",1,"","24","781-769-3825"
"2026/02/19","09304.02","A","ATCT","MA","CEF","SPRINGFIELD/CHICOPEE","US",1,"","0700-2300",""
"2026/02/19","09362.","A","ATCT","MA","MVY","VINEYARD HAVEN","US",1,"","24","508-693-7685"
"2026/02/19","09398.","A","ATCT","MA","BAF","WESTFIELD/SPRINGFIELD","US",1,"","24","413-572-4561"
"2026/02/19","09462.","A","ATCT","MA","ORH","WORCESTER","US",1,"","24","508-757-0962"
"2026/02/19","09518.","A","ATCT-RAPCON","MI","APN","ALPENA","US",1,"","24",""
"2026/02/19","09524.","A","ATCT","MI","ARB","ANN ARBOR","US",1,"","24",""
"2026/02/19","09548.","A","ATCT","MI","BTL","BATTLE CREEK","US",1,"","24",""
"2026/02/19","09725.","A","ATCT","MI","DET","DETROIT","US",1,"","24",""
"2026/02/19","09749.","A","ATCT","MI","DTW","DETROIT","US",1,"D-ATIS","24",""
"2026/02/19","09750.","A","ATCT","MI","YIP","DETROIT","US",1,"","24","734-961-6844"
"2026/02/19","09809.","A","ATCT","MI","FNT","FLINT","US",1,"","24",""
"2026/02/19","09852.","A","ATCT","MI","GRR","GRAND RAPIDS","US",1,"","24",""
"2026/02/19","09857.","A","ATCT","MI","GOV","GRAYLING","US",1,"","24 HRS",""
"2026/02/19","09977.","A","ATCT","MI","JXN","JACKSON","US",1,"","24",""
"2026/02/19","09986.","A","ATCT-TRACON","MI","AZO","KALAMAZOO","US",1,"","24",""
"2026/02/19","10010.","A","ATCT","MI","LAN","LANSING","US",1,"","24",""
"2026/02/19","10115.","A","ATCT-RAPCON","MI","MTC","MOUNT CLEMENS","US",1,"","24",""
"2026/02/19","10127.","A","ATCT","MI","MKG","MUSKEGON","US",1,"","24",""
"2026/02/19","10232.","A","ATCT","MI","PTK","PONTIAC","US",1,"","24",""
"2026/02/19","10299.","A","ATCT","MI","MBS","SAGINAW","US",1,"","24",""
"2026/02/19","10379.","A","ATCT","MI","TVC","TRAVERSE CITY","US",1,"","24",""
"2026/02/19","10653.","A","ATCT-TRACON","MN","DLH","DULUTH","US",1,"","24",""
"2026/02/19","10821.","A","ATCT","MN","MIC","MINNEAPOLIS","US",1,"","24",""
"2026/02/19","10824.","A","ATCT","MN","MSP","MINNEAPOLIS","US",1,"D-ATIS","24","612-726-9240"
"2026/02/19","10827.","A","ATCT","MN","FCM","MINNEAPOLIS","US",1,"","24",""
"2026/02/19","10827.2","A","ATCT","MN","ANE","MINNEAPOLIS","US",1,"","24",""
"2026/02/19","10950.1","A","ATCT-TRACON","MN","RST","ROCHESTER","US",1,"","24",""
"2026/02/19","10962.1","A","ATCT","MN","STC","ST CLOUD","US",1,"","24",""
"2026/02/19","10974.","A","ATCT","MN","STP","ST PAUL","US",1,"","24",""
"2026/02/19","11147.","A","ATCT","MS","BIX","BILOXI","US",2,"","SAME AS TWR HRS",""
"2026/02/19","11194.51","A","ATCT","MS","GTR","COLUMBUS/W POINT/STARKVILLE","US",1,"","24",""
"2026/02/19","11195.","A","ATCT-RAPCON","MS","CBM","COLUMBUS","US",1,"","SAME AS ATCT",""
"2026/02/19","11253.","A","ATCT-TRACON","MS","GPT","GULFPORT","US",1,"","24",""
"2026/02/19","11280.","A","ATCT-TRACON","MS","JAN","JACKSON","US",1,"","24",""
"2026/02/19","11339.","A","ATCT","MS","MEI","MERIDIAN","US",1,"","24",""
"2026/02/19","11339.1","A","ATCT-RATCF","MS","NMM","MERIDIAN","US",1,"","SAME AT ATCT",""
"2026/02/19","11368.6","A","ATCT","MS","OLV","OLIVE BRANCH","US",1,"","24",""
"2026/02/19","11379.01","A","ATCT","MS","PQL","PASCAGOULA","US",1,"","24",""
"2026/02/19","11567.","A","ATCT","MO","BBG","BRANSON","US",1,"","24",""
"2026/02/19","11651.1","A","ATCT","MO","COU","COLUMBIA","US",1,"","24",""
"2026/02/19","11730.","A","ATCT","MO","TBN","FORT LEONARD WOOD","US",1,"D-ATIS","24",""
"2026/02/19","11810.","A","ATCT","MO","JLN","JOPLIN","US",1,"","24",""
"2026/02/19","11816.","A","ATCT","MO","MKC","KANSAS CITY","US",1,"","24","816-329-2850"
"2026/02/19","11816.6","A","ATCT-TRACON","MO","MCI","KANSAS CITY","US",1,"D-ATIS","24","816-329-2725"
"2026/02/19","11844.","A","ATCT-RAPCON","MO","SZL","KNOB NOSTER","US",1,"","OPR 24 HR FM MON 1300 THRU FRI 0500Z++; SAT-SUN 1400-2300Z++; CLSD HOL.  SEE NOTAMS FOR MOST UP TO DATE OPR HR.",""
"2026/02/19","12074.","A","ATCT-RAPCON","MO","STJ","ST JOSEPH","US",1,"","24",""
"2026/02/19","12077.","A","ATCT","MO","STL","ST LOUIS","US",1,"D-ATIS","24","314-890-4777"
"2026/02/19","12082.5","A","ATCT","MO","SUS","ST LOUIS","US",1,"","24","636-532-3213"
"2026/02/19","12138.","A","ATCT-TRACON","MO","SGF","SPRINGFIELD","US",1,"","24",""
"2026/02/19","12265.","A","ATCT-TRACON","MT","BIL","BILLINGS","US",1,"","24",""
"2026/02/19","12278.","A","ATCT","MT","BZN","BOZEMAN","US",1,"","24","406-388-4767"
"2026/02/19","12381.","A","ATCT-TRACON","MT","GTF","GREAT FALLS","US",1,"","24",""
"2026/02/19","12402.","A","ATCT-A/C","MT","HLN","HELENA","US",1,"","24",""
"2026/02/19","12418.","A","ATCT","MT","GPI","KALISPELL","US",1,"","24",""
"2026/02/19","12453.","A","ATCT","MT","MSO","MISSOULA","US",2,"","24","406-549-2989"
"2026/02/19","12743.","A","ATCT","NE","GRI","GRAND ISLAND","US",1,"","24",""
"2026/02/19","12794.","A","ATCT","NE","LNK","LINCOLN","US",1,"","24",""
"2026/02/19","12853.1","A","ATCT","NE","OFF","OMAHA","US",1,"","24",""
"2026/02/19","12854.","A","ATCT","NE","OMA","OMAHA","US",1,"D-ATIS","24",""
"2026/02/19","13057.","A","ATCT-RATCF","NV","NFL","FALLON","US",1,"","SAME AS ARPT HRS",""
"2026/02/19","13081.","A","ATCT-RAPCON","NV","LSV","LAS VEGAS","US",1,"","24",""
"2026/02/19","13082.","A","ATCT","NV","VGT","LAS VEGAS","US",1,"","24","702-631-7125"
"2026/02/19","13083.","A","ATCT","NV","LAS","LAS VEGAS","US",2,"D-ATIS","24","702-736-0950"
"2026/02/19","13083.29","A","ATCT","NV","HND","LAS VEGAS","US",1,"","24",""
"2026/02/19","13123.","A","ATCT","NV","RNO","RENO","US",1,"D-ATIS","24","775-348-1550"
"2026/02/19","13317.","A","ATCT","NH","LEB","LEBANON","US",1,"","24",""
"2026/02/19","13332.","A","ATCT","NH","MHT","MANCHESTER","US",1,"","24","603-626-6902"
"2026/02/19","13350.","A","ATCT","NH","ASH","NASHUA","US",1,"","24",""
"2026/02/19","13386.","A","ATCT","NH","PSM","PORTSMOUTH","US",1,"","24","603-334-6070"
"2026/02/19","13487.","A","ATCT-TRACON","NJ","ACY","ATLANTIC CITY","US",1,"","24","609-485-4444"
"2026/02/19","13578.","A","ATCT","NJ","CDW","CALDWELL","US",1,"","24","631-594-4523"
"2026/02/19","13887.","A","ATCT","NJ","NEL","LAKEHURST","US",1,"","24.",""
"2026/02/19","14031.","A","ATCT","NJ","MMU","MORRISTOWN","US",1,"","24",""
"2026/02/19","14052.","A","ATCT","NJ","EWR","NEWARK","US",1,"D-ATIS","24","973-824-4417"
"2026/02/19","14349.","A","ATCT","NJ","TEB","TETERBORO","US",1,"D-ATIS","24","1-201-426-9510"
"2026/02/19","14366.","A","ATCT","NJ","TTN","TRENTON","US",1,"","24",""
"2026/02/19","14484.","A","ATCT-RAPCON","NJ","WRI","WRIGHTSTOWN","US",1,"D-ATIS","24","C609-754-2847"
"2026/02/19","14525.","A","ATCT-RAPCON","NM","HMN","ALAMOGORDO","US",1,"","0900-0630Z++ MON-FRI; 1300-0600Z++ SAT UTA WEEKEND",""
"2026/02/19","14528.1","A","ATCT","NM","AEG","ALBUQUERQUE","US",1,"","24",""
"2026/02/19","14532.","A","ATCT-TRACON","NM","ABQ","ALBUQUERQUE","US",1,"D-ATIS","24","505-856-4928"
"2026/02/19","14577.","A","ATCT-RAPCON","NM","CVS","CLOVIS","US",1,"","SAME AS ATCT HRS",""
"2026/02/19","14607.","A","ATCT","NM","FMN","FARMINGTON","US",1,"","24",""
"2026/02/19","14621.","A","ATCT","NM","HOB","HOBBS","US",1,"","24",""
"2026/02/19","14719.","A","ATCT-TRACON","NM","ROW","ROSWELL","US",1,"","24",""
"2026/02/19","14728.","A","ATCT","NM","SAF","SANTA FE","US",1,"","24",""
"2026/02/19","14789.","A","ATCT-TRACON","NY","ALB","ALBANY","US",1,"D-ATIS","24",""
"2026/02/19","14904.","A","ATCT-TRACON","NY","BGM","BINGHAMTON","US",1,"","24",""
"2026/02/19","14954.","A","ATCT-TRACON","NY","BUF","BUFFALO","US",1,"D-ATIS","24",""
"2026/02/19","15203.","A","ATCT-TRACON","NY","ELM","ELMIRA/CORNING","US",1,"","24",""
"2026/02/19","15236.","A","ATCT","NY","FRG","FARMINGDALE","US",1,"","24",""
"2026/02/19","15488.","A","ATCT","NY","ITH","ITHACA","US",1,"","24",""
"2026/02/19","15752.","A","ATCT","NY","SWF","NEW YORK","US",1,"","24","845-567-9311"
"2026/02/19","15783.","A","ATCT","NY","ISP","NEW YORK","US",1,"","24",""
"2026/02/19","15793.","A","ATCT","NY","JFK","NEW YORK","US",1,"D-ATIS","24",""
"2026/02/19","15794.","A","ATCT","NY","LGA","NEW YORK","US",3,"D-ATIS","24","718-424-4713"
"2026/02/19","15800.","A","ATCT","NY","IAG","NIAGARA FALLS","US",1,"","24",""
"2026/02/19","15989.2","A","ATCT","NY","POU","POUGHKEEPSIE","US",1,"","24",""
"2026/02/19","16034.","A","ATCT-TRACON","NY","ROC","ROCHESTER","US",1,"","24",""
"2026/02/19","16040.","A","ATCT","NY","RME","ROME","US",1,"","24",""
"2026/02/19","16269.","A","ATCT-TRACON","NY","SYR","SYRACUSE","US",1,"","24","315-455-3444"
"2026/02/19","16433.","A","ATCT","NY","HPN","WHITE PLAINS","US",1,"D-ATIS","24","914-948-0130"
"2026/02/19","16517.5","A","ATCT-TRACON","NC","AVL","ASHEVILLE","US",1,"","24",""
"2026/02/19","16585.","A","ATCT","NC","HFF","CAMP MACKALL","US",1,"D-ATIS","24",""
"2026/02/19","16608.","A","ATCT-TRACON","NC","CLT","CHARLOTTE","US",1,"D-ATIS","24",""
"2026/02/19","16619.","A","ATCT-RATCF","NC","NKT","CHERRY POINT","US",1,"","24",""
"2026/02/19","16644.2","A","ATCT","NC","JQF","CONCORD","US",3,"","24","704-785-2145"
"2026/02/19","16723.","A","ATCT-TRACON","NC","FAY","FAYETTEVILLE","US",1,"","24",""
"2026/02/19","16723.03","A","ATCT","NC","POB","FAYETTEVILLE","US",2,"D-ATIS","24",""
"2026/02/19","16729.1","A","ATCT","NC","FBG","FORT BRAGG","US",1,"","24",""
"2026/02/19","16747.","A","ATCT-RAPCON","NC","GSB","GOLDSBORO","US",1,"","1200-0400Z++",""
"2026/02/19","16758.","A","ATCT-TRACON","NC","GSO","GREENSBORO","US",1,"D-ATIS","24",""
"2026/02/19","16815.","A","ATCT-RATCF","NC","NCA","JACKSONVILLE","US",1,"","24",""
"2026/02/19","16815.1","A","ATCT","NC","OAJ","JACKSONVILLE","US",1,"","24","910 324-5233"
"2026/02/19","17035.","A","ATCT-TRACON","NC","RDU","RALEIGH/DURHAM","US",1,"D-ATIS","24","919-840-0486"
"2026/02/19","17211.","A","ATCT-TRACON","NC","ILM","WILMINGTON","US",1,"","24",""
"2026/02/19","17220.","A","ATCT","NC","INT","WINSTON SALEM","US",1,"","24",""
"2026/02/19","17265.","A","ATCT-TRACON","ND","BIS","BISMARCK","US",1,"","24",""
"2026/02/19","17328.","A","ATCT-TRACON","ND","FAR","FARGO","US",1,"","24",""
"2026/02/19","17349.1","A","ATCT","ND","GFK","GRAND FORKS","US",1,"","24",""
"2026/02/19","17349.13","A","ATCT-RAPCON","ND","RDR","GRAND FORKS","US",1,"D-ATIS","24",""
"2026/02/19","17417.5","A","ATCT-RAPCON","ND","MIB","MINOT","US",1,"","OPR DUR LCL FLYING.",""
"2026/02/19","17521.","A","ATCT","OH","CAK","AKRON","US",1,"","24",""
"2026/02/19","17731.","A","ATCT","OH","LUK","CINCINNATI","US",1,"","24",""
"2026/02/19","17746.","A","ATCT-TRACON","OH","CLE","CLEVELAND","US",1,"D-ATIS","24",""
"2026/02/19","17756.","A","ATCT","OH","CGF","CLEVELAND","US",2,"D-ATIS","24","216-998-7640"
"2026/02/19","17757.","A","ATCT","OH","BKL","CLEVELAND","US",1,"","24",""
"2026/02/19","17786.","A","ATCT","OH","LCK","COLUMBUS","US",1,"","24",""
"2026/02/19","17787.","A","ATCT","OH","OSU","COLUMBUS","US",1,"","24",""
"2026/02/19","17788.","A","ATCT-TRACON","OH","CMH","COLUMBUS","US",1,"D-ATIS","24",""
"2026/02/19","17818.","A","ATCT","OH","DAY","DAYTON","US",1,"","24",""
"2026/02/19","17827.","A","ATCT","OH","FFO","DAYTON","US",1,"","24",""
"2026/02/19","18157.","A","ATCT","OH","MFD","MANSFIELD","US",1,"","24",""
"2026/02/19","18577.","A","ATCT-TRACON","OH","TOL","TOLEDO","US",1,"","24",""
"2026/02/19","18717.","A","ATCT","OH","ILN","WILMINGTON","US",1,"D-ATIS","24",""
"2026/02/19","18753.","A","ATCT-TRACON","OH","YNG","YOUNGSTOWN/WARREN","US",1,"","24",""
"2026/02/19","18780.","A","ATCT-RAPCON","OK","LTS","ALTUS","US",1,"","24",""
"2026/02/19","18795.","A","ATCT","OK","ADM","ARDMORE","US",1,"","24",""
"2026/02/19","18954.","A","ATCT-RAPCON","OK","END","ENID","US",1,"","1300-0200Z++WKD (1 MAY-31 OCT); 1300-0100Z++WKD (1 NOV-30 APR); 2000-0000Z++ SUN, CLSD SAT & FEDERAL HOL.",""
"2026/02/19","19063.","A","ATCT","OK","LAW","LAWTON","US",1,"","24",""
"2026/02/19","19135.","A","ATCT","OK","TIK","OKLAHOMA CITY","US",1,"","1100-0400Z++","DSN 884-5152"
"2026/02/19","19136.","A","ATCT-TRACON","OK","OKC","OKLAHOMA CITY","US",2,"D-ATIS","24","405-686-4707"
"2026/02/19","19137.","A","ATCT","OK","PWA","OKLAHOMA CITY","US",2,"","24","405-798-2059"
"2026/02/19","19279.1","A","ATCT","OK","RVS","TULSA","US",1,"","24",""
"2026/02/19","19283.","A","ATCT-TRACON","OK","TUL","TULSA","US",2,"D-ATIS","24","918-831-6718"
"2026/02/19","19356.","A","ATCT","OR","UAO","AURORA","US",1,"","24","503-678-3011"
"2026/02/19","19434.","A","ATCT-TRACON","OR","EUG","EUGENE","US",1,"","24","541-607-4699"
"2026/02/19","19481.","A","ATCT-RAPCON","OR","LMT","KLAMATH FALLS","US",1,"","24",""
"2026/02/19","19514.","A","ATCT","OR","MFR","MEDFORD","US",1,"","24",""
"2026/02/19","19571.","A","ATCT","OR","PDX","PORTLAND","US",1,"D-ATIS","24","503-493-7557"
"2026/02/19","19571.5","A","ATCT","OR","HIO","PORTLAND","US",1,"","24",""
"2026/02/19","19572.","A","ATCT","OR","TTD","PORTLAND","US",1,"","24","503-492-7634"
"2026/02/19","19580.","A","ATCT","OR","RDM","REDMOND","US",1,"","24","541-548-1742"
"2026/02/19","19595.","A","ATCT","OR","SLE","SALEM","US",1,"","24",""
"2026/02/19","19673.","A","ATCT-TRACON","PA","ABE","ALLENTOWN","US",1,"","24",""
"2026/02/19","19801.","A","ATCT","PA","BVI","BEAVER FALLS","US",1,"","24",""
"2026/02/19","20355.","A","ATCT","PA","ERI","ERIE","US",1,"","24",""
"2026/02/19","20502.","A","ATCT","PA","CXY","HARRISBURG","US",1,"","24",""
"2026/02/19","20503.","A","ATCT-TRACON","PA","MDT","HARRISBURG","US",1,"","24",""
"2026/02/19","20640.","A","ATCT-RAPCON","PA","JST","JOHNSTOWN","US",1,"","24",""
"2026/02/19","20700.","A","ATCT","PA","LNS","LANCASTER","US",1,"","24",""
"2026/02/19","20724.","A","ATCT","PA","LBE","LATROBE","US",1,"","24","(724) 539-0671"
"2026/02/19","21217.","A","ATCT-TRACON","PA","PHL","PHILADELPHIA","US",1,"D-ATIS","24",""
"2026/02/19","21221.","A","ATCT","PA","PNE","PHILADELPHIA","US",1,"","24",""
"2026/02/19","21251.","A","ATCT","PA","AGC","PITTSBURGH","US",1,"","24",""
"2026/02/19","21252.","A","ATCT-TRACON","PA","PIT","PITTSBURGH","US",1,"D-ATIS","24",""
"2026/02/19","21329.","A","ATCT","PA","RDG","READING","US",1,"","24",""
"2026/02/19","21545.1","A","ATCT","PA","UNV","STATE COLLEGE","US",1,"D-ATIS","24",""
"2026/02/19","21781.","A","ATCT-TRACON","PA","AVP","WILKES-BARRE/SCRANTON","US",1,"","24",""
"2026/02/19","21990.","A","ATCT","RI","OQU","NORTH KINGSTOWN","US",1,"","24",""
"2026/02/19","22024.","A","ATCT-TRACON","RI","PVD","PROVIDENCE","US",1,"D-ATIS","24","401-737-3215"
"2026/02/19","22124.","A","ATCT-RATCF","SC","NBC","BEAUFORT","US",2,"","OPR 1200-0400Z++ MON-THU, 1200-2400Z++ FRI, 2000-2200Z++ SUN, CLSD SAT AND HOL.",""
"2026/02/19","22174.","A","ATCT-TRACON","SC","CHS","CHARLESTON","US",1,"D-ATIS","24",""
"2026/02/19","22209.","A","ATCT-TRACON","SC","CAE","COLUMBIA","US",1,"","24",""
"2026/02/19","22276.","A","ATCT-TRACON","SC","FLO","FLORENCE","US",1,"","24",""
"2026/02/19","22309.","A","ATCT","SC","GMU","GREENVILLE","US",1,"","24",""
"2026/02/19","22310.","A","ATCT","SC","GYH","GREENVILLE","US",1,"","24",""
"2026/02/19","22316.1","A","ATCT-TRACON","SC","GSP","GREER","US",1,"","24",""
"2026/02/19","22328.51","A","ATCT","SC","HXD","HILTON HEAD ISLAND","US",1,"","24",""
"2026/02/19","22444.","A","ATCT-TRACON","SC","MYR","MYRTLE BEACH","US",1,"","24",""
"2026/02/19","22466.","A","ATCT","SC","CRE","NORTH MYRTLE BEACH","US",1,"","24",""
"2026/02/19","22538.","A","ATCT-RAPCON","SC","SSC","SUMTER","US",1,"","24",""
"2026/02/19","22774.","A","ATCT-RAPCON","SD","RCA","RAPID CITY","US",1,"","SAME AS ATCT HRS.",""
"2026/02/19","22789.","A","ATCT-TRACON","SD","FSD","SIOUX FALLS","US",1,"","24",""
"2026/02/19","22884.","A","ATCT-TRACON","TN","TRI","BRISTOL/JOHNSON/KINGSPORT","US",1,"","24",""
"2026/02/19","22899.","A","ATCT-TRACON","TN","CHA","CHATTANOOGA","US",1,"","24",""
"2026/02/19","23046.","A","ATCT-TRACON","TN","TYS","KNOXVILLE","US",1,"","24",""
"2026/02/19","23097.","A","ATCT","TN","MEM","MEMPHIS","US",1,"D-ATIS","24",""
"2026/02/19","23121.","A","ATCT-TRACON","TN","BNA","NASHVILLE","US",1,"D-ATIS","24",""
"2026/02/19","23122.1","A","ATCT","TN","JWN","NASHVILLE","US",1,"","24","615-350-6222"
"2026/02/19","23287.","A","ATCT-TRACON","TX","ABI","ABILENE","US",2,"","24","325-201-9495"
"2026/02/19","23328.","A","ATCT-TRACON","TX","AMA","AMARILLO","US",1,"","24",""
"2026/02/19","23369.","A","ATCT-TRACON","TX","AUS","AUSTIN","US",1,"D-ATIS","24","512-369-7867"
"2026/02/19","23369.39","A","ATCT","TX","HYI","AUSTIN","US",1,"","24","512-353-8005"
"2026/02/19","23416.","A","ATCT","TX","BPT","BEAUMONT/PORT ARTHUR","US",1,"","24",""
"2026/02/19","23499.","A","ATCT","TX","BRO","BROWNSVILLE","US",1,"","24",""
"2026/02/19","23635.","A","ATCT","TX","CLL","COLLEGE STATION","US",1,"","24",""
"2026/02/19","23657.2","A","ATCT-TRACON","TX","CRP","CORPUS CHRISTI","US",1,"","24",""
"2026/02/19","23660.","A","ATCT","TX","NGP","CORPUS CHRISTI","US",1,"","SAME AS ARPT OPERG HRS",""
"2026/02/19","23710.2","A","ATCT","TX","RBD","DALLAS","US",1,"","24",""
"2026/02/19","23710.3","A","ATCT","TX","ADS","DALLAS","US",1,"","24","972-628-2439"
"2026/02/19","23710.38","A","ATCT","TX","TKI","DALLAS","US",1,"","24",""
"2026/02/19","23710.6","A","ATCT","TX","DFW","DALLAS-FORT WORTH","US",1,"D-ATIS","24","972-615-2701"
"2026/02/19","23713.","A","ATCT","TX","DAL","DALLAS","US",1,"D-ATIS","24","214-358-5355"
"2026/02/19","23744.","A","ATCT-RAPCON","TX","DLF","DEL RIO","US",1,"","ATCT HOURS",""
"2026/02/19","23750.","A","ATCT","TX","DTO","DENTON","US",1,"","24",""
"2026/02/19","23830.","A","ATCT-TRACON","TX","ELP","EL PASO","US",2,"D-ATIS","24","915-774-9415"
"2026/02/19","23882.2","A","ATCT-A/C","TX","GRK","FORT HOOD (KILLEEN)","US",1,"","24",""
"2026/02/19","23882.21","H","ATCT","TX","HLR","FORT HOOD (KILLEEN)","US",1,"","OPR 1400-0600Z++ MON-FRI EXC HOL, OT CTC ROBERT GRAY TWR 120.75 285.5",""
"2026/02/19","23887.","A","ATCT","TX","FTW","FORT WORTH","US",1,"","24",""
"2026/02/19","23895.","A","ATCT","TX","NFW","FORT WORTH","US",1,"","1300-0500Z++",""
"2026/02/19","23895.11","A","ATCT","TX","FWS","FORT WORTH","US",1,"","24",""
"2026/02/19","23895.3","A","ATCT","TX","AFW","FORT WORTH","US",1,"","24",""
"2026/02/19","23934.","A","ATCT","TX","GTU","GEORGETOWN","US",1,"","24","512-869-3430"
"2026/02/19","24012.","A","ATCT","TX","HRL","HARLINGEN","US",1,"","24",""
"2026/02/19","24067.3","A","ATCT","TX","EFD","HOUSTON","US",1,"","24","713-847-4430"
"2026/02/19","24067.61","A","ATCT","TX","SGR","HOUSTON","US",1,"","24",""
"2026/02/19","24071.","A","ATCT","TX","HOU","HOUSTON","US",1,"D-ATIS","24","713-847-1491"
"2026/02/19","24071.1","A","ATCT","TX","IAH","HOUSTON","US",1,"D-ATIS","24","281-209-8665"
"2026/02/19","24071.2","A","ATCT","TX","TME","HOUSTON","US",2,"","24","281-945-5451"
"2026/02/19","24072.1","A","ATCT","TX","CXO","HOUSTON","US",1,"","24",""
"2026/02/19","24073.1","A","ATCT","TX","DWH","HOUSTON","US",1,"","24",""
"2026/02/19","24166.","A","ATCT-A/C","TX","NQI","KINGSVILLE","US",1,"","AVBL 20 MINS PRIOR TO OPR HRS TIL COMPLETION OF OPR HRS OR CLOSURE.",""
"2026/02/19","24194.","A","ATCT","TX","LRD","LAREDO","US",1,"","24",""
"2026/02/19","24239.","A","ATCT-TRACON","TX","GGG","LONGVIEW","US",1,"","24",""
"2026/02/19","24245.","A","ATCT-TRACON","TX","LBB","LUBBOCK","US",2,"","24","806-766-6404"
"2026/02/19","24260.","A","ATCT","TX","MFE","MC ALLEN","US",1,"","24",""
"2026/02/19","24353.","A","ATCT-TRACON","TX","MAF","MIDLAND","US",1,"","24",""
"2026/02/19","24407.","A","ATCT","TX","BAZ","NEW BRAUNFELS","US",1,"","24",""
"2026/02/19","24446.","A","ATCT","TX","NOG","ORANGE GROVE","US",1,"","1330-2130Z++ MON-THU; 1330-1930Z++ FRI",""
"2026/02/19","24693.","A","ATCT","TX","SJT","SAN ANGELO","US",1,"","24",""
"2026/02/19","24704.","A","ATCT","TX","SKF","SAN ANTONIO","US",1,"","24 HRS.",""
"2026/02/19","24708.","A","ATCT","TX","SSF","SAN ANTONIO","US",1,"","24",""
"2026/02/19","24709.","A","ATCT-TRACON","TX","SAT","SAN ANTONIO","US",1,"D-ATIS","24","210-805-5515"
"2026/02/19","24780.","A","ATCT","TX","GYI","SHERMAN/DENISON","US",1,"","24",""
"2026/02/19","24947.","A","ATCT","TX","TYR","TYLER","US",1,"","24",""
"2026/02/19","24949.","A","ATCT","TX","RND","UNIVERSAL CITY","US",1,"","MON-FRI 1300-0000Z++; CLSD WEEKEND AND FEDERAL HOL.",""
"2026/02/19","24971.","A","ATCT","TX","VCT","VICTORIA","US",1,"","24",""
"2026/02/19","24976.","A","ATCT-TRACON","TX","ACT","WACO","US",1,"","24",""
"2026/02/19","25029.","A","ATCT-RAPCON","TX","SPS","WICHITA FALLS","US",1,"","OPR 1200-0200Z++",""
"2026/02/19","25233.","A","ATCT","UT","OGD","OGDEN","US",1,"","24",""
"2026/02/19","25269.","A","ATCT","UT","PVU","PROVO","US",1,"","24",""
"2026/02/19","25289.","A","ATCT","UT","SLC","SALT LAKE CITY","US",1,"D-ATIS","24","801-325-9749"
"2026/02/19","25385.","A","ATCT-TRACON","VT","BTV","BURLINGTON","US",1,"","24","802-657-4424"
"2026/02/19","25647.","A","ATCT","VA","BKT","BLACKSTONE","US",1,"","24","434-292-2457"
"2026/02/19","25666.","A","ATCT","VA","CHO","CHARLOTTESVILLE","US",1,"","24",""
"2026/02/19","25775.01","A","ATCT","VA","DAA","FORT BELVOIR","US",1,"","SAME AS ATCT",""
"2026/02/19","25863.","A","ATCT","VA","LYH","LYNCHBURG","US",1,"","24",""
"2026/02/19","25897.","A","ATCT","VA","PHF","NEWPORT NEWS","US",1,"","24",""
"2026/02/19","25903.","A","ATCT","VA","NGU","NORFOLK","US",1,"","24",""
"2026/02/19","25905.","A","ATCT-TRACON","VA","ORF","NORFOLK","US",1,"","24","757-464-1390"
"2026/02/19","25959.","A","ATCT-RATCF","VA","NYG","QUANTICO","US",1,"","SAME AS ARPT OPERG HRS",""
"2026/02/19","25977.","A","ATCT","VA","RIC","RICHMOND","US",1,"","24",""
"2026/02/19","25986.","A","ATCT-TRACON","VA","ROA","ROANOKE","US",1,"","24",""
"2026/02/19","26043.11","A","ATCT-RATCF","VA","NTU","VIRGINIA BEACH","US",1,"","0700-0000","DSN-433-2377"
"2026/02/19","26109.","A","ATCT","WA","BLI","BELLINGHAM","US",1,"","24","360-647-5939"
"2026/02/19","26210.","A","ATCT","WA","PAE","EVERETT","US",1,"","24","425-355-9797"
"2026/02/19","26216.","A","ATCT","WA","GRF","FORT LEWIS/TACOMA","US",1,"","24",""
"2026/02/19","26307.","A","ATCT-TRACON","WA","MWH","MOSES LAKE","US",1,"","24",""
"2026/02/19","26323.","A","ATCT-RATCF","WA","NUW","OAK HARBOR","US",1,"","24",""
"2026/02/19","26327.","A","ATCT","WA","OLM","OLYMPIA","US",1,"","24",""
"2026/02/19","26345.","A","ATCT","WA","PSC","PASCO","US",1,"","24",""
"2026/02/19","26381.","A","ATCT","WA","RNT","RENTON","US",1,"","24",""
"2026/02/19","26395.","A","ATCT","WA","SEA","SEATTLE","US",1,"D-ATIS","24","206-241-6025"
"2026/02/19","26396.","A","ATCT","WA","BFI","SEATTLE","US",1,"","24","206-767-4113"
"2026/02/19","26416.","A","ATCT-TRACON","WA","GEG","SPOKANE","US",1,"","24","509-838-0895"
"2026/02/19","26417.","A","ATCT","WA","SFF","SPOKANE","US",1,"","24",""
"2026/02/19","26419.","A","ATCT","WA","SKA","SPOKANE","US",1,"","24",""
"2026/02/19","26432.","A","ATCT","WA","TCM","TACOMA","US",2,"D-ATIS","24HRS.",""
"2026/02/19","26434.4","A","ATCT","WA","TIW","TACOMA","US",1,"","24",""
"2026/02/19","26480.","A","ATCT","WA","YKM","YAKIMA","US",1,"","24",""
"2026/02/19","26575.","A","ATCT-TRACON","WV","CRW","CHARLESTON","US",1,"","24",""
"2026/02/19","26582.","A","ATCT-TRACON","WV","CKB","CLARKSBURG","US",1,"","24",""
"2026/02/19","26693.","A","ATCT-TRACON","WV","HTS","HUNTINGTON","US",1,"","24",""
"2026/02/19","26713.","A","ATCT","WV","LWB","LEWISBURG","US",1,"","24",""
"2026/02/19","26820.","A","ATCT","WV","PKB","PARKERSBURG","US",1,"","24",""
"2026/02/19","27013.1","A","ATCT","WI","ATW","APPLETON","US",1,"","24",""
"2026/02/19","27170.","A","ATCT","WI","EAU","EAU CLAIRE","US",1,"","24",""
"2026/02/19","27234.","A","ATCT-TRACON","WI","GRB","GREEN BAY","US",1,"","24",""
"2026/02/19","27272.","A","ATCT","WI","JVL","JANESVILLE","US",1,"","24",""
"2026/02/19","27286.1","A","ATCT","WI","ENW","KENOSHA","US",1,"","24",""
"2026/02/19","27304.","A","ATCT","WI","LSE","LA CROSSE","US",1,"","24",""
"2026/02/19","27346.","A","ATCT-TRACON","WI","MSN","MADISON","US",1,"","24",""
"2026/02/19","27386.","A","ATCT","WI","MWC","MILWAUKEE","US",1,"","24",""
"2026/02/19","27388.","A","ATCT-TRACON","WI","MKE","MILWAUKEE","US",1,"D-ATIS","24",""
"2026/02/19","27406.31","A","ATCT","WI","CWA","MOSINEE","US",1,"","24",""
"2026/02/19","27469.","A","ATCT","WI","OSH","OSHKOSH","US",1,"","24",""
"2026/02/19","27661.","A","ATCT","WI","UES","WAUKESHA","US",1,"","24",""
"2026/02/19","27754.","A","ATCT-TRACON","WY","CPR","CASPER","US",1,"","24",""
"2026/02/19","27759.","A","ATCT-RAPCON","WY","CYS","CHEYENNE","US",1,"","24",""
"2026/02/19","27805.","A","ATCT","WY","GUR","GUERNSEY","US",1,"ATIS","24 HR.","307-836-7862"
"2026/02/19","27813.","A","ATCT","WY","JAC","JACKSON","US",1,"D-ATIS","24","307-201-5099"
"2026/02/19","50034.","A","ATCT","AK","ANC","ANCHORAGE","US",1,"D-ATIS","24","907-243-2847"
"2026/02/19","50035.","A","ATCT","AK","MRI","ANCHORAGE","US",1,"","24",""
"2026/02/19","50036.","A","ATCT","AK","EDF","ANCHORAGE","US",1,"","0700-2300",""
"2026/02/19","50036.5","A","ATCT","AK","FRN","FORT RICHARDSON (ANCHORAGE)","US",1,"","24",""
"2026/02/19","50037.","A","ATCT","AK","LHD","ANCHORAGE","US",1,"","24","907-245-5432"
"2026/02/19","50061.1","A","ATCT","AK","BET","BETHEL","US",1,"","24",""
"2026/02/19","50146.","A","ATCT","AK","BIG","DELTA JUNCTION FT GREELY","US",1,"","24",""
"2026/02/19","50216.","A","ATCT","AK","FBK","FAIRBANKS/FT WAINWRIGHT","US",1,"","24","907-353-5233"
"2026/02/19","50217.","A","ATCT","AK","EIL","FAIRBANKS","US",1,"","1600-0800Z++",""
"2026/02/19","50219.","A","ATCT-TRACON","AK","FAI","FAIRBANKS","US",1,"","24","907-456-1244"
"2026/02/19","50385.","A","ATCT","AK","JNU","JUNEAU","US",1,"","24",""
"2026/02/19","50410.","A","ATCT","AK","ENA","KENAI","US",1,"","24",""
"2026/02/19","50416.","A","ATCT","AK","AKN","KING SALMON","US",1,"","24",""
"2026/02/19","50425.","A","ATCT","AK","ADQ","KODIAK","US",1,"","24",""
"2026/02/19","51510.","A","ATCT","GU","GUM","TAMUNING","US",1,"","24",""
"2026/02/19","51523.2","A","ATCT","MP","GSN","SAIPAN ISLAND","US",1,"","24",""
"2026/02/19","52095.","A","ATCT-TRACON","HI","ITO","HILO","US",1,"","24",""
"2026/02/19","52161.","A","ATCT-A/C","HI","HNL","HONOLULU","US",1,"D-ATIS","24",""
"2026/02/19","52240.","A","ATCT-A/C","HI","OGG","KAHULUI","US",1,"","24",""
"2026/02/19","52250.2","A","ATCT","HI","KOA","KAILUA-KONA","US",1,"","24",""
"2026/02/19","52278.","A","ATCT-RATCF","HI","NGF","KANEOHE","US",1,"","SAME AS ATCT",""
"2026/02/19","52282.","A","ATCT","HI","JRF","KAPOLEI","US",1,"","24",""
"2026/02/19","52294.","A","ATCT","HI","MKK","KAUNAKAKAI","US",1,"","24",""
"2026/02/19","52302.1","A","ATCT","HI","BKH","KEKAHA,KAUAI","US",1,"","0700-1800 MON-FRI EXC HOL, OT BY OPE NEC ONLY.",""
"2026/02/19","52420.","A","ATCT","HI","LIH","LIHUE","US",1,"","24",""
"2026/02/19","52587.","A","ATCT","HI","HHI","WAHIAWA","US",1,"D-ATIS","24","808-656-1789"
"2026/02/19","53004.","A","ATCT","PR","BQN","AGUADILLA","US",3,"","24",""
"2026/02/19","53180.","A","ATCT","PR","SIG","SAN JUAN","US",1,"","24",""
"2026/02/19","53180.1","A","ATCT-A/C","PR","SJU","SAN JUAN","US",1,"D-ATIS","24",""
"2026/02/19","55027.","A","ATCT","VI","STT","CHARLOTTE AMALIE","US",1,"","24",""
"2026/02/19","55030.","A","ATCT","VI","STX","CHRISTIANSTED","US",1,"","24",""
"2026/02/19","90001.","A","ATCT","","CYXX","ABBOTSFORD","CA",1,"","1500-0700Z++","1-877-517-2847"
"2026/02/19","90359.","A","ATCT","","CYPK","PITT MEADOWS","CA",1,"ATIS","1500-0700Z++","1-877-517-2847"
"2026/02/19","90730.","A","ATCT","","MYNN","NASSAU","BS",1,"","24",""
"2026/02/19","90780.","A","ATCT","","TXKF","HAMILTON","BM",1,"","24",""
"2026/02/19","90790.","A","ATCT","","TUPJ","ROADTOWN","VG",1,"","1100-0200Z UTC-4",""
"2026/02/19","90875.","A","ATCT-TRACON","","TNCM","PHILIPSBURG","AN",1,"","24.",""
"2026/02/19","90960.","A","ATCT","","MBPV","PROVIDENCIALES","TC",1,"","24",""
