"EFF_DATE","DP_NAME","AMENDMENT_NO","ARTCC","DP_AMEND_EFF_DATE","RNAV_FLAG","DP_COMPUTER_CODE","GRAPHICAL_DP_TYPE","SERVED_ARPT"
"2026/01/22","ACCRA","FIVE","ZAU","2020/03/26","Y","ACCRA5.ACCRA","SID","57C BUU ENW ETB HXF MKE MWC RAC UES"
"2026/01/22","ACONY","THREE","ZSU","2019/01/03","Y","ACONY3.ACONY","SID","SJU"
"2026/01/22","ADAMM","THREE","ZLA","2020/01/30","N","ADAMM3.ADAMM","SID","VNY"
"2026/01/22","ADELL","SEVEN","ZAU","2024/10/31","Y","ADELL7.ADELL","SID","ARR DPA GYY LOT"
"2026/01/22","ADEXE","ONE","ZLC","2017/10/12","Y","ADEXE1.ADEXE","OBSTACLE","MAN"
"2026/01/22","ADIBE","ONE","ZLC","2024/07/11","Y","ADIBE1.ADIBE","OBSTACLE","U34"
"2026/01/22","ADYOS","THREE","ZAB","2015/06/25","Y","ADYOS3.ADYOS","SID","ABQ"
"2026/01/22","AEROZ","TWO","ZHU","2021/04/22","Y","AEROZ2.AEROZ","SID","3R9 AUS EDC GTU HYI RYW T74"
"2026/01/22","AFTON","FOUR","ZLC","2018/07/19","Y","AFTON4.GIGSE","OBSTACLE","AFO"
"2026/01/22","AGERS","ONE","ZMA","2022/05/19","Y","AGERS1.AGERS","SID","FLL"
"2026/01/22","AHABB","ONE","ZMA","2026/01/22","Y","AHABB1.AHABB","OBSTACLE","PBI"
"2026/01/22","AHEHU","THREE","ZLC","2016/03/31","Y","AHEHU3.AHEHU","SID","SMN"
"2026/01/22","AHMET","FIVE","ZOB","2025/11/27","Y","AHMET5.KKIDS","SID","BKL CGF LNN LPR"
"2026/01/22","AJOFY","ONE","ZAN","2021/12/02","Y","AJOFY1.AJOFY","OBSTACLE","CJX"
"2026/01/22","AKIAK","ONE","ZAN","2009/08/27","Y","AKIAK1.BET","OBSTACLE","AKI"
"2026/01/22","AKUMY","FIVE","ZAN","2023/08/10","Y","AKUMY5.AKUMY","OBSTACLE","AKP"
"2026/01/22","AKUNA","NINE","ZFW","2020/11/05","Y","AKUNA9.AKUNA","SID","DFW"
"2026/01/22","ALAMO","FIVE","ZHU","2025/08/07","N","ALAMO5.ALAMO","SID","SAT SSF"
"2026/01/22","ALBANY","SEVEN","ZBW","2018/07/19","N","ALB7.ALB","SID","ALB"
"2026/01/22","ALBUQUERQUE","THREE","ZAB","2017/10/12","N","ABQ3.ABQ","SID","ABQ"
"2026/01/22","ALCOS","SIX","ZDV","2016/07/21","N","ALCOS6.ALCOS","SID","CPR"
"2026/01/22","ALEXANDRIA","THREE","ZHU","2021/10/07","N","AEX3.AEX","SID","AXH CXO DWH EFD GLS HOU IAH IWS LBX SGR T41 TME"
"2026/01/22","ALIAN","TWO","ZFW","2016/02/04","Y","ALIAN2.ALIAN","SID","DFW"
"2026/01/22","ALICO","SEVEN","ZMA","2020/12/31","N","ALICO7.ALICO","SID","RSW"
"2026/01/22","ALISS","SEVEN","ZHU","2025/08/07","Y","ALISS7.ALISS","SID","5C1 BAZ CVB PEZ RND SAT SKF SSF"
"2026/01/22","ALKAL","ONE","ZLC","2022/05/19","Y","ALKAL1.ALKAL","OBSTACLE","U76"
"2026/01/22","ALLEGHENY","NINE","ZOB","2018/09/13","N","AGC9.AGC","SID","AGC"
"2026/01/22","ALMDN","FOUR","ZOA","2018/02/01","Y","ALMDN4.ALMDN","SID","SJC"
"2026/01/22","ALMON","ONE","ZAB","2010/07/29","Y","ALMON1.ALMON","OBSTACLE","RYN"
"2026/01/22","ALPIN","FOUR","ZLC","2023/04/20","N","ALPIN4.KICNE","SID","JAC"
"2026/01/22","ALPYN","ONE","ZOA","2022/11/03","Y","ALPYN1.ALPYN","SID","RNO"
"2026/01/22","ALTNN","TWO","ZMA","2024/03/21","Y","ALTNN2.ALTNN","SID","HST MIA OPF TMB X51"
"2026/01/22","AMEDEE","ONE","ZOA","2004/02/19","N","AHC1.AHC","OBSTACLE","SVE"
"2026/01/22","AMEEE","ONE","ZDC","2020/12/31","Y","AMEEE1.AMEEE","SID","DCA"
"2026/01/22","AMERY","FOUR","ZHN","2017/12/07","N","AMERY4.AMERY","SID","KOA"
"2026/01/22","ANAHEIM","ONE","ZLA","2018/07/19","N","ANAHM1.SLI","SID","FUL LGB SNA"
"2026/01/22","ANCHORAGE","ONE","ZAN","2024/07/11","N","ANCH1.ANCH","SID","ANC"
"2026/01/22","ANEKE","TWO","ZAB","2008/07/31","Y","ANEKE2.CELAV","OBSTACLE","AXX"
"2026/01/22","ANGIL","ONE","ZLC","2007/05/10","Y","ANGIL1.ANGIL","OBSTACLE","8S1"
"2026/01/22","ARCHZ","ONE","ZLC","2018/05/24","Y","ARCHZ1.ARCHZ","SID","SLC"
"2026/01/22","ARDIA","SEVEN","ZFW","2019/10/10","Y","ARDIA7.ARDIA","SID","DFW"
"2026/01/22","ARLINGTON","TWO","ZSE","2016/05/26","N","NOT ASSIGNED","SID","AWO"
"2026/01/22","ARSENAL","FIVE","ZDC","2016/07/21","N","ARSNL5.CSN","SID","HEF"
"2026/01/22","ASHEVILLE","SEVEN","ZTL","2021/02/25","N","AVL7.AVL","SID","AVL"
"2026/01/22","ASORT","THREE","ZAN","2026/01/22","N","ASORT3.ASORT","SID","JNU"
"2026/01/22","ASPEN","SEVEN","ZDV","2016/07/21","N","ASPE7.ASPE","SID","ASE"
"2026/01/22","ASTORIA","THREE","ZSE","2018/07/19","N","AST3.AST","OBSTACLE","AST"
"2026/01/22","ATASY","THREE","ZSE","2025/06/12","Y","ATASY3.ATASY","OBSTACLE","TDO"
"2026/01/22","ATKNN","FIVE","ZAB","2016/07/21","Y","ATKNN5.ATKNN","SID","ELP"
"2026/01/22","ATLANTA","TWO","ZTL","2024/01/25","N","ATL2.ATL","SID","ATL"
"2026/01/22","ATLANTIC CITY","THREE","ZDC","2025/08/07","N","ACY3.ACY","SID","ACY"
"2026/01/22","ATOMK","THREE","ZAB","2015/06/25","Y","ATOMK3.ATOMK","SID","ABQ"
"2026/01/22","AURELIA","FOUR","ZLC","2025/06/12","Y","AUREL4.SIRPE","SID","SUN"
"2026/01/22","AUSTIN","SEVEN","ZHU","2024/09/05","N","AUS7.CWK","SID","AUS"
"2026/01/22","AUTMN","SIX","ZME","2020/12/31","Y","AUTMN6.AUTMN","SID","MEM"
"2026/01/22","AVENAL","ONE","ZOA","2023/10/05","N","AVE1.AVE","OBSTACLE","C80"
"2026/01/22","AVILA","FOUR","ZLA","2020/01/30","N","AVILA4.AVILA","SID","SBP"
"2026/01/22","AZALA","FOUR","ZTL","2018/07/19","Y","AZALA4.AZALA","SID","DNL HQU"
"2026/01/22","AZONE","SEVEN","ZME","2020/12/31","Y","AZONE7.AZONE","SID","MEM"
"2026/01/22","BACHMAN","TWO","ZFW","2025/11/27","N","BACH2.TTT","SID","DAL"
"2026/01/22","BACHS","TWO","ZSE","2008/04/10","Y","BACHS2.BACHS","OBSTACLE","AAT"
"2026/01/22","BACMY","TWO","ZAN","2016/07/21","Y","BACMY2.BACMY","SID","CEM"
"2026/01/22","BALDY","THREE","ZAB","2019/02/28","N","BALDY3.MAXXO","SID","PHX"
"2026/01/22","BANGOR","FIVE","ZBW","2023/10/05","N","BGR5.BGR","SID","BGR"
"2026/01/22","BANGR","NINE","ZSE","2017/10/12","Y","BANGR9.BANGR","SID","SEA"
"2026/01/22","BANNG","THREE","ZTL","2022/05/19","Y","BANNG3.BANNG","SID","ATL"
"2026/01/22","BANZI","ONE","ZHN","2020/01/30","Y","BANZI1.BANZI","SID","HNL"
"2026/01/22","BARII","THREE","ZOB","2024/05/16","Y","BARII3.BARII","SID","ARB DET DTW MTC ONZ OZW PTK TTF VLL YIP"
"2026/01/22","BARMY","FIVE","ZTL","2024/03/21","Y","BARMY5.BARMY","SID","AKH CLT EQY IPJ JQF LKR RUQ UZA VUJ"
"2026/01/22","BAYLR","SIX","ZDV","2020/03/26","Y","BAYLR6.BAYLR","SID","DEN"
"2026/01/22","BAYPO","TWO","ZMA","2024/05/16","Y","BAYPO2.BAYPO","SID","PIE TPA"
"2026/01/22","BBKNG","SEVEN","ZME","2020/12/31","Y","BBKNG7.BBKNG","SID","MEM"
"2026/01/22","BEACH","FOUR","ZHN","2015/08/20","N","BEACH4.BEACH","SID","OGG"
"2026/01/22","BEAR LAKE","ONE","ZLC","2023/04/20","Y","1U71.LUNDI","OBSTACLE","1U7"
"2026/01/22","BEAVY","SIX","ZTL","2024/03/21","Y","BEAVY6.BEAVY","SID","AKH CLT EQY IPJ JQF LKR RUQ UZA VUJ"
"2026/01/22","BELLEVUE","FOUR","ZSE","2018/09/13","N","BELVU4.BELVU","SID","RNT"
"2026/01/22","BELLINGHAM","ONE","ZVR","2025/11/27","Y","BLI1.SQURL","OBSTACLE","BLI"
"2026/01/22","BEMAR","THREE","ZDC","2020/09/10","Y","BEMAR3.BEMAR","SID","BCB"
"2026/01/22","BEND","TWO","ZSE","2023/08/10","N","BDN2.BDN","OBSTACLE","BDN"
"2026/01/22","BENTON","SEVEN","ZME","2022/11/03","N","BENTN7.BENTN","SID","VBT"
"2026/01/22","BERMUDA DUNES","ONE","ZLA","2018/11/08","N","KUDD1.KUDD","OBSTACLE","UDD"
"2026/01/22","BERNI","THREE","ZSE","2018/02/01","Y","BERNI3.BERNI","SID","HIO"
"2026/01/22","BERYY","SIX","ZKC","2025/11/27","Y","BERYY6.BERYY","SID","STL"
"2026/01/22","BETHEL","TWO","ZAN","2016/07/21","Y","BET2.BET","SID","KWT"
"2026/01/22","BETTLES","TWO","ZAN","2017/10/12","Y","BTT2.BTT","OBSTACLE","CXF"
"2026/01/22","BEVERLY","THREE","ZBW","2022/12/29","N","BVY3.BVY","SID","BVY"
"2026/01/22","BEVVR","ONE","ZDV","2018/07/19","Y","BEVVR1.BEVVR","SID","EGE"
"2026/01/22","BEXGO","FIVE","ZDC","2021/12/02","Y","BEXGO5.BEXGO","SID","RDU"
"2026/01/22","BGOOD","FIVE","ZKC","2018/07/19","Y","BGOOD5.BGOOD","SID","STL"
"2026/01/22","BGSKY","TWO","ZLC","2024/12/26","Y","BGSKY2.BGSKY","SID","BZN"
"2026/01/22","BIBNE","THREE","ZAN","2012/05/31","Y","BIBNE3.BIBNE","OBSTACLE","MDM"
"2026/01/22","BIG LAKE","TWO","ZAN","2016/09/15","Y","BGQ2.BGQ","OBSTACLE","UUO"
"2026/01/22","BILLINGS","FIVE","ZLC","2018/02/01","N","BIL5.BIL","SID","6S8 BIL"
"2026/01/22","BIMMR","THREE","ZTL","2022/05/19","Y","BIMMR3.BIMMR","SID","GMU GSP GYH SPA"
"2026/01/22","BINAL","TWO","ZAN","2019/12/05","Y","BINAL2.BINAL","OBSTACLE","OUL"
"2026/01/22","BINKY","SIX","ZME","2020/12/31","Y","BINKY6.BINKY","SID","MEM"
"2026/01/22","BIORKA","FOUR","ZAN","2018/02/01","N","BKA4.BKA","OBSTACLE","SIT"
"2026/01/22","BIRMINGHAM","EIGHT","ZTL","2021/04/22","N","BHM8.BHM","SID","BHM"
"2026/01/22","BIXBY","ONE","ZAU","2024/01/25","Y","BIXBY1.BIXBY","SID","RFD"
"2026/01/22","BLACKSTONE","ONE","ZDC","2014/11/13","N","BKT1.BKT","SID","BKT"
"2026/01/22","BLECO","EIGHT","ZFW","2018/03/29","Y","BLECO8.BLECO","SID","DFW"
"2026/01/22","BLOKR","SEVEN","ZAU","2024/10/31","Y","BLOKR7.BLOKR","SID","ARR DPA GYY LOT"
"2026/01/22","BLTWY","SEVEN","ZHU","2021/10/07","Y","BLTWY7.BLTWY","SID","54T 6R3 ARM AXH BYY CXO DWH EFD GLS HOU HPY IAH IWS LBX LVJ SGR T00 T41 T78 TME"
"2026/01/22","BLUE LAKE","THREE","ZSE","2011/06/30","N","NOT ASSIGNED","SID","TTD"
"2026/01/22","BLUE MESA","THREE","ZDV","2016/07/21","N","HBU3.HBU","SID","MTJ"
"2026/01/22","BLUEFIELD","ONE","ZID","2025/11/27","N","BLUEF1.BLF","OBSTACLE","BLF"
"2026/01/22","BLUSH","TWO","ZHN","2014/05/29","N","BLUSH2.BLUSH","SID","MKK"
"2026/01/22","BLZZR","SIX","ZBW","2023/11/30","Y","BLZZR6.BLZZR","SID","BOS"
"2026/01/22","BMRNG","FOUR","ZOA","2016/07/21","Y","BMRNG4.BMRNG","SID","SJC"
"2026/01/22","BNDIA","THREE","ZHU","2021/04/22","Y","BNDIA3.BNDIA","SID","3R9 AUS EDC GTU HYI RYW T74"
"2026/01/22","BNDTO","SIX","ZHU","2024/07/11","Y","BNDTO6.BNDTO","SID","IAH"
"2026/01/22","BNGLE","FIVE","ZID","2024/03/21","Y","BNGLE5.BNGLE","SID","CVG"
"2026/01/22","BNGOS","FOUR","ZMA","2024/03/21","Y","BNGOS4.BNGOS","SID","HST MIA OPF TMB X51"
"2026/01/22","BNICE","TWO","ZMA","2024/03/21","Y","BNICE2.BNICE","SID","FLL FXE PMP"
"2026/01/22","BNYRD","SIX","ZAB","2018/05/24","Y","BNYRD6.BNYRD","SID","CHD DVT GEU GYR IWA SDL"
"2026/01/22","BOBKT","FIVE","ZLC","2024/07/11","Y","BOBKT5.BOBKT","SID","BZN"
"2026/01/22","BOBZY","FIVE","ZTL","2024/03/21","Y","BOBZY5.BOBZY","SID","AKH CLT EQY IPJ JQF LKR RUQ UZA VUJ"
"2026/01/22","BOISE","THREE","ZLC","2016/05/26","N","BOI3.BOI","SID","BOI"
"2026/01/22","BORDER","SEVEN","ZLA","2015/08/20","N","BRDR7.BROWS","SID","SAN"
"2026/01/22","BORLAND","TWO","ZAN","2018/09/13","N","HBT2.HBT","OBSTACLE","SDP"
"2026/01/22","BORRN","SIX","ZHU","2023/11/30","Y","BORRN6.BORRN","SID","54T 6R3 AXH CXO DWH EFD GLS HPY IWS LBX LVJ SGR T00 T41 T78 TME"
"2026/01/22","BOSQE","THREE","ZAB","2015/06/25","Y","BOSQE3.BOSQE","SID","ABQ"
"2026/01/22","BOTCH","ONE","ZFW","2025/04/17","Y","BOTCH1.BOTCH","SID","50F ADS AFW CPT DAL DFW DTO F41 F46 FTW FWS GKY GPM HQZ JWY LNC LUD NFW RBD TKI WEA"
"2026/01/22","BOULDER CITY","ONE","ZLA","2008/02/14","N","BLD1.BLD","OBSTACLE","VGT"
"2026/01/22","BOWIE","EIGHT","ZHU","2025/08/07","N","BOWIE8.BOWIE","SID","SAT SSF"
"2026/01/22","BOZEMAN","SIX","ZLC","2018/05/24","N","BZN6.BZN","OBSTACLE","BZN"
"2026/01/22","BRADLEY","SIX","ZBW","2021/08/12","N","NOT ASSIGNED","SID","BDL"
"2026/01/22","BRAKK","FIVE","ZKC","2018/07/19","Y","BRAKK5.BRAKK","SID","STL"
"2026/01/22","BRALY","ONE","ZOA","2020/05/21","N","BRALY1.BRALY","SID","PRB"
"2026/01/22","BREVIG","THREE","ZAN","2023/10/05","Y","KTS3.MUJUD","OBSTACLE","KTS"
"2026/01/22","BRICK","FOUR","ZDV","2018/05/24","N","BRICK4.JNC","SID","MTJ"
"2026/01/22","BRIDGEHAVEN","ONE","ZNY","2022/09/08","N","BHAVN1.BDR","SID","BDR HVN"
"2026/01/22","BRIDGES","TWO","ZLC","2020/12/31","Y","RVF2.HIA","OBSTACLE","RVF"
"2026/01/22","BROAK","ONE","ZAB","2018/05/24","Y","BROAK1.BROAK","SID","PHX"
"2026/01/22","BRSTL","ONE","ZJX","2023/08/10","Y","BRSTL1.BRSTL","SID","JAX"
"2026/01/22","BRUWN","SEVEN","ZBW","2023/11/30","Y","BRUWN7.BRUWN","SID","BOS"
"2026/01/22","BRYCE","TWO","ZLC","2011/03/10","Y","BRYCE2.BRYCE","OBSTACLE","BCE"
"2026/01/22","BUCHANAN","TWO","ZOA","2017/06/22","N","BCHN2.CCR","SID","CCR"
"2026/01/22","BUCKEYE","FOUR","ZAB","2015/06/25","N","BXK4.BXK","SID","PHX"
"2026/01/22","BUELT","FOUR","ZLA","2016/11/10","N","BUELT4.BUELT","SID","SMX"
"2026/01/22","BUFFALO","EIGHT","ZOB","2021/12/02","N","BUF8.BUF","SID","BUF"
"2026/01/22","BUFIY","FOUR","ZDC","2024/10/31","Y","BUFIY4.BUFIY","SID","ROA"
"2026/01/22","BUFTT","ONE","ZMA","2024/10/31","Y","BUFTT1.BUFTT","SID","EYW"
"2026/01/22","BULLDOG","THREE","ZOA","2018/07/19","N","BULL3.NTELL","SID","FAT"
"2026/01/22","BUNZZ","THREE","ZDC","2015/06/25","Y","BUNZZ3.BUNZZ","SID","IAD"
"2026/01/22","BURLINGTON","ONE","ZBW","2021/02/25","N","BTV1.BTV","SID","BTV"
"2026/01/22","BURRO","FIVE","ZAB","2023/11/30","Y","BURRO5.BURRO","SID","TUS"
"2026/01/22","BWALL","TWO","ZTL","2019/04/25","Y","BWALL2.BWALL","SID","GMU GSP GYH SPA"
"2026/01/22","BYTER","ONE","ZAB","2023/06/15","Y","BYTER1.BYTER","OBSTACLE","SEZ"
"2026/01/22","CABOT","ONE","ZAN","2025/09/04","Y","CABOT1.CABOT","OBSTACLE","KKI"
"2026/01/22","CADKI","ONE","ZLC","2017/10/12","Y","CADKI1.CADKI","OBSTACLE","MAN"
"2026/01/22","CALIFORNIA CITY","ONE","ZLA","2005/03/17","Y","L711.LHS","OBSTACLE","L71"
"2026/01/22","CAMARILLO","SIX","ZLA","2016/09/15","N","CMA6.CMA","SID","OXR"
"2026/01/22","CAMBA","FOUR","ZAB","2021/12/02","Y","CAMBA4.CAMBA","SID","TYL"
"2026/01/22","CANBY","TWO","ZSE","2018/02/01","N","CANBY2.CANBY","SID","HIO"
"2026/01/22","CANOGA","THREE","ZLA","2020/01/30","N","CANOG3.IPIHO","SID","VNY"
"2026/01/22","CANYON","FOUR","ZDV","2016/07/21","N","CANYN4.PUB","SID","PUB"
"2026/01/22","CAPITAL","ONE","ZDC","2017/08/17","N","CPTAL1.IAD","SID","IAD"
"2026/01/22","CAPITAN","TWO","ZAB","2021/02/25","N","CAP2.CEP","OBSTACLE","SRR"
"2026/01/22","CARBON","TWO","ZDV","2023/10/05","Y","CRBN2.NEDAE","OBSTACLE","DWX"
"2026/01/22","CARYN","SEVEN","ZAU","2024/10/31","Y","CARYN7.CARYN","SID","ARR DPA GYY LOT"
"2026/01/22","CASCADE","FOUR","ZSE","2025/04/17","Y","CASCD4.CHISM","SID","PDX"
"2026/01/22","CASEL","SEVEN","ZAN","2018/03/29","N","CASEL7.CASEL","SID","CDV"
"2026/01/22","CASPER","THREE","ZDV","2016/07/21","N","CPR3.CPR","SID","CPR"
"2026/01/22","CATALINA","EIGHT","ZLA","2017/08/17","N","SXC8.SXC","SID","LAX"
"2026/01/22","CATHEDRAL","ONE","ZLA","2009/10/22","N","CATH1.PSP","SID","PSP"
"2026/01/22","CAVVS","FIVE","ZOB","2025/11/27","Y","CAVVS5.CAVVS","SID","BKL CGF CLE LNN LPR"
"2026/01/22","CBAIN","ONE","ZSE","2017/10/12","Y","CBAIN1.CBAIN","SID","BFI"
"2026/01/22","CCOBB","THREE","ZOB","2024/05/16","Y","CCOBB3.CCOBB","SID","ARB DET DTW MTC ONZ OZW PTK TTF VLL YIP"
"2026/01/22","CELTK","SEVEN","ZBW","2023/11/30","Y","CELTK7.CELTK","SID","BOS"
"2026/01/22","CENTEX","EIGHT","ZHU","2025/02/20","N","CWK8.CWK","SID","AUS"
"2026/01/22","CENTRAL","ONE","ZNY","2019/02/28","N","CENTR1.ARD","SID","47N"
"2026/01/22","CGULL","ONE","ZLC","2018/05/24","Y","CGULL1.CGULL","SID","SLC"
"2026/01/22","CHACO","ONE","ZDV","1996/12/05","N","CHACO1.CHACO","SID","FMN"
"2026/01/22","CHADM","FOUR","ZME","2025/11/27","Y","CHADM4.CHADM","SID","BNA"
"2026/01/22","CHANNEL","THREE","ZLA","2016/11/10","N","CHANL3.SXC","SID","SNA"
"2026/01/22","CHARLIE","EIGHT","ZOA","2022/03/24","N","CHRLY8.ROZZA","SID","STS"
"2026/01/22","CHARLOTTE","THREE","ZTL","2023/08/10","N","CLT3.CLT","SID","CLT"
"2026/01/22","CHATT","SIX","ZTL","2018/03/29","Y","CHATT6.CHATT","SID","AGS AIK DNL HQU"
"2026/01/22","CHATTANOOGA","NINE","ZTL","2024/04/18","N","CHA9.CHA","SID","CHA"
"2026/01/22","CHATY","FIVE","ZLA","2017/04/27","N","CHATY5.CHATY","SID","LAX"
"2026/01/22","CHCLL","SIX","ZID","2024/03/21","Y","CHCLL6.CHCLL","SID","CVG"
"2026/01/22","CHICO","FIVE","ZOA","2020/05/21","N","CIC5.CIC","SID","CIC"
"2026/01/22","CHIEF","NINE","ZKC","2023/10/05","N","CHIEF9.MCI","SID","FLV GPH IXD LXT MCI MKC OJC STJ"
"2026/01/22","CHILY","FOUR","ZAB","2015/06/25","N","CHILY4.CHILY","SID","PHX"
"2026/01/22","CHISM","FOUR","ZSE","2018/02/01","Y","CHISM4.CHISM","SID","HIO"
"2026/01/22","CHLDR","FIVE","ZME","2020/12/31","Y","CHLDR5.CHLDR","SID","MEM"
"2026/01/22","CHOII","THREE","ZLA","2020/09/10","Y","CHOII3.CHOII","SID","SMO"
"2026/01/22","CHOIR","THREE","ZSE","2016/09/15","Y","CHOIR3.CHOIR","SID","AAT"
"2026/01/22","CHOTT","ONE","ZOA","2024/10/31","Y","CHOTT1.CHOTT","OBSTACLE","O05"
"2026/01/22","CHRRO","ONE","ZOA","2024/01/25","Y","CHRRO1.CHRRO","SID","STS"
"2026/01/22","CHUNA","TWO","ZAN","2020/09/10","N","CHUNA2.CHUNA","SID","CDB"
"2026/01/22","CHUUC","SIX","ZKC","2022/05/19","Y","CHUUC6.CHUUC","SID","STL"
"2026/01/22","CHUWY","ONE","ZDV","2020/03/26","Y","CHUWY1.CHUWY","SID","DEN"
"2026/01/22","CICERO","FOUR","ZAU","2025/06/12","N","NOT ASSIGNED","SID","MDW"
"2026/01/22","CIITY","THREE","ZOA","2015/08/20","Y","CIITY3.CIITY","SID","SFO"
"2026/01/22","CILAC","THREE","ZAN","2018/11/08","Y","CILAC3.CILAC","OBSTACLE","PEV"
"2026/01/22","CINCINNATI","SEVEN","ZID","2025/08/07","N","CVG7.CVG","SID","CVG"
"2026/01/22","CISPU","ONE","ZLC","2008/06/05","Y","CISPU1.CISPU","OBSTACLE","M46"
"2026/01/22","CITRUS","ONE","ZJX","2017/12/07","N","CITR1.CITR","SID","MCO"
"2026/01/22","CLSSY","THREE","ZLA","2026/01/22","Y","CLSSY3.CLSSY","SID","SAN"
"2026/01/22","CLTCH","THREE","ZDC","2020/12/31","Y","CLTCH3.CLTCH","SID","DAA DCA IAD JYO MRB OKV"
"2026/01/22","CLVIN","THREE","ZOB","2024/05/16","Y","CLVIN3.CLVIN","SID","ARB DET DTW MTC ONZ OZW PTK TTF VLL YIP"
"2026/01/22","CNDEL","FIVE","ZOA","2021/08/12","Y","CNDEL5.CNDEL","SID","OAK"
"2026/01/22","COALDALE","FOUR","ZOA","2017/12/07","N","OAL4.OAL","SID","FAT"
"2026/01/22","COAST","NINE","ZOA","2018/02/01","N","COAST9.MCKEY","SID","OAK"
"2026/01/22","COCHISE","ONE","ZAB","2013/05/02","N","CIE1.CIE","OBSTACLE","P33"
"2026/01/22","COEUR D'ALENE","TWO","ZSE","2013/03/07","N","COE2.COE","OBSTACLE","COE"
"2026/01/22","COLD BAY","TWO","ZAN","2020/12/31","Y","COLD2.CDB","OBSTACLE","KVC"
"2026/01/22","COLIN","EIGHT","ZDC","2018/07/19","N","COLIN8.COLIN","SID","RIC"
"2026/01/22","CONLE","FIVE","ZDC","2024/07/11","Y","CONLE5.CONLE","SID","BWI DMW ESN FDK GAI MTN"
"2026/01/22","CONNR","SEVEN","ZDV","2020/03/26","Y","CONNR7.CONNR","SID","DEN"
"2026/01/22","CONRA","THREE","ZFW","2023/11/30","N","CONRA3.CONRA","SID","GRK HLR ILE"
"2026/01/22","CONUK","ONE","ZLC","2008/06/05","Y","CONUK1.CONUK","OBSTACLE","M46"
"2026/01/22","COOLI","SIX","ZLC","2019/08/15","Y","COOLI6.COOLI","SID","HCR"
"2026/01/22","COORZ","SIX","ZDV","2020/03/26","Y","COORZ6.COORZ","SID","DEN"
"2026/01/22","CORONA","ONE","ZAB","2021/04/22","Y","CRONA1.CNX","OBSTACLE","ALM"
"2026/01/22","CORTEZ","TWO","ZDV","2016/07/21","N","CEZ2.CEZ","SID","CEZ"
"2026/01/22","COULT","SEVEN","ZMP","2018/03/29","N","COULT7.COULT","SID","ANE FCM MSP STP"
"2026/01/22","COYOTE","FOUR","ZFW","2024/01/25","N","CYOTE4.TTT","SID","DAL DFW"
"2026/01/22","CRATER","ONE","ZSE","2024/10/31","N","CRATR1.LMT","OBSTACLE","LMT"
"2026/01/22","CREPE","THREE","ZLA","1987/07/30","N","CREPE3.CREPE","SID","SBP"
"2026/01/22","CRIED","ONE","ZHU","2021/10/07","N","CRIED1.CRIED","SID","AXH CXO DWH EFD GLS HOU IAH IWS LBX SGR T41 TME"
"2026/01/22","CRISI","TWO","ZHN","2017/12/07","Y","CRISI2.CRISI","SID","KOA"
"2026/01/22","CROLI","ONE","ZOA","2015/03/05","Y","CROLI1.CROLI","SID","MMH"
"2026/01/22","CROSB","TWO","ZJX","2015/01/08","Y","CROSB2.CROSB","SID","JAX"
"2026/01/22","CROWD","EIGHT","ZMA","2019/01/03","Y","CROWD8.CROWD","SID","TPA"
"2026/01/22","CRSON","SEVEN","ZME","2020/12/31","Y","CRSON7.CRSON","SID","MEM"
"2026/01/22","CSHEL","EIGHT","ZMA","2026/01/22","Y","CSHEL8.CSHEL","SID","APF FMY MKY RSW"
"2026/01/22","CTRUS","FOUR","ZLA","2020/09/10","Y","CTRUS4.CTRUS","SID","SMO"
"2026/01/22","CURLO","SIX","ZFW","2024/01/25","Y","CURLO6.CURLO","SID","DAL"
"2026/01/22","CUTTN","TWO","ZTL","2016/11/10","Y","CUTTN2.CUTTN","SID","ATL"
"2026/01/22","CWARD","TWO","ZLA","2017/12/07","Y","CWARD2.CWARD","SID","CRQ MYF RNM SAN SDM SEE"
"2026/01/22","DAGGETT","ONE","ZLA","2010/07/29","N","DAG1.DAG","OBSTACLE","DAG"
"2026/01/22","DALLAS","FOUR","ZFW","2025/11/27","N","DALL4.TTT","SID","ADS AFW DAL DFW DTO FTW FWS GKY GPM HQZ LNC NFW RBD TKI"
"2026/01/22","DALLES","ONE","ZSE","2013/12/12","N","DALLS1.LTJ","OBSTACLE","DLS"
"2026/01/22","DANLS","FOUR","ZME","2025/11/27","Y","DANLS4.DANLS","SID","BNA"
"2026/01/22","DARCY","SEVEN","ZAU","2024/10/31","Y","DARCY7.DARCY","SID","ARR DPA GYY LOT"
"2026/01/22","DARRK","THREE","ZLA","2019/10/10","Y","DARRK3.DARRK","SID","LAX"
"2026/01/22","DARTZ","NINE","ZFW","2022/11/03","Y","DARTZ9.DARTZ","SID","DFW"
"2026/01/22","DAVVY","TWO","ZDV","2019/02/28","Y","DAVVY2.DAVVY","OBSTACLE","LXV"
"2026/01/22","DAWNN","ONE","ZID","2017/12/07","N","DAWNN1.DAWNN","SID","EYE GEZ HFY IND MQJ TYQ UMP"
"2026/01/22","DAYTON","EIGHT","ZID","2024/05/16","N","DAY8.DAY","SID","DAY"
"2026/01/22","DDANY","THREE","ZJX","2022/05/19","Y","DDANY3.DDANY","SID","MCO"
"2026/01/22","DDRTH","ONE","ZDV","2020/03/26","Y","DDRTH1.DDRTH","SID","DEN"
"2026/01/22","DEBLOIS","ONE","ZBW","2018/02/01","N","NOT ASSIGNED","OBSTACLE","43B"
"2026/01/22","DECOT","ONE","ZOA","2002/08/08","Y","DECOT1.DECOT","OBSTACLE","RHV"
"2026/01/22","DEER VALLEY","THREE","ZAB","2023/08/10","N","DVT3.PXR","OBSTACLE","DVT"
"2026/01/22","DEEZZ","FIVE","ZNY","2018/07/19","Y","DEEZZ5.DEEZZ","SID","FRG JFK"
"2026/01/22","DELTA","ONE","ZLC","2021/12/02","N","DTA1.DTA","OBSTACLE","DTA"
"2026/01/22","DENVER","THREE","ZDV","2025/06/12","N","NOT ASSIGNED","SID","APA BJC BKF CFO DEN FNL GXY"
"2026/01/22","DES MOINES","TWO","ZMP","2024/12/26","N","DSM2.DSM","SID","DSM"
"2026/01/22","DESCHUTES","FOUR","ZSE","2026/01/22","Y","DSD4.DSD","SID","S39"
"2026/01/22","DEVIL","ONE","ZNY","2023/11/30","N","DEVL1.EWR","SID","EWR"
"2026/01/22","DEZRT","TWO","ZLC","2023/04/20","Y","DEZRT2.DEZRT","SID","SLC"
"2026/01/22","DIBVY","THREE","ZAN","2021/12/02","Y","DIBVY3.GAL","OBSTACLE","KYU"
"2026/01/22","DIDLY","FIVE","ZLC","2018/05/24","N","DIDLY5.DIDLY","SID","MSO"
"2026/01/22","DILLO","ONE","ZHU","2015/03/05","Y","DILLO1.DILLO","SID","3R9 AUS EDC GTU HYI RYW T74"
"2026/01/22","DILLON","TWO","ZLC","2020/12/31","Y","DLN2.DLN","OBSTACLE","RVF"
"2026/01/22","DITTI","ONE","ZLC","2024/12/26","Y","DITTI1.DITTI","SID","PVU"
"2026/01/22","DIVIDE","TWO","ZLC","2023/02/23","N","DIVD2.HLN","OBSTACLE","HLN"
"2026/01/22","DIVYD","TWO","ZLC","2024/01/25","Y","DIVYD2.DIVYD","SID","JAC"
"2026/01/22","DIXON","TWO","ZDV","2023/10/05","Y","DIXON2.DYNES","OBSTACLE","DWX"
"2026/01/22","DIXXY","EIGHT","ZDC","2019/08/15","N","DIXXY8.DIXXY","SID","ROA"
"2026/01/22","DOCTR","FIVE","ZDC","2020/12/31","Y","DOCTR5.DOCTR","SID","DCA"
"2026/01/22","DOOKK","THREE","ZAB","2015/06/25","Y","DOOKK3.DOOKK","SID","ABQ"
"2026/01/22","DORMR","THREE","ZMA","2023/04/20","Y","DORMR3.DORMR","SID","TPA"
"2026/01/22","DORRL","TWO","ZMA","2024/03/21","Y","DORRL2.DORRL","SID","FLL FXE HST MIA OPF PMP TMB X51"
"2026/01/22","DOTSS","TWO","ZLA","2017/08/17","Y","DOTSS2.DOTSS","SID","LAX"
"2026/01/22","DOVER","FIVE","ZTL","2019/02/28","Y","DOVER5.DOVER","SID","AGS AIK"
"2026/01/22","DRAKE","TWO","ZAB","2014/11/13","Y","DRAKE2.DRK","OBSTACLE","GEU"
"2026/01/22","DRRLL","FOUR","ZAN","2021/12/02","Y","DRRLL4.DRRLL","SID","FAI"
"2026/01/22","DRURY","FOUR","ZME","2025/11/27","Y","DRURY4.DRURY","SID","BNA"
"2026/01/22","DRUSE","FIVE","ZKC","2018/07/19","Y","DRUSE5.DRUSE","SID","STL"
"2026/01/22","DUCKZ","FIVE","ZME","2020/12/31","Y","DUCKZ5.DUCKZ","SID","MEM"
"2026/01/22","DUKPN","ONE","ZDC","2024/07/11","Y","DUKPN1.DUKPN","SID","BWI"
"2026/01/22","DUMZU","ONE","ZAN","2024/09/05","Y","DUMZU1.DUMZU","OBSTACLE","5NN"
"2026/01/22","DUTCHESS","EIGHT","ZNY","2019/06/20","N","DUCHS8.POU","SID","POU"
"2026/01/22","EAGLE","SIX","ZSE","2016/07/21","N","NOT ASSIGNED","SID","MFR"
"2026/01/22","EATON","TWO","ZHU","2016/07/21","N","LBY2.LBY","SID","HBG"
"2026/01/22","EBSIH","ONE","ZAN","2009/10/22","Y","EBSIH1.EBSIH","OBSTACLE","9A3"
"2026/01/22","ECHHO","TWO","ZLA","2017/10/12","Y","ECHHO2.ECHHO","SID","SAN"
"2026/01/22","ECHOO","ONE","ZDV","2020/03/26","Y","ECHOO1.ECHOO","SID","APA BJC CFO FNL GXY LMO"
"2026/01/22","ECLPS","ONE","ZAB","2018/05/24","Y","ECLPS1.ECLPS","SID","PHX"
"2026/01/22","EDUKY","FIVE","ZDV","2018/02/01","Y","EDUKY5.EDUKY","SID","RIL"
"2026/01/22","EEMOS","FIVE","ZKC","2018/07/19","Y","EEMOS5.EEMOS","SID","STL"
"2026/01/22","EEONS","EIGHT","ZDV","2021/06/17","Y","EEONS8.WYNDM","SID","DEN"
"2026/01/22","EEVAA","ONE","ZID","2024/07/11","Y","EEVAA1.EEVAA","SID","SDF"
"2026/01/22","EGAXE","ONE","ZAN","2025/11/27","Y","EGAXE1.EGAXE","OBSTACLE","6K8"
"2026/01/22","EL DORADO","ONE","ZHU","2021/10/07","N","ELD1.ELD","SID","AXH CXO DWH EFD GLS HOU IAH IWS LBX SGR T41 TME"
"2026/01/22","EL TORO","FIVE","ZLA","2024/05/16","N","ELB5.ELB","SID","SNA"
"2026/01/22","ELANR","EIGHT","ZAU","2025/04/17","Y","ELANR8.ELANR","SID","ARR DPA GYY LOT"
"2026/01/22","ELIM","TWO","ZAN","2022/07/14","Y","MOS2.MOS","OBSTACLE","ELI"
"2026/01/22","ELIZZ","ONE","ZDV","2018/07/19","Y","ELIZZ1.ELIZZ","OBSTACLE","4V0"
"2026/01/22","ELKINS","ONE","ZOB","2022/11/03","N","EKN1.EKN","OBSTACLE","EKN"
"2026/01/22","ELMAA","FIVE","ZSE","2024/12/26","N","ELMAA5.ELMAA","SID","SEA"
"2026/01/22","ELMOO","NINE","ZLA","2019/04/25","N","ELMOO9.ELMOO","SID","BUR"
"2026/01/22","ELOCO","SIX","ZHU","2022/01/27","Y","ELOCO6.ELOCO","SID","HOU"
"2026/01/22","ELOEL","THREE","ZHU","2021/04/22","Y","ELOEL3.ELOEL","SID","3R9 AUS EDC GTU HYI RYW T74"
"2026/01/22","ELVIS","FOUR","ZME","2017/08/17","N","ELVIS4.MEM","SID","MEM"
"2026/01/22","ELY","TWO","ZLC","2011/10/20","N","ELY2.ELY","OBSTACLE","ELY"
"2026/01/22","EMMTT","FOUR","ZFW","2016/03/31","Y","EMMTT4.EMMTT","SID","DAL"
"2026/01/22","EMMYS","EIGHT","ZDV","2021/06/17","Y","EMMYS8.ZIRKL","SID","DEN"
"2026/01/22","EMONT","THREE","ZLC","2019/02/28","N","EMONT3.EMONT","OBSTACLE","OGD"
"2026/01/22","ENDED","TWO","ZMA","2024/05/16","Y","ENDED2.ENDED","SID","PIE TPA"
"2026/01/22","ENNIS","TWO","ZLC","2021/06/17","Y","ENNIS2.ENNIS","OBSTACLE","EKS"
"2026/01/22","EPHRATA","ONE","ZSE","2021/12/02","Y","EPH1.EPH","OBSTACLE","OMK"
"2026/01/22","EPKEE","SEVEN","ZDV","2020/03/26","Y","EPKEE7.EPKEE","SID","DEN"
"2026/01/22","ESNYE","SEVEN","ZFW","2022/12/29","Y","ESNYE7.ESNYE","SID","DAL"
"2026/01/22","ESTRR","FIVE","ZTL","2024/03/21","Y","ESTRR5.ESTRR","SID","AKH CLT EQY IPJ JQF LKR RUQ UZA VUJ"
"2026/01/22","EUGENE","ONE","ZSE","2018/09/13","N","NOT ASSIGNED","SID","EUG"
"2026/01/22","EXBOX","TWO","ZJX","2015/01/08","Y","EXBOX2.EXBOX","SID","JAX"
"2026/01/22","EXCON","ONE","ZLA","2000/06/15","Y","EXCON1.EXCON","OBSTACLE","APV"
"2026/01/22","EXECUTIVE","ONE","ZJX","2011/08/25","Y","EXTVE1.PLFMD","SID","JZI"
"2026/01/22","EXTAN","SEVEN","ZDV","2021/06/17","Y","EXTAN7.SHAYK","SID","DEN"
"2026/01/22","EYAKS","SIX","ZAN","2018/03/29","N","EYAKS6.EYAKS","SID","CDV"
"2026/01/22","EYESE","TWO","ZSE","2022/11/03","Y","EYESE2.EYESE","OBSTACLE","S59"
"2026/01/22","EZEPU","ONE","ZAN","2024/07/11","Y","EZEPU1.EZEPU","OBSTACLE","4KA"
"2026/01/22","FAHLZ","ONE","ZLC","2025/11/27","Y","FAHLZ1.FAHLZ","SID","IDA"
"2026/01/22","FAIRFIELD","NINE","ZLC","2017/08/17","N","FFU9.FFU","SID","SLC"
"2026/01/22","FAKES","FOUR","ZAN","2016/07/21","N","FAKES4.FAKES","SID","YAK"
"2026/01/22","FALCC","ONE","ZLA","2016/11/10","N","FALCC1.FALCC","SID","SAN"
"2026/01/22","FALCON","ONE","ZDV","2023/10/05","Y","FLCON1.DRAKE","OBSTACLE","FLY"
"2026/01/22","FALLBROOK","ONE","ZLA","2016/11/10","N","FALL1.VISTA","OBSTACLE","L18"
"2026/01/22","FARMINGTON","SEVEN","ZSE","2018/02/01","N","FARM7.UBG","SID","HIO"
"2026/01/22","FATHE","FOUR","ZJX","2025/06/12","Y","FATHE4.FATHE","SID","MCO"
"2026/01/22","FEALX","TWO","ZMA","2022/05/19","Y","FEALX2.FEALX","SID","FLL FXE PMP"
"2026/01/22","FEGBA","THREE","ZVR","2025/04/17","Y","FEGBA3.FEGBA","SID","ORS"
"2026/01/22","FELTS","FIVE","ZSE","2025/11/27","N","NOT ASSIGNED","SID","SFF"
"2026/01/22","FESKO","ONE","ZLC","2023/10/05","Y","FESKO1.FESKO","OBSTACLE","WMC"
"2026/01/22","FETUJ","THREE","ZSE","2013/03/07","Y","FETUJ3.FETUJ","OBSTACLE","TMK"
"2026/01/22","FFITZ","FOUR","ZAN","2018/02/01","Y","FFITZ4.FFITZ","SID","ANC"
"2026/01/22","FICHU","FOUR","ZOA","2022/11/03","Y","FICHU4.HABXU","OBSTACLE","O22"
"2026/01/22","FINZZ","THREE","ZLA","2020/09/10","Y","FINZZ3.FINZZ","SID","SNA"
"2026/01/22","FIROS","ONE","ZLC","2023/04/20","Y","FIROS1.FIROS","OBSTACLE","1U7"
"2026/01/22","FIXET","FIVE","ZDC","2025/04/17","Y","FIXET5.FIXET","SID","BWI"
"2026/01/22","FLAGSTAFF","ONE","ZAB","2017/12/07","N","FLG1.OATES","SID","FLG"
"2026/01/22","FLAME","FOUR","ZME","2025/11/27","Y","FLAME4.FLAME","SID","BNA"
"2026/01/22","FLIYN","ONE","ZLC","2025/02/20","Y","FLIYN1.FLIYN","SID","SUN"
"2026/01/22","FLMGO","TWO","ZMA","2024/03/21","Y","FLMGO2.FLMGO","SID","HST MIA OPF TMB X51"
"2026/01/22","FLOUT","FIVE","ZLA","1997/07/17","N","FLOUT5.FLOUT","SID","SBA"
"2026/01/22","FLUEN","TWO","ZOA","2011/06/30","Y","FLUEN2.FLUEN","OBSTACLE","O28"
"2026/01/22","FLYZA","FIVE","ZHU","2016/09/15","Y","FLYZA5.FLYZA","SID","IAH"
"2026/01/22","FOBRO","ONE","ZSE","2017/06/22","Y","FOBRO1.FOBRO","OBSTACLE","O46"
"2026/01/22","FOLZZ","THREE","ZMA","2024/03/21","Y","FOLZZ3.FOLZZ","SID","HST MIA OPF TMB X51"
"2026/01/22","FORCK","THREE","ZFW","2022/09/08","Y","FORCK3.FORCK","SID","DFW"
"2026/01/22","FORPE","ONE","ZAB","2018/05/24","Y","FORPE1.FORPE","SID","PHX"
"2026/01/22","FORT BRIDGER","ONE","ZLC","2022/11/03","N","FBR1.FBR","OBSTACLE","EVW"
"2026/01/22","FORT LAUDERDALE","TWO","ZMA","2024/12/26","N","FLL2.FLL","SID","FLL FXE PMP"
"2026/01/22","FOXHL","ONE","ZDC","2024/07/11","Y","FOXHL1.FOXHL","SID","BWI"
"2026/01/22","FRITR","THREE","ZLA","2018/09/13","Y","FRITR3.DOTSS","SID","LGB"
"2026/01/22","FRNCK","ONE","ZLA","2022/05/19","Y","FRNCK1.FRNCK","SID","LAS"
"2026/01/22","FROGO","ONE","ZOA","2020/09/10","N","FROGO1.FROGO","SID","SMF"
"2026/01/22","FRSBE","TWO","ZMA","2023/04/20","Y","FRSBE2.FRSBE","SID","FLL FXE PMP"
"2026/01/22","FSHUN","FOUR","ZJX","2025/06/12","Y","FSHUN4.FSHUN","SID","MCO"
"2026/01/22","FTHIL","THREE","ZOA","2020/05/21","Y","FTHIL3.FTHIL","SID","SMF"
"2026/01/22","FTHLS","SIX","ZAB","2018/05/24","Y","FTHLS6.FTHLS","SID","CHD DVT GEU GYR IWA SDL"
"2026/01/22","FUNNL","THREE","ZFW","2017/12/07","Y","FUNNL3.FUNNL","SID","OKC OUN PWA"
"2026/01/22","FYRBD","ONE","ZAB","2018/05/24","Y","FYRBD1.FYRBD","SID","PHX"
"2026/01/22","FYSTA","THREE","ZAB","2015/06/25","Y","FYSTA3.FYSTA","SID","ABQ"
"2026/01/22","GABBE","THREE","ZDC","2020/03/26","Y","GABBE3.GABBE","SID","HEF"
"2026/01/22","GABOW","TWO","ZMA","2022/05/19","Y","GABOW2.GABOW","SID","FXE PMP"
"2026/01/22","GAIRY","TWO","ZTL","2016/11/10","Y","GAIRY2.GAIRY","SID","ATL"
"2026/01/22","GALENA","EIGHT","ZAN","2023/08/10","N","GLEEN8.GLEEN","SID","FAI"
"2026/01/22","GANBO","ONE","ZSU","2009/08/27","Y","GANBO1.GANBO","SID","SJU"
"2026/01/22","GANDY","EIGHT","ZMA","2019/01/03","Y","GANDY8.GANDY","SID","TPA"
"2026/01/22","GAP","SEVEN","ZOA","2016/09/15","N","GAPP7.GAP","SID","SFO"
"2026/01/22","GARDY","FOUR","ZLA","2020/09/10","Y","GARDY4.GARDY","SID","LAX"
"2026/01/22","GARLAND","SIX","ZFW","2025/04/17","N","GARL6.TTT","SID","50F ADS AFW CPT DAL DFW DTO F41 F46 FTW FWS GKY GPM HQZ JWY LNC LUD NFW RBD TKI WEA"
"2026/01/22","GARLK","ONE","ZOA","2018/09/13","Y","GARLK1.GARLK","SID","WVI"
"2026/01/22","GATEWAY","ONE","ZKC","2018/11/08","N","GATWY1.TWILA","SID","ALN BLV CPS STL SUS"
"2026/01/22","GAUCH","THREE","ZLA","2024/12/26","Y","GAUCH3.GAUCH","SID","SBA"
"2026/01/22","GDOGG","FOUR","ZME","2025/11/27","Y","GDOGG4.GDOGG","SID","BNA"
"2026/01/22","GENEH","SEVEN","ZME","2020/12/31","Y","GENEH7.GENEH","SID","MEM"
"2026/01/22","GEORGETOWN","ONE","ZDC","2016/11/10","N","GED1.ATR","SID","GED"
"2026/01/22","GEYSER","SIX","ZLC","2021/12/02","N","GEYSR6.DNW","OBSTACLE","JAC"
"2026/01/22","GIDGT","THREE","ZLA","2025/08/07","Y","GIDGT3.GIDGT","SID","LAS"
"2026/01/22","GIFFA","ONE","ZHU","2021/10/07","N","GIFFA1.GIFFA","SID","AXH CXO DWH EFD GLS HOU IAH IWS LBX SGR T41 TME"
"2026/01/22","GIPLE","SEVEN","ZID","2024/03/21","Y","GIPLE7.GIPLE","SID","CVG"
"2026/01/22","GLADA","THREE","ZSU","2015/12/10","Y","GLADA3.GLADA","SID","SJU"
"2026/01/22","GLADZ","FOUR","ZMA","2024/10/31","Y","GLADZ4.GLADZ","SID","FLL MIA OPF"
"2026/01/22","GLARA","TWO","ZSE","2017/04/27","Y","GLARA2.GLARA","SID","UAO"
"2026/01/22","GLAZY","ONE","ZLA","2023/02/23","Y","GLAZY1.GLAZY","SID","MHV"
"2026/01/22","GLDMN","EIGHT","ZNY","2022/12/29","Y","GLDMN8.GLDMN","SID","LGA"
"2026/01/22","GLENDALE","ONE","ZAB","2014/11/13","N","NOT ASSIGNED","SID","GEU"
"2026/01/22","GMBUD","SEVEN","ZME","2020/12/31","Y","GMBUD7.GMBUD","SID","MEM"
"2026/01/22","GNNET","TWO","ZSE","2017/04/27","Y","GNNET2.GNNET","SID","UAO"
"2026/01/22","GNNRR","THREE","ZOA","2022/12/29","Y","GNNRR3.GNNRR","SID","SFO"
"2026/01/22","GOETZ","SEVEN","ZME","2020/12/31","Y","GOETZ7.GOETZ","SID","MEM"
"2026/01/22","GOODYEAR","TWO","ZAB","2016/07/21","N","NOT ASSIGNED","SID","GYR"
"2026/01/22","GORMAN","SEVEN","ZLA","2017/08/17","N","GMN7.GMN","SID","LAX"
"2026/01/22","GOSIP","ONE","ZDV","2013/03/07","Y","GOSIP1.GOSIP","OBSTACLE","4V1"
"2026/01/22","GOWEN","FOUR","ZLC","2017/12/07","N","GOWEN4.BOI","OBSTACLE","BOI"
"2026/01/22","GRABE","EIGHT","ZFW","2018/03/29","Y","GRABE8.GRABE","SID","DFW"
"2026/01/22","GRAND","FOUR","ZLA","2017/04/27","N","GRAND4.BISOP","OBSTACLE","GCN"
"2026/01/22","GRAND JUNCTION","NINE","ZDV","2025/02/20","N","JNC9.JNC","SID","GJT"
"2026/01/22","GRAND MESA","TWO","ZDV","2024/05/16","N","GRAND2.GRAND","SID","GJT"
"2026/01/22","GROMO","FOUR","ZSE","2016/11/10","N","GROMO4.GROMO","SID","YKM"
"2026/01/22","GRRIZ","FIVE","ZME","2020/12/31","Y","GRRIZ5.GRRIZ","SID","MEM"
"2026/01/22","GRZLY","FOUR","ZLC","2025/02/20","N","GRZLY4.MSO","OBSTACLE","MSO"
"2026/01/22","GRZZZ","FOUR","ZAB","2021/12/02","Y","GRZZZ4.GRZZZ","SID","ABQ"
"2026/01/22","GTGON","ONE","ZID","2024/07/11","Y","GTGON1.GTGON","SID","SDF"
"2026/01/22","GTLKE","FIVE","ZOB","2025/11/27","Y","GTLKE5.GTLKE","SID","BKL CGF CLE LNN LPR"
"2026/01/22","GULKANA","TWO","ZAN","2026/01/22","Y","GKN2.GKN","SID","6K8"
"2026/01/22","GUMBY","THREE","ZHU","2015/12/10","Y","GUMBY3.GUMBY","SID","IAH"
"2026/01/22","GUSTAVUS","TWO","ZAN","2021/10/07","N","GSTVS2.SSR","OBSTACLE","GST"
"2026/01/22","GWAVA","TWO","ZMA","2022/05/19","Y","GWAVA2.GWAVA","SID","MIA"
"2026/01/22","GYPSUM","SIX","ZDV","2018/07/19","N","GYPSM6.RLG","SID","EGE"
"2026/01/22","HAALO","THREE","ZTL","2022/05/19","Y","HAALO3.HAALO","SID","ATL"
"2026/01/22","HABUT","FOUR","ZLA","2003/09/04","N","HABUT4.GVO","SID","SBA"
"2026/01/22","HAGOL","FIVE","ZID","2024/03/21","Y","HAGOL5.HAGOL","SID","CVG"
"2026/01/22","HAMAR","TWO","ZSU","2015/12/10","Y","HAMAR2.HAMAR","SID","SJU"
"2026/01/22","HAMET","THREE","ZLC","2015/08/20","Y","HAMET3.HAMET","OBSTACLE","RIF"
"2026/01/22","HAMEY","TWO","ZLC","2021/10/07","Y","HAMEY2.HAMEY","OBSTACLE","HRF"
"2026/01/22","HAMILTON","NINE","ZSU","2022/03/24","N","HMLTN9.HMLTN","SID","STX"
"2026/01/22","HANIM","TWO","ZLC","2016/07/21","Y","HANIM2.HANIM","SID","7S0"
"2026/01/22","HANSCOM","FIVE","ZBW","2022/12/29","N","HNSCM5.BED","SID","BED"
"2026/01/22","HAPAI","THREE","ZHN","2014/05/29","N","HAPAI3.HAPAI","SID","MKK"
"2026/01/22","HAROB","SIX","ZSE","2017/10/12","Y","HAROB6.HAROB","SID","SEA"
"2026/01/22","HARYS","FIVE","ZLA","2025/02/20","Y","HARYS5.HARYS","SID","VNY"
"2026/01/22","HASSL","TWO","ZLC","2025/06/12","Y","HASSL2.HASSL","OBSTACLE","1L7"
"2026/01/22","HAWWC","THREE","ZLA","2018/07/19","Y","HAWWC3.HAWWC","SID","FUL LGB SLI SNA TOA"
"2026/01/22","HAYDEN","FOUR","ZSE","2016/07/21","N","NOT ASSIGNED","SID","SFF"
"2026/01/22","HAYEZ","NINE","ZLA","2020/09/10","Y","HAYEZ9.HAYEZ","SID","VNY"
"2026/01/22","HEALY","TWO","ZAN","2022/12/29","Y","HEALY2.EVIEE","OBSTACLE","HRR"
"2026/01/22","HELENA","FIVE","ZLC","2023/02/23","N","HLN5.HLN","SID","HLN"
"2026/01/22","HEMRO","ONE","ZAN","2025/10/02","Y","HEMRO1.HEMRO","OBSTACLE","MHM"
"2026/01/22","HENCE","ONE","ZOA","2024/08/08","N","HENCE1.HENCE","OBSTACLE","RHV"
"2026/01/22","HENRY","FOUR","ZDC","2025/08/07","N","HENRY4.PHF","SID","PHF"
"2026/01/22","HESTIN","SIX","ZMP","2022/12/29","Y","HSTIN6.HSTIN","SID","MSP"
"2026/01/22","HHERO","THREE","ZLA","2018/07/19","Y","HHERO3.HHERO","SID","SNA"
"2026/01/22","HHOTH","TWO","ZDV","2020/09/10","Y","HHOTH2.HHOTH","SID","DEN"
"2026/01/22","HHOWE","FOUR","ZOB","2024/05/16","Y","HHOWE4.HHOWE","SID","ARB DET DTW MTC ONZ OZW PTK TTF VLL YIP"
"2026/01/22","HIAKA","ONE","ZHN","2019/06/20","Y","HIAKA1.HIAKA","SID","OGG"
"2026/01/22","HICKORY","ONE","ZTL","2025/02/20","N","HKY1.HKY","SID","HKY"
"2026/01/22","HIDEY","ONE","ZID","2024/07/11","Y","HIDEY1.HIDEY","SID","SDF"
"2026/01/22","HIGHFILL","NINE","ZME","2023/04/20","N","HIFIL9.RZC","SID","XNA"
"2026/01/22","HIICH","TWO","ZDC","2016/03/31","Y","HIICH2.HIICH","SID","HEF"
"2026/01/22","HIMKI","ONE","ZAP","2010/07/29","Y","HIMKI1.HIMKI","OBSTACLE","AKA"
"2026/01/22","HIVKA","TWO","ZLA","2016/03/31","Y","HIVKA2.HIVKA","SID","SGU"
"2026/01/22","HOBBY","TWO","ZSE","2019/01/03","N","77S2.EUG","OBSTACLE","77S"
"2026/01/22","HOBOW","THREE","ZLA","2020/09/10","Y","HOBOW3.HOBOW","SID","SNA"
"2026/01/22","HOCUT","FIVE","ZSE","2017/10/12","N","HOCUT5.HOCUT","SID","ACV"
"2026/01/22","HOLND","ONE","ZDC","2025/10/02","Y","HOLND1.HOLND","SID","ORF"
"2026/01/22","HOLYOKE","FOUR","ZDV","2016/07/21","Y","HOLYO4.NACIK","SID","HEQ"
"2026/01/22","HOMAN","THREE","ZOA","2020/05/21","N","HOMAN3.HOMAN","SID","RDD"
"2026/01/22","HOMME","ONE","ZDV","2017/10/12","Y","HOMME1.HOMME","OBSTACLE","RCV"
"2026/01/22","HONOLULU","TWO","ZHN","2018/11/08","N","HNL2.HNL","OBSTACLE","HNL"
"2026/01/22","HOODO","SEVEN","ZHU","2021/10/07","Y","HOODO7.HOODO","SID","54T 6R3 AXH CXO DWH EFD GLS HOU HPY IAH IWS LBX LVJ SGR T00 T41 T78 TME"
"2026/01/22","HOOKS","TWO","ZOA","2016/09/15","N","HOOKS2.HOOKS","SID","NUQ"
"2026/01/22","HOOKZ","FIVE","ZDC","2021/12/02","Y","HOOKZ5.HOOKZ","SID","RDU"
"2026/01/22","HOOSIER","FIVE","ZID","2018/02/01","N","OOM5.OOM","SID","EYE GEZ HFY IND MQJ TYQ UMP"
"2026/01/22","HOOVER","EIGHT","ZLA","2022/09/08","N","HOOVR8.LAS","SID","LAS"
"2026/01/22","HOPEA","THREE","ZNY","2015/06/25","Y","HOPEA3.HOPEA","SID","LGA"
"2026/01/22","HOPRZ","ONE","ZTL","2025/11/27","Y","HOPRZ1.HOPRZ","SID","GSO INT"
"2026/01/22","HORTO","FOUR","ZDC","2020/12/31","Y","HORTO4.HORTO","SID","DCA"
"2026/01/22","HOT SPRINGS","TWO","ZDV","2016/07/21","N","HSR2.HSR","SID","HSR"
"2026/01/22","HOTRD","FIVE","ZME","2020/12/31","Y","HOTRD5.HOTRD","SID","MEM"
"2026/01/22","HRMNS","SIX","ZSE","2024/10/31","Y","HRMNS6.HRMNS","SID","PDX"
"2026/01/22","HROCK","TWO","ZMA","2023/04/20","Y","HROCK2.HROCK","SID","FLL FXE PMP"
"2026/01/22","HRPER","THREE","ZFW","2016/02/04","Y","HRPER3.HRPER","SID","DFW"
"2026/01/22","HSKEL","THREE","ZBW","2018/09/13","Y","HSKEL3.HSKEL","SID","PWM"
"2026/01/22","HUDAD","TWO","ZFW","2016/02/04","Y","HUDAD2.HUDAD","SID","DFW"
"2026/01/22","HUDSN (COPTER)","ONE","ZNY","2025/02/20","Y","HUDSN1.YOMAN","SID","6N5 JRA JRB"
"2026/01/22","HUGHES","ONE","ZAN","2021/12/02","Y","HUGHE1.MOGFO","OBSTACLE","HUS"
"2026/01/22","HUNTSVILLE","FOUR","ZME","2018/02/01","N","HSV4.HSV","SID","HSV"
"2026/01/22","HURCN","FOUR","ZMA","2024/03/21","Y","HURCN4.HURCN","SID","HST MIA OPF TMB X51"
"2026/01/22","HURIC","FOUR","ZDC","2021/02/25","Y","HURIC4.HURIC","SID","RDU"
"2026/01/22","HURTT","FIVE","ZDC","2024/10/31","Y","HURTT5.HURTT","SID","LYH"
"2026/01/22","HUSIL","THREE","ZMA","2022/05/19","Y","HUSIL3.HUSIL","SID","OPF"
"2026/01/22","HUSSH","TWO","ZOA","2015/06/25","Y","HUSSH2.HUSSH","SID","OAK"
"2026/01/22","HWRRD","ONE","ZLA","2025/06/12","Y","HWRRD1.HWRRD","SID","PSP"
"2026/01/22","HYLND","SEVEN","ZBW","2023/11/30","Y","HYLND7.HYLND","SID","BOS"
"2026/01/22","ICONS","FIVE","ZTL","2024/03/21","Y","ICONS5.ICONS","SID","AKH CLT EQY IPJ JQF LKR RUQ UZA VUJ"
"2026/01/22","IDAHO FALLS","THREE","ZLC","2013/08/22","Y","IDA3.IDA","SID","U02"
"2026/01/22","IKONE","ONE","ZLA","2025/06/12","Y","IKONE1.IKONE","SID","PSP"
"2026/01/22","ILEXY","FOUR","ZHU","2023/06/15","Y","ILEXY4.ILEXY","SID","3R9 AUS EDC GTU HYI RYW T74"
"2026/01/22","INDIE","EIGHT","ZHU","2021/10/07","Y","INDIE8.INDIE","SID","54T 6R3 ARM AXH BYY CXO DWH EFD GLS HOU HPY IAH IWS LBX LVJ SGR T00 T41 T78 TME"
"2026/01/22","INDY","THREE","ZID","2025/06/12","N","INDY3.VHP","SID","IND"
"2026/01/22","INOTY","ONE","ZAP","2010/07/29","Y","INOTY1.INOTY","OBSTACLE","AKA"
"2026/01/22","INYOKERN","TWO","ZLA","2016/09/15","N","IYK2.LHS","SID","IYK"
"2026/01/22","IRVINE","FIVE","ZLA","2019/02/28","N","IRV5.IRV","SID","SNA"
"2026/01/22","ISBRG","ONE","ZSE","2018/07/19","Y","ISBRG1.ISBRG","SID","SEA"
"2026/01/22","ITAWU","TWO","ZAN","2020/09/10","Y","ITAWU2.ITAWU","OBSTACLE","PTH"
"2026/01/22","IYEFF","ONE","ZLC","2025/11/27","Y","IYEFF1.IYEFF","SID","IDA"
"2026/01/22","IZTIR","TWO","ZAB","2008/04/10","Y","IZTIR2.IZTIR","OBSTACLE","P13"
"2026/01/22","IZZZO","EIGHT","ZAB","2024/01/25","Y","IZZZO8.IZZZO","SID","CHD DVT GEU GYR IWA SDL"
"2026/01/22","JAAWS","TWO","ZSU","2020/03/26","N","JAAWS2.JAAWS","SID","SJU"
"2026/01/22","JACCC","TWO","ZTL","2016/11/10","Y","JACCC2.JACCC","SID","ATL"
"2026/01/22","JACKSON","ONE","ZSE","2017/01/05","N","JKSN1.OED","SID","MFR"
"2026/01/22","JACKSONVILLE","SEVEN","ZJX","2020/01/30","N","JAX7.JAX","SID","JAX"
"2026/01/22","JACKY","ONE","ZFW","2024/01/25","N","JACKY1.DFW","SID","DFW"
"2026/01/22","JADKO","ONE","ZLA","2024/05/16","Y","JADKO1.JADKO","SID","SBD"
"2026/01/22","JAHNY","SIX","ZKC","2021/08/12","Y","JAHNY6.JAHNY","SID","STL"
"2026/01/22","JALEX","THREE","ZAP","2018/11/08","Y","JALEX3.JALEX","SID","ADK"
"2026/01/22","JANKE","ONE","ZDV","2022/12/29","Y","JANKE1.JANKE","OBSTACLE","GNB"
"2026/01/22","JASPA","SEVEN","ZFW","2022/11/03","Y","JASPA7.JASPA","SID","DFW"
"2026/01/22","JATTS","ONE","ZLC","2008/06/05","Y","JATTS1.JATTS","OBSTACLE","AOC"
"2026/01/22","JBNCH","SIX","ZID","2024/03/21","Y","JBNCH6.JBNCH","SID","CVG"
"2026/01/22","JCOBY","FOUR","ZDC","2020/12/31","Y","JCOBY4.JCOBY","SID","IAD"
"2026/01/22","JCOXX","TWO","ZAB","2016/07/21","Y","JCOXX2.JCOXX","SID","ELP"
"2026/01/22","JDUBB","FOUR","ZDC","2020/12/31","Y","JDUBB4.JDUBB","SID","DAA DCA IAD JYO MRB OKV"
"2026/01/22","JEANY","ONE","ZTL","2025/11/27","Y","JEANY1.JEANY","SID","GSO INT"
"2026/01/22","JEDGI","TWO","ZOA","2022/05/19","N","JEDGI2.JEDGI","SID","PRB"
"2026/01/22","JEEMY","FOUR","ZJX","2025/06/12","Y","JEEMY4.JEEMY","SID","MCO"
"2026/01/22","JEEON","ONE","ZLA","2025/06/12","Y","JEEON1.JEEON","SID","PSP"
"2026/01/22","JEFPO","ONE","ZSE","2018/07/19","Y","JEFPO1.JEFPO","SID","SEA"
"2026/01/22","JELIE","ONE","ZHN","2021/02/25","Y","JELIE1.JELIE","SID","JRF"
"2026/01/22","JEMEZ","THREE","ZAB","2015/06/25","Y","JEMEZ3.JEMEZ","SID","ABQ"
"2026/01/22","JENER","FOUR","ZOB","2016/07/21","N","JENER4.JENER","SID","JST"
"2026/01/22","JERES","TWO","ZDC","2015/10/15","Y","JERES2.JERES","SID","IAD"
"2026/01/22","JERID","FIVE","ZLA","2016/09/15","Y","JERID5.JERID","SID","MHV"
"2026/01/22","JETIN","TWO","ZJX","2015/01/08","Y","JETIN2.JETIN","SID","JAX"
"2026/01/22","JETSS","ONE","ZSU","1996/10/10","N","JETSS1.JETSS","SID","SJU"
"2026/01/22","JEWLZ","TWO","ZAB","2026/01/22","Y","JEWLZ2.JEWLZ","SID","P19"
"2026/01/22","JHART","SEVEN","ZKC","2021/10/07","Y","JHART7.JHART","SID","STL"
"2026/01/22","JIMPA","TWO","ZOA","2010/09/23","Y","JIMPA2.JIMPA","OBSTACLE","CXP"
"2026/01/22","JITKA","TWO","ZLA","2016/03/31","N","JITKA2.JITKA","OBSTACLE","SGU"
"2026/01/22","JMAAL","FOUR","ZAN","0202/10/02","N","JMAAL4.NAKED","OBSTACLE","VDZ"
"2026/01/22","JOE POOL","EIGHT","ZFW","2025/08/07","N","JPOOL8.TTT","SID","50F ADS AFW CPT DAL DFW DTO F46 FTW FWS GKY GPM HQZ JWY LNC LUD NFW RBD TKI WEA"
"2026/01/22","JOGMO","ONE","ZAN","2007/05/10","Y","JOGMO1.JOGMO","OBSTACLE","AKK"
"2026/01/22","JOHKR","FIVE","ZLA","2024/12/26","Y","JOHKR5.JOHKR","SID","LAS"
"2026/01/22","JOHN TUNE","ONE","ZME","2023/11/30","N","NOT ASSIGNED","SID","JWN"
"2026/01/22","JOJJO","FIVE","ZTL","2024/03/21","Y","JOJJO5.JOJJO","SID","AKH CLT EQY IPJ JQF LKR RUQ UZA VUJ"
"2026/01/22","JONHH","TWO","ZAB","2019/06/20","N","JONHH2.JONHH","SID","SDL"
"2026/01/22","JORJO","FIVE","ZAU","2018/02/01","Y","JORJO5.JORJO","SID","PWK UGN"
"2026/01/22","JTEEE","FIVE","ZME","2020/12/31","Y","JTEEE5.JTEEE","SID","MEM"
"2026/01/22","JUDTH","SEVEN","ZAB","2018/05/24","Y","JUDTH7.JUDTH","SID","CHD DVT GEU GYR IWA SDL"
"2026/01/22","JUNCTION","ONE","ZHU","2017/06/22","N","JCT1.JCT","SID","CXO DWH IAH"
"2026/01/22","JUNEAU","SEVEN","ZAN","2026/01/22","N","JNU7.SSR","OBSTACLE","JNU"
"2026/01/22","JUNPR","SIX","ZTL","2022/07/14","Y","JUNPR6.JUNPR","SID","AGS AIK"
"2026/01/22","JUTES","FOUR","ZNY","2024/12/26","Y","JUTES4.JUTES","SID","LGA"
"2026/01/22","KACIR","TWO","ZLA","2011/12/15","Y","KACIR2.KACIR","SID","KNB"
"2026/01/22","KAJIN","TWO","ZTL","2016/11/10","Y","KAJIN2.KAJIN","SID","ATL"
"2026/01/22","KAKE","ONE","ZAN","2024/10/31","Y","KAKE1.LVD","OBSTACLE","AFE"
"2026/01/22","KALAE","ONE","ZHN","2021/02/25","Y","KALAE1.KALAE","SID","MKK"
"2026/01/22","KALAUPAPA","ONE","ZHN","2014/02/06","N","LUP1.LUP","OBSTACLE","LUP"
"2026/01/22","KALLI","SEVEN","ZDC","2021/12/02","Y","KALLI7.KALLI","SID","RIC"
"2026/01/22","KAMUELA","ONE","ZHN","2026/01/22","N","KAMUE1.KAMUE","OBSTACLE","MUE"
"2026/01/22","KAOLN","SIX","ZTL","2019/02/28","Y","KAOLN6.KAOLN","SID","AGS AIK"
"2026/01/22","KARPS","TWO","ZSE","2019/01/03","Y","KARPS2.KARPS","OBSTACLE","65S"
"2026/01/22","KARRR","SEVEN","ZHU","2022/12/29","Y","KARRR7.KARRR","SID","54T 6R3 AXH CXO DWH EFD GLS HPY IWS LBX LVJ SGR T00 T41 T78 TME"
"2026/01/22","KATFH","THREE","ZOA","2021/08/12","Y","KATFH3.KATFH","SID","OAK"
"2026/01/22","KATMN","SIX","ZAB","2018/05/24","Y","KATMN6.KATMN","SID","CHD DVT GEU GYR IWA SDL"
"2026/01/22","KATZZ","TWO","ZFW","2016/02/04","Y","KATZZ2.KATZZ","SID","DFW"
"2026/01/22","KAUAI","TWO","ZHN","2024/05/16","N","KAUAI2.KAUAI","OBSTACLE","LIH"
"2026/01/22","KAUNAKAKAI","ONE","ZHN","2014/05/29","N","HMK1.MKK","OBSTACLE","MKK"
"2026/01/22","KAYLN","THREE","ZOB","2024/05/16","Y","KAYLN3.KAYLN","SID","ARB DET DTW MTC ONZ OZW PTK TTF VLL YIP"
"2026/01/22","KBREW","TWO","ZMP","2024/05/16","N","KBREW2.KBREW","SID","ANE FCM MSP STP"
"2026/01/22","KEAHI","THREE","ZHN","1994/01/06","N","KEAHI3.KEAHI","SID","HNL"
"2026/01/22","KEENE","SIX","ZFW","2025/06/12","N","KEENE6.DFW","SID","DFW"
"2026/01/22","KEENS","THREE","ZAB","2024/01/25","Y","KEENS3.KEENS","SID","PHX"
"2026/01/22","KELSO","TWO","ZSE","2020/11/05","Y","KELSO2.KELNG","OBSTACLE","KLS"
"2026/01/22","KEMRR","FIVE","ZLC","2016/07/21","Y","KEMRR5.FBR","SID","EMM"
"2026/01/22","KENDL","FOUR","ZOA","2020/01/30","N","KENDL4.KENDL","SID","RDD"
"2026/01/22","KENLN","SIX","ZID","2024/03/21","Y","KENLN6.KENLN","SID","CVG"
"2026/01/22","KENNEDY","FIVE","ZNY","2018/07/19","N","JFK5.JFK","SID","JFK"
"2026/01/22","KENT","ONE","ZSE","2025/11/27","N","KENT1.ZIGED","SID","BFI"
"2026/01/22","KEOLA","THREE","ZHN","2021/02/25","N","KEOLA3.KEOLA","SID","HNL"
"2026/01/22","KERMIT","FOUR","ZTL","2024/03/21","N","KER4.KER","SID","AKH CLT EQY IPJ JQF LKR RUQ UZA VUJ"
"2026/01/22","KETCHIKAN","SIX","ZAN","2018/07/19","N","CETK6.ANN","OBSTACLE","KTN"
"2026/01/22","KIAWAH","TWO","ZJX","2020/11/05","Y","KIAWA2.LGRHD","SID","JZI"
"2026/01/22","KILNS","FIVE","ZTL","2024/03/21","Y","KILNS5.KILNS","SID","AKH CLT EQY IPJ JQF LKR RUQ UZA VUJ"
"2026/01/22","KINGDOM","FIVE","ZFW","2025/04/17","N","KING5.TTT","SID","50F ADS AFW CPT DAL DFW DTO F41 F46 FTW FWS GKY GPM HQZ JWY LNC LUD NFW RBD TKI WEA"
"2026/01/22","KINGS","TWO","ZTL","2020/07/16","N","KINGS2.KINGS","SID","TRI"
"2026/01/22","KINGSLEY","SEVEN","ZSE","2024/10/31","N","LMT7.LMT","SID","LMT"
"2026/01/22","KKIDS","ONE","ZOB","2018/07/19","Y","KKIDS1.KKIDS","SID","CLE"
"2026/01/22","KKITY","FIVE","ZFW","2019/12/05","Y","KKITY5.KKITY","SID","DAL"
"2026/01/22","KLADA","TWO","ZMA","2022/05/19","Y","KLADA2.KLADA","SID","MIA"
"2026/01/22","KLAMATH FALLS","ONE","ZSE","2022/12/29","Y","MFR1.LMT","SID","MFR"
"2026/01/22","KLAWOCK","ONE","ZAN","2022/07/14","Y","KLWCK1.UDENE","OBSTACLE","AKW"
"2026/01/22","KLSHN","TWO","ZVR","2025/04/17","Y","KLSHN2.KLSHN","SID","BLI"
"2026/01/22","KNIGHTS","THREE","ZTL","2024/03/21","N","KNI3.KNI","SID","AKH CLT EQY IPJ JQF LKR RUQ UZA VUJ"
"2026/01/22","KNIK","THREE","ZAN","2020/11/05","N","NOT ASSIGNED","SID","ANC"
"2026/01/22","KNOST","TWO","ZMA","2022/04/21","Y","KNOST2.KNOST","SID","TPA"
"2026/01/22","KNOXVILLE","SEVEN","ZTL","2021/08/12","N","NOT ASSIGNED","SID","TYS"
"2026/01/22","KNURL","ONE","ZLC","2009/12/17","N","KNURL1.KNURL","OBSTACLE","PIH"
"2026/01/22","KODIAK","SEVEN","ZAN","2015/10/15","N","KODI7.ODK","OBSTACLE","ADQ"
"2026/01/22","KREST","THREE","ZOA","1995/03/30","N","KREST3.KREST","SID","RDD"
"2026/01/22","KRITR","SIX","ZTL","2024/03/21","Y","KRITR6.KRITR","SID","AKH CLT EQY IPJ JQF LKR RUQ UZA VUJ"
"2026/01/22","KRMSN","FOUR","ZFW","2021/10/07","Y","KRMSN4.KRMSN","SID","OKC OUN PWA"
"2026/01/22","KRSTA","FOUR","ZME","2025/11/27","Y","KRSTA4.KRSTA","SID","BNA"
"2026/01/22","KRUMM","ONE","ZFW","2022/09/08","N","KRUMM1.FUZ","SID","DAL"
"2026/01/22","KSHEE","FIVE","ZKC","2018/07/19","Y","KSHEE5.KSHEE","SID","STL"
"2026/01/22","KUMBA","ONE","ZLA","2008/04/10","Y","KUMBA1.KUMBA","SID","L08"
"2026/01/22","KUSSO","TWO","ZFW","2026/01/22","Y","KUSSO2.KUSSO","SID","50F ADS AFW CPT DAL DFW DTO F41 F46 FTW FWS GKY GPM HQZ JWY LNC LUD NFW RBD TKI WEA"
"2026/01/22","KWANG","SIX","ZLA","2025/04/17","N","KWANG6.KWANG","SID","SBA"
"2026/01/22","KWEEN","FIVE","ZTL","2024/03/21","Y","KWEEN5.KWEEN","SID","AKH CLT EQY IPJ JQF LKR RUQ UZA VUJ"
"2026/01/22","KYLOW","ONE","ZLA","2024/07/11","Y","KYLOW1.KYLOW","SID","LAX"
"2026/01/22","KZLOV","TWO","ZOB","2024/05/16","Y","KZLOV2.WINNZ","SID","ARB DET DTW MTC ONZ OZW PTK TTF VLL YIP"
"2026/01/22","LA GRANDE","ONE","ZSE","2021/10/07","N","LGD1.LGD","OBSTACLE","LGD"
"2026/01/22","LADYJ","FOUR","ZLA","2018/02/01","Y","LADYJ4.LADYJ","SID","LAX"
"2026/01/22","LAGUARDIA","SEVEN","ZNY","2020/12/31","N","LGA7.LGA","SID","LGA"
"2026/01/22","LAKE CHARLES","FIVE","ZHU","2017/06/22","N","LCH5.LCH","SID","CXO DWH IAH"
"2026/01/22","LAKE HUGHES","TWO","ZLA","2004/09/30","Y","LHS2.LHS","OBSTACLE","IYK"
"2026/01/22","LAKEPORT","THREE","ZOA","2016/09/15","Y","LAKPT3.ENI","SID","1O2"
"2026/01/22","LAKES","FIVE","ZKC","2023/10/05","N","LAKES5.MCI","SID","FLV GPH IXD LXT MCI MKC OJC STJ"
"2026/01/22","LALUZ","SIX","ZAB","2018/05/24","Y","LALUZ6.LALUZ","SID","CHD DVT GEU GYR IWA SDL"
"2026/01/22","LAMON","FOUR","ZLC","2025/10/02","Y","LAMON4.LAMON","OBSTACLE","DIJ"
"2026/01/22","LAMPS","EIGHT","ZFW","2023/11/30","N","LAMPS8.AGJ","SID","GRK HLR ILE"
"2026/01/22","LARAMIE","ONE","ZDV","2012/04/05","N","LAR1.LAR","OBSTACLE","LAR"
"2026/01/22","LARGO","THREE","ZAB","2017/10/12","N","LARGO3.ABQ","SID","ABQ"
"2026/01/22","LATVE","THREE","ZAB","2016/07/21","Y","LATVE3.LATVE","SID","ELP"
"2026/01/22","LAVAA","SEVEN","ZSE","2024/10/31","Y","LAVAA7.LAVAA","SID","PDX"
"2026/01/22","LAWRENCE","TWO","ZBW","2022/12/29","N","LWM2.LWM","SID","LWM"
"2026/01/22","LAXX","ONE","ZLA","2017/08/17","N","LAXX1.SLI","SID","LAX"
"2026/01/22","LBSTA","EIGHT","ZBW","2023/11/30","Y","LBSTA8.LBSTA","SID","BOS"
"2026/01/22","LEDVE","ONE","ZDV","2010/04/08","N","LEDVE1.CEZ","OBSTACLE","CEZ"
"2026/01/22","LEEAH","SIX","ZDC","2025/08/07","N","LEEAH6.LEEAH","SID","MIV"
"2026/01/22","LEINY","SIX","ZMP","2017/08/17","Y","LEINY6.LEINY","SID","MSP"
"2026/01/22","LEJON","FIVE","ZHU","2025/08/07","N","LEJON5.LEJON","SID","SAT SSF"
"2026/01/22","LEONA","FOUR","ZHU","2021/10/07","N","LOA4.LOA","SID","AXH CXO DWH EFD GLS HOU IAH IWS LBX SGR T41 TME"
"2026/01/22","LEVEL ISLAND","THREE","ZAN","2017/08/17","N","LVD3.LVD","OBSTACLE","WRG"
"2026/01/22","LGANN","ONE","ZLA","2025/06/12","Y","LGANN1.LGANN","SID","PSP"
"2026/01/22","LGRHD","THREE","ZJX","2020/11/05","Y","LGRHD3.LGRHD","SID","CHS"
"2026/01/22","LGTNG","FIVE","ZMA","2025/11/27","N","LGTNG5.LGTNG","SID","TPA"
"2026/01/22","LIBERTY","FIVE","ZNY","2020/09/10","N","LIB5.LIB","SID","EWR"
"2026/01/22","LIBRT","THREE","ZDC","2019/01/03","Y","LIBRT3.LIBRT","SID","LYH"
"2026/01/22","LIDDS","FOUR","ZOB","2025/04/17","Y","LIDDS4.LIDDS","SID","ARB DET DTW MTC ONZ OZW PTK TTF VLL YIP"
"2026/01/22","LIFRR","TWO","ZMA","2024/03/21","Y","LIFRR2.LIFRR","SID","FLL FXE HST MIA OPF PMP TMB X51"
"2026/01/22","LIHUE","SIX","ZHN","2023/02/23","N","LIHUE6.BOOKE","SID","LIH"
"2026/01/22","LILLI","FIVE","ZOB","2023/11/30","N","LILLI5.LILLI","SID","JST"
"2026/01/22","LILLS","THREE","ZTL","2024/03/21","Y","LILLS3.LILLS","SID","AKH CLT EQY IPJ JQF LKR RUQ UZA VUJ"
"2026/01/22","LINDBERG","TWO","ZHN","2014/02/06","Y","LNBRG2.LNBRG","OBSTACLE","HNM"
"2026/01/22","LINDBERGH","NINE","ZKC","2025/11/27","N","LINDY9.STL","SID","ALN BLV CPS STL SUS"
"2026/01/22","LINDZ","ONE","ZDV","2024/05/16","N","LINDZ1.LINDZ","SID","ASE"
"2026/01/22","LINSE","TWO","ZDC","2025/02/20","Y","LINSE2.LINSE","SID","BWI DMW ESN FDK GAI MTN"
"2026/01/22","LITTLE RIVER","ONE","ZOA","2010/06/03","Y","LTLRV1.LTLRV","OBSTACLE","LLR"
"2026/01/22","LIVERMORE","THREE","ZOA","2017/12/07","N","LVK3.ALTAM","OBSTACLE","LVK"
"2026/01/22","LIVINGSTON","TWO","ZLC","2018/11/08","N","LVM2.LVM","OBSTACLE","LVM"
"2026/01/22","LIZRD","FIVE","ZOA","2019/10/10","N","LIZRD5.LIZRD","SID","APC"
"2026/01/22","LLADN","ONE","ZDV","2014/04/03","Y","LLADN1.LLADN","SID","W43"
"2026/01/22","LLIZY","ONE","ZID","2024/07/11","Y","LLIZY1.LLIZY","SID","SDF"
"2026/01/22","LLRGO","ONE","ZMA","2024/05/16","Y","LLRGO1.LLRGO","SID","PIE"
"2026/01/22","LNDRE","FIVE","ZFW","2019/12/05","Y","LNDRE5.LNDRE","SID","DAL"
"2026/01/22","LOGAN","FOUR","ZBW","2022/09/08","N","LOGAN4.BOS","SID","BOS"
"2026/01/22","LOHLA","THREE","ZLA","2022/11/03","Y","LOHLA3.LOHLA","SID","LAS"
"2026/01/22","LOKRD","ONE","ZID","2024/07/11","Y","LOKRD1.LOKRD","SID","SDF"
"2026/01/22","LONG ISLAND","SEVEN","ZNY","2019/01/03","N","LONGI7.ISP","SID","ISP"
"2026/01/22","LOUPE","ONE","ZOA","2024/04/18","Y","LOUPE1.BMRNG","SID","SJC"
"2026/01/22","LOVE","SEVEN","ZFW","2024/12/26","N","LOVE7.TTT","SID","DAL"
"2026/01/22","LOVEY","EIGHT","ZID","2025/08/07","Y","LOVEY8.LOVEY","SID","CVG"
"2026/01/22","LOWGN","EIGHT","ZFW","2018/03/29","Y","LOWGN8.LOWGN","SID","DFW"
"2026/01/22","LOZUL","FOUR","ZDV","2019/02/28","Y","LOZUL4.LOZUL","OBSTACLE","LXV"
"2026/01/22","LUCYL","SIX","ZDC","2019/12/05","Y","LUCYL6.LUCYL","SID","RIC"
"2026/01/22","LUFKIN","FOUR","ZHU","2025/11/27","N","LFK4.LFK","SID","AXH CXO DWH EFD GLS HOU IAH IWS LBX SGR T41 TME"
"2026/01/22","LUNDI","TWO","ZLC","2006/09/28","Y","LUNDI2.LUNDI","OBSTACLE","AFO"
"2026/01/22","LURIC","EIGHT","ZHU","2021/10/07","Y","LURIC8.LURIC","SID","54T 6R3 ARM AXH BYY CXO DWH EFD GLS HOU HPY IAH IWS LBX LVJ SGR T00 T41 T78 TME"
"2026/01/22","LWOOD","FIVE","ZDC","2021/12/02","Y","LWOOD5.LWOOD","SID","RDU"
"2026/01/22","MANCHESTER","ONE","ZBW","2021/02/25","N","NOT ASSIGNED","SID","MHT"
"2026/01/22","MANITO","ONE","ZSE","2023/06/15","N","MNITO1.GEG","OBSTACLE","SFF"
"2026/01/22","MAREO","FIVE","ZID","2018/02/01","N","MAREO5.MAREO","SID","EYE GEZ HFY IND MQJ TYQ UMP"
"2026/01/22","MARFA","TWO","ZAB","2024/12/26","Y","MARFA2.MRF","OBSTACLE","T89"
"2026/01/22","MARIC","FOUR","ZLA","2016/05/26","N","MARIC4.MARIC","SID","BFL"
"2026/01/22","MARICOPA","ONE","ZAB","2010/02/11","N","MRRIC1.PXR","OBSTACLE","SDL"
"2026/01/22","MARVN","ONE","ZAN","2021/10/07","Y","MARVN1.MARVN","OBSTACLE","05K"
"2026/01/22","MAUI","FIVE","ZHN","1999/09/09","N","MAUI5.OGG","SID","OGG"
"2026/01/22","MAULA","ONE","ZHN","2021/02/25","Y","MAULA1.MAULA","SID","MKK"
"2026/01/22","MAYNR","THREE","ZMA","2024/10/31","Y","MAYNR3.MAYNR","SID","FLL FXE HST MIA OPF PMP TMB X51"
"2026/01/22","MAYSA","SEVEN","ZAB","2020/05/21","Y","MAYSA7.MAYSA","SID","CHD DVT GEU GYR IWA SDL"
"2026/01/22","MCCARRAN","EIGHT","ZLA","2025/04/17","N","MCCRN8.LAS","SID","LAS"
"2026/01/22","MCKINLEY","FOUR","ZAN","2023/08/10","N","MKNLY4.TKA","SID","FAI"
"2026/01/22","MCRAY","TWO","ZDC","2015/10/15","Y","MCRAY2.MCRAY","SID","IAD"
"2026/01/22","MEADO","TWO","ZLC","2024/12/26","Y","MEADO2.MEADO","SID","BZN"
"2026/01/22","MEADOW LAKE","FIVE","ZMP","2022/09/08","N","MEDOW5.MSP","SID","MSP"
"2026/01/22","MEARZ","SEVEN","ZID","2022/05/19","N","MEARZ7.MEARZ","SID","EYE GEZ HFY IND MQJ TYQ UMP"
"2026/01/22","MECCA","ONE","ZLA","2016/09/15","N","MECCA1.TRM","SID","TRM"
"2026/01/22","MEEKER","FOUR","ZDV","2024/05/16","N","EKR4.EKR","SID","EGE"
"2026/01/22","MELBOURNE","EIGHT","ZJX","2025/06/12","N","MLB8.MLB","SID","MLB"
"2026/01/22","MELLR","ONE","ZSE","2016/11/10","Y","MELLR1.MELLR","OBSTACLE","GIC"
"2026/01/22","MELLZ","TWO","ZMA","2022/05/19","Y","MELLZ2.MELLZ","SID","HST TMB X51"
"2026/01/22","MENDOCINO","ONE","ZOA","2004/08/05","Y","ENI1.ENI","OBSTACLE","O28"
"2026/01/22","MERLOT","THREE","ZOA","2019/10/10","N","MER3.SGD","SID","APC"
"2026/01/22","MERRILL","ONE","ZAN","2024/03/21","Y","PAMR1.BGQ","SID","MRI"
"2026/01/22","MESA","ONE","ZAB","2010/07/29","N","MESA1.MESA","OBSTACLE","FFZ"
"2026/01/22","METRO","FOUR","ZOB","2024/09/05","N","METRO4.DXO","SID","ARB DET DTW PTK YIP"
"2026/01/22","MIAMI","TWO","ZMA","2024/12/26","N","MIA2.MIA","SID","HWO MIA OPF TMB"
"2026/01/22","MIDWAY","EIGHT","ZAU","2025/06/12","N","NOT ASSIGNED","SID","MDW"
"2026/01/22","MIGGY","THREE","ZOB","2024/05/16","Y","MIGGY3.MIGGY","SID","ARB DET DTW MTC ONZ OZW PTK TTF VLL YIP"
"2026/01/22","MIKAA","ONE","ZLA","2017/04/27","Y","MIKAA1.MIKAA","SID","SNA"
"2026/01/22","MINDEN","TWO","ZOA","2011/12/15","Y","MINDN2.VIKES","OBSTACLE","MEV"
"2026/01/22","MINES","ONE","ZLC","2013/08/22","Y","MINES1.MINES","OBSTACLE","05U"
"2026/01/22","MINGY","ONE","ZAB","2016/05/26","Y","MINGY1.MINGY","OBSTACLE","P52"
"2026/01/22","MINNE","FIVE","ZSE","2015/01/08","Y","MINNE5.MINNE","SID","PDX"
"2026/01/22","MINNEAPOLIS","NINE","ZMP","2022/09/08","N","MSP9.MSP","SID","MSP"
"2026/01/22","MISHN","FIVE","ZLA","2025/11/27","Y","MISHN5.MISHN","SID","SBA"
"2026/01/22","MISSION BAY","TWO","ZLA","2021/04/22","N","MZB2.MZB","OBSTACLE","SEE"
"2026/01/22","MISTY","SIX","ZTL","2018/07/19","Y","MISTY6.HADOC","SID","DNL HQU"
"2026/01/22","MITCHELL","NINE","ZAU","2023/08/10","N","MKE9.BUBLR","SID","MKE"
"2026/01/22","MIXAE","FOUR","ZMA","2026/01/22","Y","MIXAE4.MIXAE","SID","PBI"
"2026/01/22","MLTRE","THREE","ZJX","2023/04/20","Y","MLTRE3.MLTRE","SID","CHS"
"2026/01/22","MMALT","SEVEN","ZHU","2023/11/30","Y","MMALT7.MMALT","SID","54T 6R3 ARM AXH BYY CXO DWH EFD GLS HPY IWS LBX LVJ SGR T00 T41 T78 TME"
"2026/01/22","MMORK","ONE","ZOA","2024/01/25","Y","MMORK1.MMORK","SID","STS"
"2026/01/22","MMOTO","TWO","ZLA","2017/10/12","Y","MMOTO2.MMOTO","SID","SAN"
"2026/01/22","MMUGS","FOUR","ZHU","2015/12/10","Y","MMUGS4.MMUGS","SID","IAH"
"2026/01/22","MNZNO","THREE","ZAB","2015/06/25","Y","MNZNO3.MNZNO","SID","ABQ"
"2026/01/22","MOBIE","FOUR","ZAB","2015/06/25","N","MOBIE4.MOBIE","SID","PHX"
"2026/01/22","MOCAA","FOUR","ZSE","2022/01/27","Y","MOCAA4.MOCAA","SID","TCM"
"2026/01/22","MOLEN","NINE","ZOA","2022/01/27","N","MOLEN9.MOLEN","SID","SFO"
"2026/01/22","MOLOKAI","FIVE","ZHN","2022/11/03","N","MKK5.MKK","SID","HNL"
"2026/01/22","MONAT","FOUR","ZDC","2024/10/31","Y","MONAT4.MONAT","SID","ROA"
"2026/01/22","MONKZ","FIVE","ZAU","2018/02/01","Y","MONKZ5.MONKZ","SID","PWK UGN"
"2026/01/22","MONTEREY","FIVE","ZOA","2019/01/03","N","MRY5.MRY","SID","MRY"
"2026/01/22","MONTROSE","TWO","ZDV","2013/10/17","N","MTJ2.MTJ","OBSTACLE","MTJ"
"2026/01/22","MONUMENT","THREE","ZDV","2024/05/16","N","MONMT3.JNC","OBSTACLE","GJT"
"2026/01/22","MOOKY","SIX","ZMA","2020/12/31","N","MOOKY6.MOOKY","SID","RSW"
"2026/01/22","MOOOS","TWO","ZLA","2017/08/17","Y","MOOOS2.MOOOS","SID","LAX"
"2026/01/22","MORRISTOWN","SEVEN","ZNY","2019/02/28","N","MMU7.MMU","OBSTACLE","MMU"
"2026/01/22","MOUNTAIN","TWO","ZSE","2022/07/14","N","MONTN2.SEA","SID","SEA"
"2026/01/22","MOUNTY","FIVE","ZDC","2022/05/19","N","MTY5.MTY","SID","FAY"
"2026/01/22","MOWGL","TWO","ZOA","2023/08/10","Y","MOWGL2.MOWGL","SID","TRK"
"2026/01/22","MRBIL","ONE","ZAB","2018/05/24","Y","MRBIL1.MRBIL","SID","PHX"
"2026/01/22","MRIAS","THREE","ZLC","2016/07/21","Y","MRIAS3.MRIAS","SID","CTB"
"2026/01/22","MRSHH","TWO","ZDV","2020/12/31","Y","MRSHH2.MRSHH","SID","APA BJC CFO FNL GXY LMO"
"2026/01/22","MRSSH","THREE","ZFW","2022/09/08","Y","MRSSH3.MRSSH","SID","DFW"
"2026/01/22","MUCKY","THREE","ZHU","2021/04/22","Y","MUCKY3.MUCKY","SID","3R9 AUS EDC GTU HYI RYW T74"
"2026/01/22","MUDDE","THREE","ZFW","2017/12/07","Y","MUDDE3.MUDDE","SID","OKC OUN PWA"
"2026/01/22","MUELR","FOUR","ZLA","2017/08/17","Y","MUELR4.FIXIT","SID","LAX"
"2026/01/22","MUJUD","ONE","ZAN","2023/10/05","Y","MUJUD1.MUJUD","SID","TER"
"2026/01/22","MUSEL","EIGHT","ZLA","2016/11/10","N","MUSEL8.MUSEL","SID","SNA"
"2026/01/22","MUSTANG","ONE","ZOA","2024/03/21","N","FMG1.FMG","SID","RNO"
"2026/01/22","MYCAR","FIVE","ZOB","2025/11/27","Y","MYCAR5.MYCAR","SID","BKL CGF LNN LPR"
"2026/01/22","MYZNR","THREE","ZMA","2024/10/31","Y","MYZNR3.MYZNR","SID","BCT"
"2026/01/22","MZULA","FIVE","ZLC","2018/05/24","N","MZULA5.IPPUG","SID","MSO"
"2026/01/22","MZULO","THREE","ZJX","2022/05/19","Y","MZULO3.MZULO","SID","MCO"
"2026/01/22","NACHES","FOUR","ZSE","2016/11/10","N","NOT ASSIGNED","SID","YKM"
"2026/01/22","NAKED","SIX","ZAN","2016/07/21","N","NAKED6.NAKED","SID","VDZ"
"2026/01/22","NANDR","THREE","ZFW","2025/04/17","Y","NANDR3.NANDR","SID","50F ADS AFW CPT DTO F46 FTW FWS GKY GPM HQZ LNC LUD NFW RBD TKI WEA"
"2026/01/22","NAPAA","FOUR","ZOA","2019/10/10","N","NAPAA4.NAPAA","OBSTACLE","APC"
"2026/01/22","NAPLES","SIX","ZMA","2025/02/20","N","APF6.APF","SID","APF"
"2026/01/22","NARROWS","ONE","ZSE","2011/06/30","N","NOT ASSIGNED","SID","TIW"
"2026/01/22","NASHVILLE","SEVEN","ZME","2020/12/31","N","NOT ASSIGNED","SID","BNA"
"2026/01/22","NASSA","TWO","ZTL","2016/11/10","Y","NASSA2.NASSA","SID","ATL"
"2026/01/22","NATCA","FIVE","ZKC","2018/07/19","Y","NATCA5.NATCA","SID","STL"
"2026/01/22","NATIONAL","EIGHT","ZDC","2021/10/07","N","NATNL8.NATNL","SID","DCA"
"2026/01/22","NDINA","FIVE","ZTL","2018/07/19","Y","NDINA5.NDINA","SID","DNL HQU"
"2026/01/22","NEEDLE","THREE","ZSE","2025/11/27","N","NOT ASSIGNED","SID","BFI"
"2026/01/22","NELLL","ONE","ZSE","2021/12/02","Y","NELLL1.NELLL","OBSTACLE","4S1"
"2026/01/22","NELYN","SIX","ZFW","2019/10/10","Y","NELYN6.NELYN","SID","DFW"
"2026/01/22","NEPHI","TWO","ZLC","2017/08/17","Y","U142.DTA","OBSTACLE","U14"
"2026/01/22","NEVUE","THREE","ZAB","2016/07/21","Y","NEVUE3.NEVUE","SID","ELP"
"2026/01/22","NEWARK","FIVE","ZNY","2023/11/30","N","EWR5.EWR","SID","EWR"
"2026/01/22","NEWBERG","TWO","ZSE","2017/04/27","Y","UBG2.UBG","SID","UAO"
"2026/01/22","NEWHALL","ONE","ZLA","2020/01/30","N","NUAL1.IPIHO","SID","VNY"
"2026/01/22","NEWPORT","ONE","ZSE","2016/07/21","N","ONP1.ONP","OBSTACLE","ONP"
"2026/01/22","NIITE","FOUR","ZOA","2024/07/11","Y","NIITE4.NIITE","SID","SFO"
"2026/01/22","NIITZ","FOUR","ZLA","2024/10/31","Y","NIITZ4.NIITZ","SID","LAS"
"2026/01/22","NIKEI","FIVE","ZME","2020/12/31","Y","NIKEI5.NIKEI","SID","MEM"
"2026/01/22","NIKKL","ONE","ZLA","2016/05/26","N","NIKKL1.PDZ","SID","ONT"
"2026/01/22","NIKOL","TWO","ZOA","2021/05/20","N","NIKOL2.NIKOL","OBSTACLE","MMH"
"2026/01/22","NIMITZ","FIVE","ZOA","2017/08/17","N","NIMI5.OAK","SID","OAK"
"2026/01/22","NNOCE","TWO","ZMA","2023/04/20","Y","NNOCE2.NNOCE","SID","MIA"
"2026/01/22","NOEND","FOUR","ZAN","2018/02/01","Y","NOEND4.NOEND","SID","ANC"
"2026/01/22","NOGALES","THREE","ZAB","2024/03/21","N","OLS3.OLS","OBSTACLE","OLS"
"2026/01/22","NOKXI","TWO","ZDV","2024/05/16","Y","NOKXI2.NOKXI","SID","GJT"
"2026/01/22","NORRA","ONE","ZLA","2024/01/25","Y","NORRA1.NORRA","OBSTACLE","AZC"
"2026/01/22","NORTH BEND","SEVEN","ZSE","2020/03/26","N","OTH7.OTH","SID","OTH"
"2026/01/22","NORTHTOWN","FIVE","ZLA","2018/11/08","N","NOTWN5.LAS","SID","VGT"
"2026/01/22","NORTHWAY","ONE","ZAN","2024/07/11","N","ORT1.ORT","OBSTACLE","ORT"
"2026/01/22","NORWOOD","FIVE","ZBW","2024/03/21","N","OWD5.OWD","SID","OWD"
"2026/01/22","NPLII","TWO","ZHN","2015/08/20","Y","NPLII2.SAKKI","SID","OGG"
"2026/01/22","NRVNA","ONE","ZSE","2017/10/12","Y","NRVNA1.NRVNA","SID","BFI"
"2026/01/22","NTHNS","SIX","ZNY","2024/12/26","Y","NTHNS6.NTHNS","SID","LGA"
"2026/01/22","NUBLE","FOUR","ZBW","2018/09/13","Y","NUBLE4.NUBLE","SID","PWM"
"2026/01/22","NUCLA","TWO","ZDV","2022/03/24","Y","NUCLA2.NUCLA","OBSTACLE","AIB"
"2026/01/22","NUEVO","EIGHT","ZOA","2016/09/15","N","NUEVO8.EUGEN","SID","OAK"
"2026/01/22","NUTIY","ONE","ZDC","2025/10/02","Y","NUTIY1.NUTIY","SID","ORF"
"2026/01/22","NYTES","TWO","ZJX","2024/03/21","Y","NYTES2.NYTES","SID","ORL"
"2026/01/22","O'HARE","NINE","ZAU","2025/10/02","N","NOT ASSIGNED","SID","ORD"
"2026/01/22","OAKLAND","SIX","ZOA","2024/01/25","N","OAK6.OAK","SID","OAK"
"2026/01/22","OBENE","THREE","ZAU","2018/11/08","Y","OBENE3.OBENE","SID","ARR DPA LOT"
"2026/01/22","OCEANSIDE","ONE","ZLA","2024/10/31","N","OCN1.OCN","OBSTACLE","OKB"
"2026/01/22","ODKAE","ONE","ZAB","2022/01/27","N","ODKAE1.ODKAE","OBSTACLE","E38"
"2026/01/22","OENNS","ONE","ZOA","2015/03/05","Y","OENNS1.OENNS","SID","MMH"
"2026/01/22","OFARO","TWO","ZSE","2016/11/10","Y","OFARO2.OFARO","SID","EAT"
"2026/01/22","OGDEN","ONE","ZLC","2023/06/15","N","OGD1.OGD","OBSTACLE","BMC"
"2026/01/22","OILDALE","ONE","ZLA","2023/02/23","N","OILDA1.OILDA","SID","BFL"
"2026/01/22","OKACO","ONE","ZLA","2000/04/20","Y","OKACO1.OKACO","OBSTACLE","L35"
"2026/01/22","OLAKE","THREE","ZMA","2026/01/22","Y","OLAKE3.OLAKE","SID","PBI"
"2026/01/22","OLEMS","SIX","ZME","2020/12/31","Y","OLEMS6.OLEMS","SID","MEM"
"2026/01/22","OLGUY","THREE","ZFW","2017/12/07","Y","OLGUY3.OLGUY","SID","OKC OUN PWA"
"2026/01/22","OMAHA","ONE","ZMP","2023/11/30","N","OMA1.OMA","SID","OMA"
"2026/01/22","ONIZU","ONE","ZHN","2021/02/25","Y","ONIZU1.ONIZU","SID","KOA"
"2026/01/22","ONOHI","TWO","ZHN","2015/08/20","N","ONOHI2.ONOHI","SID","OGG"
"2026/01/22","OPIHI","THREE","ZHN","2021/02/25","N","OPIHI3.OPIHI","SID","HNL"
"2026/01/22","OPTEC","ONE","ZLC","2021/06/17","Y","OPTEC1.OPTEC","SID","10U"
"2026/01/22","ORCKA","FIVE","ZLA","2020/09/10","Y","ORCKA5.ORCKA","SID","LAX"
"2026/01/22","ORELE","ONE","ZLC","2024/10/31","Y","ORELE1.ORELE","SID","SMN"
"2026/01/22","ORLANDO","SIX","ZJX","2023/02/23","N","ORLA6.ORLA","SID","MCO"
"2026/01/22","ORNEY","ONE","ZLC","2009/12/17","N","ORNEY1.LHO","OBSTACLE","LGU"
"2026/01/22","OROSZ","TWO","ZLA","2018/02/01","Y","OROSZ2.OROSZ","SID","BUR"
"2026/01/22","ORSKY","THREE","ZMP","2022/09/08","N","ORSKY3.ORSKY","SID","ANE FCM MSP STP"
"2026/01/22","OSHNN","ONE","ZLA","2021/05/20","Y","OSHNN1.OSHNN","SID","LAX"
"2026/01/22","OSPRY","ONE","ZJX","2022/05/19","Y","OSPRY1.OSPRY","SID","MCO"
"2026/01/22","OWAYY","ONE","ZMA","2024/10/31","Y","OWAYY1.OWAYY","SID","LAL"
"2026/01/22","OXFRD","FIVE","ZDC","2021/12/02","Y","OXFRD5.OXFRD","SID","RDU"
"2026/01/22","OYODA","TWO","ZLA","2021/04/22","Y","OYODA2.OYODA","SID","HND"
"2026/01/22","OZARK","EIGHT","ZKC","2021/10/07","N","OZARK8.STL","SID","ALN BLV CPS STL SUS"
"2026/01/22","OZIEE","FOUR","ZOA","2019/10/10","Y","OZIEE4.OZIEE","SID","APC"
"2026/01/22","OZWLD","ONE","ZSE","2018/07/19","Y","OZWLD1.OZWLD","SID","SEA"
"2026/01/22","PACKK","NINE","ZDC","2021/02/25","N","PACK9.RDU","SID","RDU"
"2026/01/22","PADGT","TWO","ZTL","2016/11/10","Y","PADGT2.PADGT","SID","ATL"
"2026/01/22","PADRZ","TWO","ZLA","2017/12/07","Y","PADRZ2.PADRZ","SID","CRQ MYF RNM SAN SDM SEE"
"2026/01/22","PAINE","SIX","ZSE","2018/11/08","N","PAINE6.PAINE","SID","PAE"
"2026/01/22","PAL-WAUKEE","SEVEN","ZAU","2025/08/07","N","NOT ASSIGNED","SID","PWK"
"2026/01/22","PALAY","THREE","ZHN","2021/02/25","N","PALAY3.PALAY","SID","HNL"
"2026/01/22","PALCO","SEVEN","ZSU","2016/09/15","N","PALCO7.PALCO","SID","STT"
"2026/01/22","PALM BEACH","FOUR","ZMA","2026/01/22","N","PBI4.PBI","SID","PBI"
"2026/01/22","PALMDALE","ONE","ZLA","2023/10/05","N","PMD1.PMD","OBSTACLE","WJF"
"2026/01/22","PALMER","FIVE","ZAN","2018/11/08","Y","PALMR5.BGQ","OBSTACLE","PAQ"
"2026/01/22","PALMS","FOUR","ZHU","2025/08/07","N","PALMS4.CRP","SID","AUS"
"2026/01/22","PARDN","FOUR","ZME","2025/11/27","Y","PARDN4.PARDN","SID","BNA"
"2026/01/22","PARIS","FOUR","ZHN","2010/02/11","N","PARIS4.PARIS","OBSTACLE","ITO"
"2026/01/22","PARKS","FOUR","ZLA","2017/04/27","N","PARKS4.PGS","SID","GCN"
"2026/01/22","PASCO","ONE","ZSE","2025/10/02","N","PSC1.PSC","OBSTACLE","PSC"
"2026/01/22","PASO ROBLES","TWO","ZOA","2022/05/19","N","PRB2.PRB","OBSTACLE","PRB"
"2026/01/22","PATSS","SEVEN","ZBW","2023/11/30","Y","PATSS7.PATSS","SID","BOS"
"2026/01/22","PAVYL","THREE","ZOB","2024/05/16","Y","PAVYL3.PAVYL","SID","ARB DET DTW MTC ONZ OZW PTK TTF VLL YIP"
"2026/01/22","PEASE","FOUR","ZBW","2021/04/22","N","PSM4.PSM","SID","PSM"
"2026/01/22","PEBLE","SIX","ZLA","2015/08/20","N","PEBLE6.PEBLE","SID","SAN"
"2026/01/22","PECKK","TWO","ZLC","2017/10/12","Y","PECKK2.PECKK","SID","GEY"
"2026/01/22","PEECE","SIX","ZHU","2022/01/27","Y","PEECE6.PEECE","SID","HOU"
"2026/01/22","PENCL","TWO","ZTL","2016/11/10","Y","PENCL2.PENCL","SID","ATL"
"2026/01/22","PEPUC","TWO","ZLC","2017/10/12","Y","PEPUC2.PEPUC","OBSTACLE","MYL"
"2026/01/22","PERCH","THREE","ZLA","2017/08/17","N","PRCH3.LAX","SID","LAX"
"2026/01/22","PETERSBURG","TWO","ZAN","2024/09/05","N","PTRSG2.ZARUT","OBSTACLE","PSG"
"2026/01/22","PEVEE","SIX","ZLA","2018/02/01","Y","PEVEE6.PEVEE","SID","SMO"
"2026/01/22","PFLYD","ONE","ZOB","2018/07/19","Y","PFLYD1.PFLYD","SID","CLE"
"2026/01/22","PHIIL","THREE","ZTL","2021/10/07","Y","PHIIL3.PHIIL","SID","ATL"
"2026/01/22","PHILADELPHIA","FOUR","ZNY","2025/06/12","N","PHL4.PHL","SID","PHL"
"2026/01/22","PHOENIX","ONE","ZAB","2010/02/11","N","PXR1.PXR","OBSTACLE","IWA"
"2026/01/22","PHYLI","TWO","ZLA","2016/03/31","Y","PHYLI2.PHYLI","SID","SGU"
"2026/01/22","PIEPE","SIX","ZME","2020/12/31","Y","PIEPE6.PIEPE","SID","MEM"
"2026/01/22","PIGGN","THREE","ZLA","2022/03/24","Y","PIGGN3.PIGGN","SID","SNA"
"2026/01/22","PIKES","THREE","ZDV","2025/06/12","N","PIKES3.DEN","SID","APA BJC BKF CFO DEN FNL GXY"
"2026/01/22","PIPLN","ONE","ZHN","2020/01/30","Y","PIPLN1.PIPLN","SID","HNL"
"2026/01/22","PITKN","FIVE","ZDV","2024/05/16","Y","PITKN5.GLENO","SID","ASE"
"2026/01/22","PITTSBURGH","FIVE","ZOB","2019/01/03","N","PIT5.PIT","SID","PIT"
"2026/01/22","PITZZ","FIVE","ZHU","2024/07/11","Y","PITZZ5.PITZZ","SID","IAH"
"2026/01/22","PLAINS","TWO","ZDV","2025/06/12","N","PLAIN2.DEN","SID","APA BJC BKF CFO DEN FNL GXY"
"2026/01/22","PLATA","ONE","ZDV","1996/12/05","N","PLATA1.PLATA","SID","FMN"
"2026/01/22","PLESS","FIVE","ZKC","2017/08/17","N","PLESS5.PLESS","SID","ALN BLV CPS STL SUS"
"2026/01/22","PLMMR","THREE","ZTL","2022/09/08","Y","PLMMR3.PLMMR","SID","ATL"
"2026/01/22","PLMTO","THREE","ZJX","2020/11/05","Y","PLMTO3.PLMTO","SID","CHS"
"2026/01/22","PNDAH","TWO","ZLA","2017/08/17","Y","PNDAH2.PNDAH","SID","LAX"
"2026/01/22","POAKE","TWO","ZAB","2017/01/05","N","POAKE2.POAKE","SID","SAF"
"2026/01/22","POCATELLO","FOUR","ZLC","2018/07/19","Y","PIH4.PIH","SID","U02"
"2026/01/22","POMONA","ONE","ZLA","2019/01/03","N","POM1.POM","SID","ONT"
"2026/01/22","PORTLAND","TWO","ZSE","2021/02/25","N","PTLD2.BTG","SID","PDX"
"2026/01/22","PORTLAND","SIX","ZBW","2020/05/21","N","PWM6.PWM","SID","PWM"
"2026/01/22","PORTT","FOUR","ZNY","2018/03/29","Y","PORTT4.PORTT","SID","EWR"
"2026/01/22","POTER","THREE","ZAB","2016/07/21","Y","POTER3.POTER","OBSTACLE","GYR"
"2026/01/22","POTOR","TWO","ZSE","1980/12/25","N","POTOR2.POTOR","SID","LWS"
"2026/01/22","POTTR","THREE","ZAN","2025/04/17","N","POTTR3.POTTR","SID","ANC"
"2026/01/22","POUNC","TWO","ZTL","2016/11/10","Y","POUNC2.POUNC","SID","ATL"
"2026/01/22","PPKEO","ONE","ZHN","2021/02/25","Y","PPKEO1.PPKEO","SID","ITO"
"2026/01/22","PPORT","FOUR","ZBW","2021/10/07","Y","PPORT4.PPORT","SID","MHT"
"2026/01/22","PRESCOTT","THREE","ZAB","2019/06/20","N","PRC3.DRK","OBSTACLE","PRC"
"2026/01/22","PRINCETON","ONE","ZNY","2019/02/28","N","PRINC1.PRINC","SID","39N"
"2026/01/22","PROP","ONE","ZNY","2017/06/22","N","PROP1.PROP","SID","HPN"
"2026/01/22","PROVO","FOUR","ZLC","2009/08/27","N","PROVO4.FFU","OBSTACLE","PVU"
"2026/01/22","PTOMC","TWO","ZDC","2016/07/21","Y","PTOMC2.PTOMC","SID","JYO"
"2026/01/22","PTRON","NINE","ZHU","2022/09/08","Y","PTRON9.PTRON","SID","HOU"
"2026/01/22","PUEBLO","TWO","ZDV","2023/08/10","Y","PUBLO2.PUBLO","OBSTACLE","AEJ"
"2026/01/22","PUHEE","ONE","ZHN","2019/06/20","Y","PUHEE1.PUHEE","SID","OGG"
"2026/01/22","PUYVO","FIVE","ZAN","2023/08/10","Y","PUYVO5.PUYVO","SID","FAI"
"2026/01/22","PVINE","FIVE","ZOA","2023/06/15","Y","PVINE5.PVINE","SID","RNO"
"2026/01/22","QUAKE","TWO","ZOA","2020/11/05","N","QUAKE2.QAK","SID","OAK"
"2026/01/22","QUAKY","ONE","ZAB","2018/05/24","Y","QUAKY1.QUAKY","SID","PHX"
"2026/01/22","RACER","EIGHT","ZKC","2023/10/05","N","RACER8.MCI","SID","FLV GPH IXD LXT MCI MKC OJC STJ"
"2026/01/22","RADYR","TWO","ZLA","2021/08/12","Y","RADYR2.RADYR","SID","LAS"
"2026/01/22","RAJEE","FOUR","ZLA","2024/03/21","Y","RAJEE4.RAJEE","SID","ONT"
"2026/01/22","RALEIGH","ONE","ZDC","2021/02/25","N","RDU1.RDU","SID","RDU"
"2026/01/22","RAMBL","SIX","ZFW","2022/12/29","Y","RAMBL6.RAMBL","SID","DAL"
"2026/01/22","RASLR","THREE","ZLA","2022/01/27","Y","RASLR3.RASLR","SID","LAS"
"2026/01/22","RATPK","THREE","ZLA","2022/01/27","Y","RATPK3.RATPK","SID","LAS"
"2026/01/22","RAYMD","THREE","ZAN","2018/09/13","Y","RAYMD3.RAYMD","SID","SDP"
"2026/01/22","RAZORBACK","THREE","ZME","2019/12/05","N","NOT ASSIGNED","SID","FYV"
"2026/01/22","RDBUD","FOUR","ZTL","2019/02/28","Y","RDBUD4.RDBUD","SID","AGS AIK"
"2026/01/22","RDFLG","FIVE","ZAN","2023/08/10","Y","RDFLG5.RDFLG","SID","FAI"
"2026/01/22","RDHSE","ONE","ZID","2024/07/11","Y","RDHSE1.RDHSE","SID","SDF"
"2026/01/22","RDHWK","THREE","ZFW","2017/12/07","Y","RDHWK3.RDHWK","SID","OKC OUN PWA"
"2026/01/22","RDRNR","THREE","ZAB","2015/06/25","Y","RDRNR3.RDRNR","SID","ABQ"
"2026/01/22","RDSOX","ONE","ZJX","2022/05/19","Y","RDSOX1.RDSOX","SID","MCO"
"2026/01/22","READE","SEVEN","ZDC","2019/12/05","N","READE7.READE","SID","RIC"
"2026/01/22","REBLL","FIVE","ZDC","2020/12/31","Y","REBLL5.REBLL","SID","DCA"
"2026/01/22","REDDING","ONE","ZOA","2023/10/05","N","RDD1.RDD","OBSTACLE","O85"
"2026/01/22","REDMOND","THREE","ZSE","2015/08/20","N","NOT ASSIGNED","SID","RDM"
"2026/01/22","REGAE","TWO","ZMA","2022/05/19","Y","REGAE2.REGAE","SID","FLL"
"2026/01/22","RENO","ONE","ZOA","2022/11/03","N","RENO1.FMG","SID","RNO"
"2026/01/22","RENTN","THREE","ZSE","2016/07/21","N","RENTN3.RENTN","SID","RNT"
"2026/01/22","REPUBLIC","ONE","ZNY","2019/01/03","N","REP1.REP","SID","FRG"
"2026/01/22","RETYR","EIGHT","ZHU","2022/11/03","Y","RETYR8.RETYR","SID","HOU"
"2026/01/22","REVSS","SIX","ZBW","2023/11/30","Y","REVSS6.REVSS","SID","BOS"
"2026/01/22","RHONE","THREE","ZDV","2024/05/16","Y","RHONE3.RHONE","SID","GJT"
"2026/01/22","RICHE","THREE","ZHN","2023/02/23","N","RICHE3.BOOKE","SID","LIH"
"2026/01/22","RICHFIELD","TWO","ZLC","2015/08/20","Y","RIF2.RIF","OBSTACLE","RIF"
"2026/01/22","RICHY","SEVEN","ZOA","2021/02/25","N","RICHY7.SWR","SID","TVL"
"2026/01/22","RIDDG","TWO","ZLC","2025/08/07","Y","RIDDG2.RIDDG","SID","GPI"
"2026/01/22","RITAA","SEVEN","ZHU","2022/09/08","Y","RITAA7.RITAA","SID","IAH"
"2026/01/22","RIVERSIDE","TWO","ZLA","2020/12/31","N","RAL2.PDZ","OBSTACLE","RAL"
"2026/01/22","RNLDI","FOUR","ZDC","2015/06/25","Y","RNLDI4.RNLDI","SID","IAD"
"2026/01/22","ROCHESTER","ONE","ZMP","2018/09/13","N","RST1.RST","SID","ANE FCM MSP STP"
"2026/01/22","ROCKIES","SEVEN","ZDV","2025/06/12","N","ROCKI7.DEN","SID","APA BJC BKF CFO DEN FNL GXY"
"2026/01/22","ROCKT","FOUR","ZID","2025/11/27","Y","ROCKT4.ROCKT","SID","CVG"
"2026/01/22","ROCKY","ONE","ZID","2018/02/01","N","ROCKY1.ROCKY","SID","EYE GEZ HFY IND MQJ TYQ UMP"
"2026/01/22","ROGERS","FOUR","ZME","2022/03/24","N","ROG4.RZC","SID","ROG"
"2026/01/22","RONAN","THREE","ZLC","2017/08/17","Y","RONAN3.ANGIL","SID","7S0"
"2026/01/22","RONBE","TWO","ZDV","2019/08/15","Y","RONBE2.RONBE","SID","ANK"
"2026/01/22","RONHU","TWO","ZOA","2022/11/03","Y","RONHU2.RONHU","SID","UKI"
"2026/01/22","ROSCOE","FOUR","ZLA","2025/02/20","Y","RSCO4.VVERA","SID","VNY"
"2026/01/22","ROTRY","SIX","ZKC","2025/08/07","Y","ROTRY6.ROTRY","SID","STL"
"2026/01/22","ROWEY","ONE","ZLC","2025/02/20","Y","ROWEY1.ROWEY","OBSTACLE","DUB"
"2026/01/22","ROYAL","TWO","ZKC","2024/09/05","N","ROYAL2.MCI","SID","FLV GPH IXD LXT MCI MKC OJC STJ"
"2026/01/22","ROYES","SEVEN","ZJX","2015/06/25","N","ROYES7.ROYES","SID","DAB"
"2026/01/22","ROZBO","FIVE","ZDC","2021/12/02","Y","ROZBO5.ROZBO","SID","RDU"
"2026/01/22","RREHD","ONE","ZOA","2024/01/25","Y","RREHD1.RREHD","SID","STS"
"2026/01/22","RUGGD","THREE","ZLC","2023/04/20","Y","RUGGD3.RUGGD","SID","SLC"
"2026/01/22","RVRCT","FOUR","ZOA","2022/05/19","Y","RVRCT4.RVRCT","SID","SMF"
"2026/01/22","RYPAX","TWO","ZOA","2022/11/03","Y","RYPAX2.RYPAX","SID","UKI"
"2026/01/22","SABTH","TWO","ZDV","2020/09/10","Y","SABTH2.SABTH","SID","DEN"
"2026/01/22","SACAT","THREE","ZAB","2016/11/10","Y","SACAT3.SACAT","SID","FFZ"
"2026/01/22","SAFFORD","ONE","ZAB","2010/07/29","Y","SAFRD1.SAFRD","OBSTACLE","SAD"
"2026/01/22","SAHEY","FOUR","ZOA","2021/08/12","Y","SAHEY4.SAHEY","SID","SFO"
"2026/01/22","SALAD","FIVE","ZOA","2017/08/17","N","SALAD5.SALAD","SID","OAK"
"2026/01/22","SALEM","FOUR","ZSE","2017/04/27","N","NOT ASSIGNED","SID","SLE"
"2026/01/22","SALINAS","THREE","ZOA","2022/05/19","N","SNS3.SNS","SID","SNS"
"2026/01/22","SALMON","ONE","ZLC","2026/01/22","N","LKT1.LKT","OBSTACLE","LLJ"
"2026/01/22","SALT LAKE","FOUR","ZLC","2017/08/17","N","SLC4.TCH","SID","SLC"
"2026/01/22","SAMMI","FOUR","ZTL","2018/03/29","Y","SAMMI4.SAMMI","SID","AGS AIK DNL HQU"
"2026/01/22","SAN FRANCISCO","FOUR","ZOA","2016/09/15","N","SFO4.SFO","SID","SFO"
"2026/01/22","SAN JOSE","THREE","ZOA","2019/08/15","N","SJC3.MOONY","SID","SJC"
"2026/01/22","SAN SIMON","ONE","ZAB","2010/07/29","Y","SSO1.SSO","OBSTACLE","CFT"
"2026/01/22","SANFORD","ONE","ZJX","2021/12/02","N","SFB1.SFB","SID","SFB"
"2026/01/22","SANTA BARBARA","FIVE","ZLA","2018/11/08","N","SBA5.SBA","SID","SBA"
"2026/01/22","SANTA MONICA","THREE","ZLA","2018/02/01","Y","SMO3.CHOII","SID","SMO"
"2026/01/22","SARASOTA","SIX","ZMA","2025/04/17","N","SRQ6.SRQ","SID","SRQ"
"2026/01/22","SARDD","THREE","ZDV","2013/06/27","N","SARDD3.LINDZ","OBSTACLE","ASE"
"2026/01/22","SAWGY","THREE","ZJX","2022/09/08","N","SAWGY3.OMN","SID","JAX"
"2026/01/22","SAYBR","THREE","ZHU","2021/04/22","Y","SAYBR3.SAYBR","SID","3R9 AUS EDC GTU HYI RYW T74"
"2026/01/22","SAYOW","TWO","ZLA","2017/10/12","Y","SAYOW2.SAYOW","SID","SAN"
"2026/01/22","SBOAT","ONE","ZMA","2024/10/31","Y","SBOAT1.SBOAT","SID","LAL"
"2026/01/22","SCAGGS ISLAND","ONE","ZOA","2026/01/22","N","SGD1.SGD","OBSTACLE","O69"
"2026/01/22","SCAMR","FOUR","ZLA","2024/01/25","Y","SCAMR4.SCAMR","SID","HND"
"2026/01/22","SCAPO","SEVEN","ZSE","2018/02/01","N","SCAPO7.SCAPO","SID","HIO"
"2026/01/22","SCHEP","ONE","ZMP","2022/09/08","N","SCHEP1.SCHEP","SID","ANE FCM MSP STP"
"2026/01/22","SCOTTSDALE","SEVEN","ZAB","2012/07/26","N","SCOT7.SCOT","SID","SDL"
"2026/01/22","SCRAM","SIX","ZDC","2020/12/31","Y","SCRAM6.SCRAM","SID","DAA DCA IAD JYO MRB OKV"
"2026/01/22","SCRANTON","EIGHT","ZNY","2020/07/16","N","AVP8.AVP","SID","AVP"
"2026/01/22","SCTWN","FOUR","ZOA","2022/05/19","Y","SCTWN4.SCTWN","SID","SMF"
"2026/01/22","SCUBY","EIGHT","ZMA","2024/09/05","N","SCUBY8.SCUBY","SID","RSW"
"2026/01/22","SCUTA","THREE","ZDC","2019/10/10","Y","SCUTA3.SCUTA","SID","ROA"
"2026/01/22","SEAL BEACH","EIGHT","ZLA","2017/08/17","N","SLI8.SLI","SID","LAX"
"2026/01/22","SEATTLE","ONE","ZSE","2025/11/27","N","SEA1.SEA","SID","SEA"
"2026/01/22","SEBBY","THREE","ZLA","2018/07/19","N","SEBBY3.DAG","SID","LAX"
"2026/01/22","SEEMS","ONE","ZOA","2023/06/15","Y","SEEMS1.SEEMS","OBSTACLE","HAF"
"2026/01/22","SEGUL","ONE","ZOA","2024/07/11","Y","SEGUL1.SEGUL","SID","SFO"
"2026/01/22","SELAWIK","TWO","ZAN","2020/12/31","Y","WLK2.WLK","OBSTACLE","IAN"
"2026/01/22","SELPH","SEVEN","ZME","2020/12/31","Y","SELPH7.SELPH","SID","MEM"
"2026/01/22","SETHY","FIVE","ZDC","2020/09/10","Y","SETHY5.SETHY","SID","BCB"
"2026/01/22","SEVYR","THREE","ZLC","2017/08/17","N","SEVYR3.SEVYR","SID","SLC"
"2026/01/22","SEWAR","ONE","ZAN","2011/06/30","Y","SEWAR1.SEWAR","OBSTACLE","SWD"
"2026/01/22","SHASTA","FOUR","ZOA","2020/01/30","N","SHA4.RDD","SID","RDD"
"2026/01/22","SHEDD","FOUR","ZSE","2021/12/02","N","SHEDD4.SHEDD","SID","CVO"
"2026/01/22","SHENANDOAH","THREE","ZDC","2016/11/10","N","SNDOA3.SNDOA","SID","SHD"
"2026/01/22","SHPRD","FOUR","ZDC","2021/02/25","Y","SHPRD4.SHPRD","SID","RDU"
"2026/01/22","SIEBE","FOUR","ZLC","2023/02/23","N","SIEBE4.SIEBE","SID","HLN"
"2026/01/22","SILENT","THREE","ZOA","2022/09/08","N","SLNT3.REBAS","SID","OAK"
"2026/01/22","SILKS","SIX","ZID","2024/05/16","Y","SILKS6.SILKS","SID","CVG"
"2026/01/22","SILVER CITY","TWO","ZAB","2017/01/05","N","SVC2.SVC","OBSTACLE","SVC"
"2026/01/22","SINGG","ONE","ZSE","2025/10/02","Y","SINGG1.SINGG","OBSTACLE","3W7"
"2026/01/22","SITKA","ONE","ZAN","2024/12/26","N","STKA1.SSR","SID","SIT"
"2026/01/22","SKIFF","SEVEN","ZLA","2016/09/15","N","SKIFF7.SKIFF","SID","OXR"
"2026/01/22","SKORR","FIVE","ZNY","2022/12/29","Y","SKORR5.SKORR","SID","JFK"
"2026/01/22","SKOTT","TWO","ZLC","2011/01/13","N","SKOTT2.SKOTT","OBSTACLE","GPI"
"2026/01/22","SKOWL","TWO","ZAN","2018/07/19","N","SKOWL2.DOOZI","OBSTACLE","KTN"
"2026/01/22","SKWRL","TWO","ZLA","2017/08/17","Y","SKWRL2.SKWRL","SID","LAX"
"2026/01/22","SKYEE","ONE","ZDV","2020/03/26","Y","SKYEE1.SKYEE","SID","APA BJC CFO FNL GXY LMO"
"2026/01/22","SKYLINE","ONE","ZOA","2019/08/15","N","SKYL1.WAGES","SID","OAK"
"2026/01/22","SLAPP","TWO","ZLA","2020/09/10","Y","SLAPP2.SLAPP","SID","BUR"
"2026/01/22","SLATR","ONE","ZDV","2020/01/30","Y","SLATR1.SLATR","OBSTACLE","EAN"
"2026/01/22","SLAYER","FOUR","ZMP","2017/08/17","Y","SLAYR4.SLAYR","SID","MSP"
"2026/01/22","SLEEK","TWO","ZDV","2020/09/10","Y","SLEEK2.SLEEK","SID","DEN"
"2026/01/22","SLENA","TWO","ZHU","2025/08/07","Y","SLENA2.SLENA","SID","5C1 BAZ CVB PEZ RND SAT SKF SSF"
"2026/01/22","SLIDZ","THREE","ZMA","2026/01/22","Y","SLIDZ3.SLIDZ","SID","PBI"
"2026/01/22","SMERF","SEVEN","ZMP","2017/08/17","Y","SMERF7.SMERF","SID","MSP"
"2026/01/22","SMKEY","TWO","ZTL","2016/11/10","Y","SMKEY2.SMKEY","SID","ATL"
"2026/01/22","SMKKY","ONE","ZSE","2022/12/29","Y","SMKKY1.SMKKY","SID","MFR"
"2026/01/22","SMLTZ","THREE","ZTL","2022/05/19","Y","SMLTZ3.SMLTZ","SID","ATL"
"2026/01/22","SMMUR","TWO","ZDV","2020/09/10","Y","SMMUR2.SMMUR","SID","DEN"
"2026/01/22","SNAKO","THREE","ZLC","2014/04/03","N","SNAKO3.SNAKO","SID","TWF"
"2026/01/22","SNAPR","TWO","ZMA","2022/05/19","Y","SNAPR2.SNAPR","SID","FLL"
"2026/01/22","SNDLR","THREE","ZMA","2025/06/12","Y","SNDLR3.SNDLR","SID","SUA"
"2026/01/22","SNDRS","THREE","ZOB","2024/05/16","Y","SNDRS3.SNDRS","SID","ARB DET DTW MTC ONZ OZW PTK TTF VLL YIP"
"2026/01/22","SNGRA","TWO","ZSU","2015/12/10","Y","SNGRA2.SNGRA","SID","SJU"
"2026/01/22","SNIDR","TWO","ZHU","2025/08/07","Y","SNIDR2.SNIDR","SID","5C1 BAZ CVB PEZ RND SAT SKF SSF"
"2026/01/22","SNOBL","SIX","ZAB","2018/05/24","Y","SNOBL6.SNOBL","SID","CHD DVT GEU GYR IWA SDL"
"2026/01/22","SNOOZ","FIVE","ZSU","2022/03/24","N","SNOOZ5.SNOOZ","SID","STX"
"2026/01/22","SNSET","FOUR","ZFW","2016/03/31","Y","SNSET4.SNSET","SID","DAL"
"2026/01/22","SNSHN","FIVE","ZLA","2020/09/10","Y","SNSHN5.SNSHN","SID","ONT"
"2026/01/22","SNTNA","TWO","ZOA","2015/06/25","Y","SNTNA2.SNTNA","SID","SFO"
"2026/01/22","SOFTY","ONE","ZID","2025/11/27","Y","SOFTY1.SOFTY","SID","BLF"
"2026/01/22","SOKOY","THREE","ZOA","2017/08/17","N","SOKOY3.SOKOY","SID","VCB"
"2026/01/22","SOOKI","SIX","ZDC","2026/01/22","Y","SOOKI6.SOOKI","SID","DCA"
"2026/01/22","SOUTH VALLEY","TWO","ZLC","2025/04/17","Y","SVALY2.FFU","SID","SVR"
"2026/01/22","SPACX","TWO","ZLA","2020/01/30","Y","SPACX2.SPACX","SID","HHR"
"2026/01/22","SPANISH FORK","ONE","ZLC","2019/01/03","N","SPK1.FFU","OBSTACLE","SPK"
"2026/01/22","SPARKS","ONE","ZOA","2022/12/29","N","SPRKS1.FMG","OBSTACLE","RNO"
"2026/01/22","SPARREVOHN","ONE","ZAN","2020/12/31","Y","SQA1.SQA","OBSTACLE","SLQ"
"2026/01/22","SPILR","ONE","ZID","2024/07/11","Y","SPILR1.SPILR","SID","SDF"
"2026/01/22","SPOKANE","EIGHT","ZSE","2025/11/27","N","NOT ASSIGNED","SID","GEG"
"2026/01/22","SPRING","FIVE","ZME","2019/12/05","N","ASG5.ASG","SID","ASG"
"2026/01/22","SPRINGS","SIX","ZDV","2018/03/29","N","COS6.BRK","SID","COS"
"2026/01/22","SPTNS","ONE","ZOA","2022/01/27","Y","SPTNS1.TECKY","SID","SJC"
"2026/01/22","SQUAT","FIVE","ZDV","2023/06/15","Y","SQUAT5.SQUAT","OBSTACLE","RIL"
"2026/01/22","SQURL","ONE","ZVR","2025/11/27","Y","SQURL1.SQURL","OBSTACLE","ORS"
"2026/01/22","SSOXS","SEVEN","ZBW","2023/11/30","Y","SSOXS7.SSOXS","SID","BOS"
"2026/01/22","SSTIK","FIVE","ZOA","2021/08/12","Y","SSTIK5.SSTIK","SID","SFO"
"2026/01/22","SSYKO","THREE","ZFW","2017/12/07","Y","SSYKO3.SSYKO","SID","OKC OUN PWA"
"2026/01/22","ST PETE","ONE","ZMA","2025/04/17","N","PIE1.PIE","SID","PIE"
"2026/01/22","ST. JOHNS","NINE","ZAB","2019/02/28","N","SJN9.SJN","SID","PHX"
"2026/01/22","STACEY","TWO","ZHN","2014/04/03","N","STACY2.OGG","SID","OGG"
"2026/01/22","STACO","TWO","ZLC","2015/06/25","Y","STACO2.STACO","SID","TVY"
"2026/01/22","STAKK","FIVE","ZLC","2023/02/23","N","STAKK5.STAKK","SID","HLN"
"2026/01/22","STANFIELD","FOUR","ZAB","2015/06/25","N","TFD4.TFD","SID","PHX"
"2026/01/22","STAYY","FOUR","ZLA","2022/03/24","Y","STAYY4.STAYY","SID","SNA"
"2026/01/22","STEAD","ONE","ZOA","2024/10/31","N","STEAD1.FMG","OBSTACLE","RTS"
"2026/01/22","STEWART","NINE","ZNY","2019/06/20","N","SWF9.SWF","SID","SWF"
"2026/01/22","STHBY","ONE","ZLA","2024/07/11","Y","STHBY1.STHBY","SID","LAX"
"2026/01/22","STIGR","TWO","ZLA","2016/09/15","N","STIGR2.STIGR","SID","L45"
"2026/01/22","STPHN","THREE","ZFW","2017/12/07","Y","STPHN3.STPHN","SID","OKC OUN PWA"
"2026/01/22","STRRM","ONE","ZAB","2018/05/24","Y","STRRM1.STRRM","SID","PHX"
"2026/01/22","STRYA","EIGHT","ZHU","2021/10/07","Y","STRYA8.STRYA","SID","54T 6R3 ARM AXH BYY CXO DWH EFD GLS HOU HPY IAH IWS LBX LVJ SGR T00 T41 T78 TME"
"2026/01/22","STUNO","ONE","ZJX","2021/10/07","Y","STUNO1.STUNO","SID","CHS"
"2026/01/22","STYCK","EIGHT","ZHU","2021/10/07","Y","STYCK8.STYCK","SID","54T 6R3 ARM AXH BYY CXO DWH EFD GLS HOU HPY IAH IWS LBX LVJ SGR T00 T41 T78 TME"
"2026/01/22","SUDDZ","ONE","ZDV","2020/03/26","Y","SUDDZ1.SUDDZ","SID","DEN"
"2026/01/22","SUMMA","TWO","ZSE","2020/01/30","N","SUMMA2.SUMMA","SID","SEA"
"2026/01/22","SUMMR","TWO","ZLA","2019/10/10","Y","SUMMR2.SUMMR","SID","LAX"
"2026/01/22","SUNNE","ONE","ZOA","2020/01/30","N","SUNNE1.SUNNE","SID","OAK"
"2026/01/22","SUNOL","ONE","ZOA","2019/08/15","N","SUNOL1.SUNOL","SID","SJC"
"2026/01/22","SWEEP","TWO","ZHN","2015/08/20","N","SWEEP2.SWEEP","SID","OGG"
"2026/01/22","SWOPE","ONE","ZDC","2025/10/02","Y","SWOPE1.SWOPE","SID","ORF"
"2026/01/22","SWPFX","THREE","ZJX","2023/04/20","Y","SWPFX3.SWPFX","SID","CHS"
"2026/01/22","SWTSR","SEVEN","ZFW","2024/01/25","Y","SWTSR7.SWTSR","SID","DAL"
"2026/01/22","SWUNG","TWO","ZDV","2019/01/03","Y","SWUNG2.SWUNG","OBSTACLE","SPF"
"2026/01/22","SYRACUSE","TWO","ZBW","2020/01/30","N","SYR2.SYR","SID","SYR"
"2026/01/22","TAFOY","THREE","ZAB","2023/06/15","N","TAFOY3.TAFOY","SID","SAF"
"2026/01/22","TAMPA","NINE","ZMA","2025/11/27","N","TAMPA9.TAMPA","SID","TPA"
"2026/01/22","TANKER","THREE","ZBW","2021/04/22","N","TANKR3.TANKR","SID","PSM"
"2026/01/22","TARGY","ONE","ZLC","2012/02/09","N","LOW1.LOW","OBSTACLE","WYS"
"2026/01/22","TAZMO","FOUR","ZME","2025/11/27","Y","TAZMO4.TAZMO","SID","BNA"
"2026/01/22","TBIRD","SEVEN","ZMA","2026/01/22","Y","TBIRD7.TBIRD","SID","PBI"
"2026/01/22","TDOWN","THREE","ZAB","2016/07/21","Y","TDOWN3.TDOWN","SID","ELP"
"2026/01/22","TEBRD","THREE","ZFW","2017/12/07","Y","TEBRD3.TEBRD","SID","OKC OUN PWA"
"2026/01/22","TECKY","FOUR","ZOA","2022/01/27","Y","TECKY4.TECKY","SID","SJC"
"2026/01/22","TEDDD","FIVE","ZKC","2018/07/19","Y","TEDDD5.TEDDD","SID","STL"
"2026/01/22","TERPZ","EIGHT","ZDC","2024/07/11","Y","TERPZ8.TERPZ","SID","BWI DMW ESN FDK GAI MTN"
"2026/01/22","TETERBORO","FOUR","ZNY","2021/10/07","N","TEB4.TEB","SID","TEB"
"2026/01/22","TETON","THREE","ZLC","2008/06/05","N","TETON3.KICNE","OBSTACLE","JAC"
"2026/01/22","TEVAD","ONE","ZYZ","2014/11/13","Y","TEVAD1.TEVAD","SID","CYTZ"
"2026/01/22","TEXOMA","FIVE","ZFW","2024/01/25","N","TEX5.FUZ","SID","ADS AFW DAL DFW DTO FTW FWS GKY GPM HQZ LNC NFW RBD TKI"
"2026/01/22","THERMAL","SIX","ZLA","2008/04/10","N","TRM6.TRM","SID","PSP"
"2026/01/22","THRPE","THREE","ZFW","2017/12/07","Y","THRPE3.THRPE","SID","OKC OUN PWA"
"2026/01/22","THUMB","ONE","ZBW","2025/11/27","Y","THUMB1.THUMB","SID","BAF BDL CEF HFD"
"2026/01/22","TIDES","ONE","ZMA","2024/05/16","Y","TIDES1.TIDES","SID","SRQ VNC"
"2026/01/22","TIFTO","EIGHT","ZKC","2023/10/05","N","TIFTO8.MCI","SID","FLV GPH IXD LXT MCI MKC OJC STJ"
"2026/01/22","TIPPN","FOUR","ZME","2025/11/27","Y","TIPPN4.TIPPN","SID","BNA"
"2026/01/22","TJANO","TWO","ZHU","2025/08/07","Y","TJANO2.TJANO","SID","5C1 BAZ CVB PEZ RND SAT SKF SSF"
"2026/01/22","TNNIS","SIX","ZNY","2015/06/25","Y","TNNIS6.TNNIS","SID","LGA"
"2026/01/22","TOADSTOOL","TWO","ZDV","2016/07/21","N","TST2.TST","SID","HSR"
"2026/01/22","TOLLZ","TWO","ZJX","2024/03/21","Y","TOLLZ2.TOLLZ","SID","ORL"
"2026/01/22","TOMPY","ONE","ZAN","2024/10/31","Y","TOMPY1.TOMPY","OBSTACLE","SHG"
"2026/01/22","TOPANGA","THREE","ZLA","2023/06/15","N","TPNGA3.SADDE","OBSTACLE","SMO"
"2026/01/22","TOPMM","FIVE","ZLA","2024/12/26","Y","TOPMM5.TOPMM","SID","LGB"
"2026/01/22","TORO","SEVEN","ZOA","2016/07/21","N","TORO7.TORO","SID","MRY"
"2026/01/22","TRACY","ONE","ZOA","2022/07/14","N","TRACY1.TRACY","SID","TCY"
"2026/01/22","TRI-CITIES","EIGHT","ZSE","2025/10/02","N","NOT ASSIGNED","SID","PSC"
"2026/01/22","TRI-GATE","FOUR","ZFW","2021/04/22","N","TGATE4.DFW","SID","DFW"
"2026/01/22","TRIAD","NINE","ZTL","2017/01/05","N","TRI9.GSO","SID","GSO INT"
"2026/01/22","TRICITIES","THREE","ZTL","2017/12/07","N","TRI3.TRI","OBSTACLE","TRI"
"2026/01/22","TRINIDAD","ONE","ZDV","2016/09/15","Y","TAD1.TAD","OBSTACLE","TAD"
"2026/01/22","TRINITY","EIGHT","ZFW","2017/08/17","N","TRNTY8.CVE","SID","DAL"
"2026/01/22","TRIXY","FIVE","ZDC","2016/03/31","N","TRIXY5.TRIXY","SID","MRB"
"2026/01/22","TRMML","FOUR","ZOB","2024/05/16","Y","TRMML4.TRMML","SID","ARB CYQG DET DTW MTC ONZ OZW PTK TTF VLL YIP"
"2026/01/22","TRSHA","ONE","ZTL","2017/01/05","Y","TRSHA1.TRSHA","SID","GSO INT"
"2026/01/22","TRTON","TWO","ZLA","2018/02/01","Y","TRTON2.TRTON","SID","LAX"
"2026/01/22","TRUCK","FIVE","ZOA","2022/12/29","N","TRUCK5.TRUCK","OBSTACLE","TRK"
"2026/01/22","TRUKN","TWO","ZOA","2015/06/25","Y","TRUKN2.TRUKN","SID","SFO"
"2026/01/22","TRUMA","ONE","ZDV","2023/04/20","Y","TRUMA1.TRUMA","OBSTACLE","SAA"
"2026/01/22","TRUPR","THREE","ZFW","2017/12/07","Y","TRUPR3.TRUPR","SID","OKC OUN PWA"
"2026/01/22","TRYTN","FOUR","ZFW","2022/09/08","Y","TRYTN4.TRYTN","SID","DFW"
"2026/01/22","TTAUN","FOUR","ZAP","2018/11/08","Y","TTAUN4.TTAUN","SID","ADK"
"2026/01/22","TUCSON","NINE","ZAB","2023/11/30","N","TUS9.TUS","SID","TUS"
"2026/01/22","TULSA","ONE","ZKC","2024/05/16","N","TUL1.TUL","SID","RVS TUL"
"2026/01/22","TURNAGAIN","EIGHT","ZAN","2019/10/10","N","NOT ASSIGNED","SID","ANC"
"2026/01/22","TURPS","TWO","ZMA","2022/05/19","Y","TURPS2.TURPS","SID","BCT"
"2026/01/22","TURTY","FOUR","ZAN","2018/02/01","Y","TURTY4.TURTY","SID","AKW"
"2026/01/22","TUVVO","ONE","ZAN","2006/02/16","Y","TUVVO1.TUVVO","OBSTACLE","ARC"
"2026/01/22","UCEEE","TWO","ZID","2024/10/31","Y","UCEEE2.UCEEE","SID","LUK"
"2026/01/22","UECKR","SIX","ZAU","2020/03/26","Y","UECKR6.UECKR","SID","57C BUU ENW ETB HXF MKE MWC RAC UES"
"2026/01/22","UNALAKLEET","ONE","ZAN","2018/05/24","N","UNK1.UNK","OBSTACLE","UNK"
"2026/01/22","UYRIG","FIVE","ZDV","2018/02/01","Y","UYRIG5.UYRIG","SID","RIL"
"2026/01/22","VAMPS","ONE","ZSE","2024/05/16","Y","VAMPS1.VAMPS","OBSTACLE","S50"
"2026/01/22","VAN NUYS","THREE","ZLA","2016/05/26","N","VNY3.VNY","SID","BUR"
"2026/01/22","VARNM","TWO","ZTL","2016/11/10","Y","VARNM2.VARNM","SID","ATL"
"2026/01/22","VEDAS","FIVE","ZSU","2020/09/10","Y","VEDAS5.VEDAS","SID","VQS"
"2026/01/22","VENETIE","THREE","ZAN","2021/06/17","Y","FYU3.FYU","OBSTACLE","VEE"
"2026/01/22","VENTURA","EIGHT","ZLA","2017/08/17","N","VTU8.VTU","SID","LAX"
"2026/01/22","VENUS","FOUR","ZFW","2023/02/23","N","VENUS4.TTT","SID","DAL"
"2026/01/22","VERMO","SIX","ZSU","2020/03/26","N","VERMO6.VERMO","SID","SJU"
"2026/01/22","VICTO","ONE","ZLC","2023/10/05","Y","VICTO1.VICTO","SID","MSO"
"2026/01/22","VRSTY","THREE","ZTL","2022/05/19","Y","VRSTY3.VRSTY","SID","ATL"
"2026/01/22","VVERA","TWO","ZLA","2017/10/12","Y","VVERA2.VVERA","SID","BUR VNY"
"2026/01/22","WAGGE","EIGHT","ZOA","2024/07/11","N","WAGGE8.WAGGE","SID","RNO"
"2026/01/22","WALLA WALLA","TWO","ZSE","2022/09/08","N","NOT ASSIGNED","SID","ALW"
"2026/01/22","WALRU","ONE","ZDV","2008/06/05","Y","WALRU1.WALRU","OBSTACLE","33V"
"2026/01/22","WATFO","SIX","ZHU","2023/08/10","Y","WATFO6.WATFO","SID","54T 6R3 AXH CXO DWH EFD GLS HPY IWS LBX LVJ SGR T00 T41 T78 TME"
"2026/01/22","WATSONVILLE","FOUR","ZOA","2018/09/13","N","WVI4.WVI","OBSTACLE","WVI"
"2026/01/22","WATTR","ONE","ZSE","2025/04/17","Y","WATTR1.WATTR","OBSTACLE","CLM"
"2026/01/22","WEAZL","FIVE","ZTL","2024/03/21","Y","WEAZL5.WEAZL","SID","AKH CLT EQY IPJ JQF LKR RUQ UZA VUJ"
"2026/01/22","WELLY","FOUR","ZMA","2026/01/22","Y","WELLY4.WELLY","SID","PBI"
"2026/01/22","WENAS","SEVEN","ZSE","2016/11/10","N","WENAS7.WENAS","SID","YKM"
"2026/01/22","WENATCHEE","TWO","ZSE","2017/06/22","N","EAT2.EAT","OBSTACLE","EAT"
"2026/01/22","WENDOVER","ONE","ZLC","2016/03/31","Y","ENV1.BVL","SID","ENV"
"2026/01/22","WENDY","THREE","ZFW","2017/12/07","Y","WENDY3.WENDY","SID","OKC OUN PWA"
"2026/01/22","WENTZ","ONE","ZNY","2024/07/11","Y","WENTZ1.WENTZ","SID","TEB"
"2026/01/22","WESLA","FIVE","ZOA","2021/08/12","Y","WESLA5.WESLA","SID","SFO"
"2026/01/22","WESTCHESTER","EIGHT","ZNY","2023/11/30","N","HPN8.HPN","SID","HPN"
"2026/01/22","WETSI","TWO","ZAN","2020/09/10","N","WETSI2.WETSI","SID","CDB"
"2026/01/22","WHAMY","FIVE","ZSE","2024/10/31","Y","WHAMY5.WHAMY","SID","PDX"
"2026/01/22","WHITEHALL","FIVE","ZLC","2018/05/24","N","HIA5.HIA","SID","BZN"
"2026/01/22","WHITEMAN","ONE","ZLA","2018/05/24","N","NOT ASSIGNED","OBSTACLE","WHP"
"2026/01/22","WHRLI","SEVEN","ZKC","2021/10/07","Y","WHRLI7.WHRLI","SID","STL"
"2026/01/22","WILDCAT","SIX","ZKC","2023/10/05","N","WLDCT6.MCI","SID","FLV GPH IXD LXT MCI MKC OJC STJ"
"2026/01/22","WILLISTON","SIX","ZLC","2021/06/17","N","ISN6.ISN","SID","XWA"
"2026/01/22","WILSY","THREE","ZKC","2023/08/10","Y","WILSY3.WILSY","SID","MHK"
"2026/01/22","WINEP","ONE","ZMP","2018/11/08","Y","WINEP1.WINEP","SID","2P2"
"2026/01/22","WIPES","ONE","ZSE","2013/03/07","Y","WIPES1.WIPES","OBSTACLE","2S8"
"2026/01/22","WLDKT","FOUR","ZAB","2023/11/30","Y","WLDKT4.WLDKT","SID","TUS"
"2026/01/22","WLFRD","TWO","ZSU","2016/09/15","Y","WLFRD2.WLFRD","SID","PSE"
"2026/01/22","WLKKR","FIVE","ZLA","2025/02/20","Y","WLKKR5.WLKKR","SID","VNY"
"2026/01/22","WLSTN","SEVEN","ZMP","2017/08/17","N","WLSTN7.WLSTN","SID","ANE FCM MSP STP"
"2026/01/22","WNGSS","ONE","ZDV","2020/03/26","Y","WNGSS1.WNGSS","SID","APA BJC CFO FNL GXY LMO"
"2026/01/22","WNNDY","THREE","ZLA","2019/01/03","Y","WNNDY3.WNNDY","SID","LAX"
"2026/01/22","WNSKI","TWO","ZAB","2019/06/20","N","WNSKI2.WNSKI","SID","PRC"
"2026/01/22","WOBKA","TWO","ZNY","2016/07/21","Y","WOBKA2.WOBKA","SID","P34"
"2026/01/22","WOODSIDE","TWO","ZOA","2016/09/15","N","OSI2.OSI","SID","NUQ"
"2026/01/22","WOOLY","TWO","ZDC","2021/12/02","Y","WOOLY2.WOOLY","SID","IAD"
"2026/01/22","WORTH","ONE","ZFW","2024/01/25","N","WORTH1.TTT","SID","ADS AFW DAL DFW DTO FTW FWS GKY GPM HQZ LNC NFW RBD TKI"
"2026/01/22","WRING","FOUR","ZLA","2016/05/26","N","WRING4.WRING","SID","BFL"
"2026/01/22","WSTEX","TWO","ZFW","2016/02/04","Y","WSTEX2.WSTEX","SID","DFW"
"2026/01/22","WUXOT","ONE","ZLC","2017/06/22","Y","WUXOT1.DTA","OBSTACLE","41U"
"2026/01/22","WYLSN","EIGHT","ZHU","2021/10/07","Y","WYLSN8.WYLSN","SID","54T 6R3 ARM AXH BYY CXO DWH EFD GLS HOU HPY IAH IWS LBX LVJ SGR T00 T41 T78 TME"
"2026/01/22","WYLYY","FIVE","ZBW","2022/09/08","Y","WYLYY5.WYLYY","SID","BOS"
"2026/01/22","WYNGS","FIVE","ZDC","2020/12/31","Y","WYNGS5.WYNGS","SID","DCA"
"2026/01/22","WYNNR","FOUR","ZLA","2020/11/05","N","WYNNR4.WYNNR","SID","SBP"
"2026/01/22","XAVRR","TWO","ZID","2024/10/31","Y","XAVRR2.XAVRR","SID","LUK"
"2026/01/22","XEROX","EIGHT","ZOB","2024/10/31","N","XEROX8.XEROX","SID","ROC"
"2026/01/22","XXWNG","ONE","ZDV","2020/12/31","Y","XXWNG1.XXWNG","SID","DEN"
"2026/01/22","YAKIMA","SEVEN","ZSE","2016/11/10","N","YKM7.YKM","SID","YKM"
"2026/01/22","YELLOWSTONE","FIVE","ZDV","2025/06/12","N","YELLO5.DEN","SID","APA BJC BKF CFO DEN FNL GXY"
"2026/01/22","YELM","FIVE","ZSE","2018/07/19","N","YELM5.YELM","SID","OLM"
"2026/01/22","YERINGTON","ONE","ZOA","2024/09/05","Y","O431.O43","OBSTACLE","O43"
"2026/01/22","YMONT","ONE","ZLC","2017/06/22","Y","YMONT1.YMONT","OBSTACLE","41U"
"2026/01/22","YODUH","TWO","ZHU","2025/08/07","Y","YODUH2.YODUH","SID","5C1 BAZ CVB PEZ RND SAT SKF SSF"
"2026/01/22","YOSEMITE","THREE","ZOA","2018/07/19","N","YOSE3.NTELL","SID","FAT"
"2026/01/22","YOTES","SIX","ZAB","2018/05/24","Y","YOTES6.YOTES","SID","CHD DVT GEU GYR IWA SDL"
"2026/01/22","YUBBA","ONE","ZOA","2024/01/25","N","YUBBA1.YUBBA","OBSTACLE","AUN"
"2026/01/22","YUCCA","ONE","ZLA","2025/06/12","Y","YUCCA1.YUCCA","SID","PSP"
"2026/01/22","ZAAPA","SIX","ZOB","2025/11/27","Y","ZAAPA6.ZAAPA","SID","BKL CGF CLE LNN LPR"
"2026/01/22","ZACHH","FOUR","ZFW","2022/09/08","Y","ZACHH4.ZACHH","SID","DFW"
"2026/01/22","ZAPPA","FOUR","ZMA","2015/06/25","Y","ZAPPA4.ZAPPA","SID","FLL"
"2026/01/22","ZARLO","TWO","ZSE","2016/11/10","Y","ZARLO2.ZARLO","SID","EAT"
"2026/01/22","ZEBUV","ONE","ZAN","2019/12/05","Y","ZEBUV1.ZEBUV","OBSTACLE","7AK"
"2026/01/22","ZEFFR","NINE","ZOA","2024/07/11","Y","ZEFFR9.ZEFFR","SID","RNO"
"2026/01/22","ZELAN","FOUR","ZTL","2017/04/27","Y","ZELAN4.ZELAN","SID","ATL"
"2026/01/22","ZEPER","TWO","ZAB","2020/05/21","Y","ZEPER2.ZEPER","SID","PHX"
"2026/01/22","ZETTR","FOUR","ZOB","2024/05/16","Y","ZETTR4.ZETTR","SID","ARB DET DTW MTC ONZ OZW PTK TTF VLL YIP"
"2026/01/22","ZIASE","FIVE","ZAB","2024/01/25","N","ZIASE5.ZIASE","SID","SAF"
"2026/01/22","ZILKO","ONE","ZAN","2003/12/25","Y","ZILKO1.ZILKO","OBSTACLE","PNP"
"2026/01/22","ZILLA","THREE","ZSE","2012/07/26","N","ZILLA3.YKM","OBSTACLE","YKM"
"2026/01/22","ZILLI","FIVE","ZLA","2023/02/23","Y","ZILLI5.ZILLI","SID","LAX"
"2026/01/22","ZIMMR","THREE","ZDV","2021/08/12","Y","ZIMMR3.ZIMMR","SID","DEN"
"2026/01/22","ZIONZ","ONE","ZLC","2018/05/24","Y","ZIONZ1.ZIONZ","SID","SLC"
"2026/01/22","ZMBRO","SEVEN","ZMP","2017/08/17","N","ZMBRO7.ZMBRO","SID","ANE FCM MSP STP"
"2026/01/22","ZOOMM","THREE","ZLA","2020/09/10","Y","ZOOMM3.ZOOMM","SID","LGB"
"2026/01/22","ZUMIT","FIVE","ZME","2020/12/31","Y","ZUMIT5.ZUMIT","SID","MEM"
"2026/01/22","ZUNGU","ONE","ZLA","2008/04/10","Y","ZUNGU1.ZUNGU","OBSTACLE","L08"
"2026/01/22","ZZOOO","FOUR","ZLA","2024/10/31","Y","ZZOOO4.ZZOOO","SID","SAN"
