"EFF_DATE","HP_NAME","HP_NO","STATE_CODE","COUNTRY_CODE","TAB_NAME","REF_COL_NAME","REF_COL_SEQ_NO","REMARK"
"2026/02/19","ALWYZ INT*VA*K6",1,"VA","US","HOLDING_PATTERN","GENERAL_REMARK",1,"CHART 210K ICON"
"2026/02/19","ALWYZ WP*VA*K6",2,"VA","US","HOLDING_PATTERN","GENERAL_REMARK",1,"CHART 210K ICON"
"2026/02/19","AMOTT INT*AK*PA",1,"AK","US","HOLDING_PATTERN","GENERAL_REMARK",1,"CHART 210K ICON"
"2026/02/19","AYPEV INT*IL*K5",1,"IL","US","HOLDING_PATTERN","GENERAL_REMARK",1,"CHART 230K ICON"
"2026/02/19","BELLGROVE NDB*PA",1,"PA","US","HOLDING_PATTERN","GENERAL_REMARK",1,"CHART 100K ICON"
"2026/02/19","BELLGROVE NDB*PA",2,"PA","US","HOLDING_PATTERN","GENERAL_REMARK",1,"CHART 200K ICON"
"2026/02/19","BIG DELTA VORTAC*AK",1,"AK","US","HOLDING_PATTERN","GENERAL_REMARK",1,"CHART PAT 1 WITH 210K ICON"
"2026/02/19","BILIT WP*MD*K6",1,"MD","US","HOLDING_PATTERN","GENERAL_REMARK",1,"CHART 210K ICON"
"2026/02/19","BILIT WP*MD*K6",2,"MD","US","HOLDING_PATTERN","GENERAL_REMARK",1,"CHART 210K ICON"
"2026/02/19","BILIT WP*MD*K6",3,"MD","US","HOLDING_PATTERN","GENERAL_REMARK",1,"CHART 210K ICON"
"2026/02/19","BNTLY WP*VA*K6",1,"VA","US","HOLDING_PATTERN","GENERAL_REMARK",1,"CHART 230K ICON"
"2026/02/19","BOGEE INT*HI*PH",1,"HI","US","HOLDING_PATTERN","GENERAL_REMARK",0,"CHART 175K ICON."
"2026/02/19","BOGEE INT*HI*PH",2,"HI","US","HOLDING_PATTERN","GENERAL_REMARK",0,"CHART 175K ICON."
"2026/02/19","BOLL WEEVIL NDB*AL",1,"AL","US","HOLDING_PATTERN","GENERAL_REMARK",1,"CHART 100K ICON"
"2026/02/19","BORLAND NDB/DME*AK",1,"AK","US","HOLDING_PATTERN","GENERAL_REMARK",1,"CHART 210K ICON ON LOW CHART"
"2026/02/19","BRAND WP*NJ*K6",1,"NJ","US","HOLDING_PATTERN","GENERAL_REMARK",1,"CHART 210K ICON"
"2026/02/19","BRAND WP*NJ*K6",2,"NJ","US","HOLDING_PATTERN","GENERAL_REMARK",1,"CHART 210K ICON"
"2026/02/19","BUBBI INT*WV*K6",1,"WV","US","HOLDING_PATTERN","GENERAL_REMARK",1,"CHART 210K ICON."
"2026/02/19","BUNTS INT*PA*K6",1,"PA","US","HOLDING_PATTERN","GENERAL_REMARK",1,"CHART 210K ICON."
"2026/02/19","BUNTS WP*PA*K6",2,"PA","US","HOLDING_PATTERN","GENERAL_REMARK",1,"CHART 210 ICON"
"2026/02/19","BURMA WP*AK*PA",1,"AK","US","HOLDING_PATTERN","GENERAL_REMARK",1,"CHART 200K ICON"
"2026/02/19","CAMRN INT*NJ*K6",1,"NJ","US","HOLDING_PATTERN","GENERAL_REMARK",1,"CHART 210K ICON"
"2026/02/19","CHARLESTON VOR/DME*WV",4,"WV","US","HOLDING_PATTERN","GENERAL_REMARK",1,"CHART 175K ICON"
"2026/02/19","COPAN INT*TX*K4",1,"TX","US","HOLDING_PATTERN","GENERAL_REMARK",1,"DME REQUIRED."
"2026/02/19","CRALY INT*CT*K6",1,"CT","US","HOLDING_PATTERN","GENERAL_REMARK",1,"CHART 210K ICON"
"2026/02/19","CRALY WP*CT*K6",2,"CT","US","HOLDING_PATTERN","GENERAL_REMARK",1,"CHART 210K ICON."
"2026/02/19","CUTTA WP*OH*K5",2,"OH","US","HOLDING_PATTERN","GENERAL_REMARK",1,"CHART 210K ICON"
"2026/02/19","DAFIX INT*PA*K6",1,"PA","US","HOLDING_PATTERN","GENERAL_REMARK",1,"CHART 210K ICON"
"2026/02/19","DAMYR WP*NJ*K6",1,"NJ","US","HOLDING_PATTERN","GENERAL_REMARK",1,"CHART 210K ICON"
"2026/02/19","DEEZZ WP*NY*K6",2,"NY","US","HOLDING_PATTERN","GENERAL_REMARK",1,"CHART 230K ICON"
"2026/02/19","DEPDY WP*NJ*K6",1,"NJ","US","HOLDING_PATTERN","GENERAL_REMARK",1,"CHART 210K ICON"
"2026/02/19","DEPDY WP*NJ*K6",2,"NJ","US","HOLDING_PATTERN","GENERAL_REMARK",1,"CHART 210K ICON"
"2026/02/19","DITCH INT*NJ*K6",1,"NJ","US","HOLDING_PATTERN","GENERAL_REMARK",1,"CHART 210K ICON"
"2026/02/19","DUBLIN VORTAC*GA",1,"GA","US","HOLDING_PATTERN","GENERAL_REMARK",1,"SINCA STAR ONLY"
"2026/02/19","DUPONT VORTAC*DE",1,"DE","US","HOLDING_PATTERN","GENERAL_REMARK",1,"CHART 210K ICON."
"2026/02/19","EARED WP*PA*K6",1,"PA","US","HOLDING_PATTERN","GENERAL_REMARK",1,"CHART 210K ICON"
"2026/02/19","EARED WP*PA*K6",1,"PA","US","HOLDING_PATTERN","GENERAL_REMARK",2,"CHART 10 NM LEGS"
"2026/02/19","EDJER INT*NJ*K6",1,"NJ","US","HOLDING_PATTERN","GENERAL_REMARK",1,"CHART 210K ICON."
"2026/02/19","ELLENSBURG VOR/DME*WA",2,"WA","US","HOLDING_PATTERN","GENERAL_REMARK",1,"CHART 175K ICON"
"2026/02/19","ELSUH INT*ME*K6",4,"ME","US","HOLDING_PATTERN","GENERAL_REMARK",1,"CHART 265K ICON"
"2026/02/19","FALIA INT*MT*K1",2,"MT","US","HOLDING_PATTERN","GENERAL_REMARK",1,"CHART 230K ICON"
"2026/02/19","FALKO INT*VA*K6",1,"VA","US","HOLDING_PATTERN","GENERAL_REMARK",1,"CHART 210K ICON"
"2026/02/19","FANCO WP*ID*K1",1,"ID","US","HOLDING_PATTERN","GENERAL_REMARK",1,"CHART 230K ICON"
"2026/02/19","FAULT INT*NY*K6",1,"NY","US","HOLDING_PATTERN","GENERAL_REMARK",1,"210K ICON"
"2026/02/19","FIROS WP*UT*K2",1,"UT","US","HOLDING_PATTERN","GENERAL_REMARK",1,"CHART 230K ICON"
"2026/02/19","GALLUP VORTAC*NM",3,"NM","US","HOLDING_PATTERN","GENERAL_REMARK",1,"CHART 210K ICON"
"2026/02/19","GUCEL WP*FL*K7",1,"FL","US","HOLDING_PATTERN","GENERAL_REMARK",1,"CHART 230K ICON"
"2026/02/19","GUMLE WP*AK*PA",1,"AK","US","HOLDING_PATTERN","GENERAL_REMARK",1,"CHART 175K ICON"
"2026/02/19","GUMLE WP*AK*PA",2,"AK","US","HOLDING_PATTERN","GENERAL_REMARK",1,"CHART 175K ICON"
"2026/02/19","HAGRD WP*OR*K1",1,"OR","US","HOLDING_PATTERN","GENERAL_REMARK",1,"CHART 230K ICON"
"2026/02/19","HARBO WP*NJ*K6",1,"NJ","US","HOLDING_PATTERN","GENERAL_REMARK",1,"CHART 210K ICON"
"2026/02/19","HARTY INT*PA*K6",1,"PA","US","HOLDING_PATTERN","GENERAL_REMARK",1,"CHART 210K ICON"
"2026/02/19","HITCH INT*WA*K1",1,"WA","US","HOLDING_PATTERN","GENERAL_REMARK",1,"CHART 210 ICON"
"2026/02/19","HITSI INT*FL*K7",1,"FL","US","HOLDING_PATTERN","GENERAL_REMARK",1,"CHART 100K ICON "
"2026/02/19","HITSI INT*FL*K7",1,"FL","US","HOLDING_PATTERN","GENERAL_REMARK",2,"PRIOR COORDINATION REQUIRED WITH CONTROLLING AGENCY FOR HOLDING IN R-2915"
"2026/02/19","HOLEY WP*NJ*K6",2,"NJ","US","HOLDING_PATTERN","GENERAL_REMARK",1,"CHART 210K ICON"
"2026/02/19","HUGUENOT VOR/DME*NY",2,"NY","US","HOLDING_PATTERN","GENERAL_REMARK",1,"CHART 210K ICON."
"2026/02/19","HYPER INT*MD*K6",1,"MD","US","HOLDING_PATTERN","GENERAL_REMARK",1,"CHART 210K ICON."
"2026/02/19","HYPER INT*MD*K6",2,"MD","US","HOLDING_PATTERN","GENERAL_REMARK",1,"CHART 210K ICON"
"2026/02/19","HYPER WP*MD*K6",3,"MD","US","HOLDING_PATTERN","GENERAL_REMARK",1,"CHART 210K ICON"
"2026/02/19","IRONS INT*MD*K6",1,"MD","US","HOLDING_PATTERN","GENERAL_REMARK",1,"CHART 210K ICON"
"2026/02/19","IVAYU WP*ID*K1",1,"ID","US","HOLDING_PATTERN","GENERAL_REMARK",1,"CHART 230K ICON"
"2026/02/19","JERZY WP*NJ*K6",2,"NJ","US","HOLDING_PATTERN","GENERAL_REMARK",1,"CHART 210K ICON"
"2026/02/19","JIMEE INT*NJ*K6",1,"NJ","US","HOLDING_PATTERN","GENERAL_REMARK",1,"CHART 210K ICON."
"2026/02/19","JIREN INT*OR*K1",2,"OR","US","HOLDING_PATTERN","GENERAL_REMARK",1,"COPTER HOLDING ALT 70/100"
"2026/02/19","JRVIS INT*VT*K6",1,"VT","US","HOLDING_PATTERN","GENERAL_REMARK",1,"CHART 200K ICON"
"2026/02/19","KARTR WP*FL*K7",1,"FL","US","HOLDING_PATTERN","GENERAL_REMARK",1,"CHART 230K ICON"
"2026/02/19","KENNY INT*IL*K5",1,"IL","US","HOLDING_PATTERN","GENERAL_REMARK",1,"CHART 200K ICON"
"2026/02/19","KERNO WP*MD*K6",1,"MD","US","HOLDING_PATTERN","GENERAL_REMARK",1,"CHART 210K ICON"
"2026/02/19","KERNO WP*MD*K6",2,"MD","US","HOLDING_PATTERN","GENERAL_REMARK",1,"CHART 210K ICON"
"2026/02/19","LENDY INT*NJ*K6",1,"NJ","US","HOLDING_PATTERN","GENERAL_REMARK",1,"CHART 230K ICON"
"2026/02/19","LIZZI INT*NJ*K6",1,"NJ","US","HOLDING_PATTERN","GENERAL_REMARK",1,"CHART 210K ICON."
"2026/02/19","LOMMA WP*CO*K2",1,"CO","US","HOLDING_PATTERN","GENERAL_REMARK",1,"CHART 210K ICON"
"2026/02/19","MAZIE INT*PA*K6",1,"PA","US","HOLDING_PATTERN","GENERAL_REMARK",1,"CHART 210K ICON."
"2026/02/19","MAZIE WP*PA*K6",2,"PA","US","HOLDING_PATTERN","GENERAL_REMARK",1,"CHART 210K ICON."
"2026/02/19","MERSR INT*NJ*K6",1,"NJ","US","HOLDING_PATTERN","GENERAL_REMARK",1,"CHART 210K ICON."
"2026/02/19","METRO INT*NJ*K6",1,"NJ","US","HOLDING_PATTERN","GENERAL_REMARK",1,"CHART 210K ICON."
"2026/02/19","METRO WP*NJ*K6",2,"NJ","US","HOLDING_PATTERN","GENERAL_REMARK",1,"CHART 210K ICON"
"2026/02/19","MONGE WP*CA*K2",1,"CA","US","HOLDING_PATTERN","GENERAL_REMARK",1,"CHART 230K ICON"
"2026/02/19","MOUNT MOFFETT NDB/DME*AK",3,"AK","US","HOLDING_PATTERN","GENERAL_REMARK",1,"CHART 310K ICON"
"2026/02/19","MUGZY INT*NJ*K6",1,"NJ","US","HOLDING_PATTERN","GENERAL_REMARK",1,"CHART 210K ICON."
"2026/02/19","MULRR INT*MD*K6",1,"MD","US","HOLDING_PATTERN","GENERAL_REMARK",1,"CHART 210K ICON."
"2026/02/19","MUMSY INT*WV*K6",1,"WV","US","HOLDING_PATTERN","GENERAL_REMARK",1,"CHART 210K ICON ON ENROUTE LOW & STAR CHARTS."
"2026/02/19","ORCUT INT*CA*K2",1,"CA","US","HOLDING_PATTERN","GENERAL_REMARK",1,"CHART 210K ICON"
"2026/02/19","ORCUT WP*CA*K2",2,"CA","US","HOLDING_PATTERN","GENERAL_REMARK",1,"CHART 210K ICON"
"2026/02/19","OWXUY WP*AK*PA",2,"AK","US","HOLDING_PATTERN","GENERAL_REMARK",1,"CHART 175K ICON"
"2026/02/19","PAATS WP*DE*K6",1,"DE","US","HOLDING_PATTERN","GENERAL_REMARK",1,"CHART 210K ICON"
"2026/02/19","POPES INT*CA*K2",3,"CA","US","HOLDING_PATTERN","GENERAL_REMARK",1,"CHART 230K ICON."
"2026/02/19","PROUD INT*NY*K6",1,"NY","US","HOLDING_PATTERN","GENERAL_REMARK",1,"CHART 210K ICON."
"2026/02/19","PROUD WP*NY*K6",2,"NY","US","HOLDING_PATTERN","GENERAL_REMARK",1,"CHART 210K ICON."
"2026/02/19","PROUD WP*NY*K6",3,"NY","US","HOLDING_PATTERN","GENERAL_REMARK",1,"CHART 200K ICON"
"2026/02/19","PROUD WP*NY*K6",4,"NY","US","HOLDING_PATTERN","GENERAL_REMARK",1,"CHART 200K ICON"
"2026/02/19","RAVNN WP*MD*K6",1,"MD","US","HOLDING_PATTERN","GENERAL_REMARK",1,"CHART 210K ICON"
"2026/02/19","ROBRT INT*MD*K6",1,"MD","US","HOLDING_PATTERN","GENERAL_REMARK",1,"CHART 210K ICON."
"2026/02/19","SELINSGROVE VOR/DME*PA",3,"PA","US","HOLDING_PATTERN","GENERAL_REMARK",1,"CHART 210K ICON."
"2026/02/19","SELINSGROVE VOR/DME*PA",4,"PA","US","HOLDING_PATTERN","GENERAL_REMARK",1,"CHART 210K ICON"
"2026/02/19","SEWAL INT*MT*K1",1,"MT","US","HOLDING_PATTERN","GENERAL_REMARK",1,"175K ICON"
"2026/02/19","SKILS INT*MD*K6",1,"MD","US","HOLDING_PATTERN","GENERAL_REMARK",1,"CHART 210K ICON."
"2026/02/19","SKILS WP*MD*K6",3,"MD","US","HOLDING_PATTERN","GENERAL_REMARK",1,"CHART 210K ICON"
"2026/02/19","SOCKY WP*CO*K2",1,"CO","US","HOLDING_PATTERN","GENERAL_REMARK",1,"CHART 230K ICON"
"2026/02/19","SPNCR WP*DE*K6",1,"DE","US","HOLDING_PATTERN","GENERAL_REMARK",1,"CHART 210K ICON."
"2026/02/19","SPUDS INT*PA*K6",1,"PA","US","HOLDING_PATTERN","GENERAL_REMARK",1,"CHART 210K ICON"
"2026/02/19","SPUDS WP*PA*K6",2,"PA","US","HOLDING_PATTERN","GENERAL_REMARK",2,"CHART 210K ICON."
"2026/02/19","STEFE INT*PA*K6",1,"PA","US","HOLDING_PATTERN","GENERAL_REMARK",1,"CHART 210K ICON."
"2026/02/19","STEFE WP*PA*K6",2,"PA","US","HOLDING_PATTERN","GENERAL_REMARK",1,"CHART 210K ICON."
"2026/02/19","TAGER INT*AK*PA",1,"AK","US","HOLDING_PATTERN","GENERAL_REMARK",1,"210K ICON"
"2026/02/19","TALKEETNA VOR/DME*AK",1,"AK","US","HOLDING_PATTERN","GENERAL_REMARK",1,"PAT 1 CHART 210 ICON"
"2026/02/19","TARPO INT*FL*K7",1,"FL","US","HOLDING_PATTERN","GENERAL_REMARK",1,"CHART ONLY ON SURFN STAR"
"2026/02/19","TOBEY INT*NV*K2",1,"NV","US","HOLDING_PATTERN","GENERAL_REMARK",1,"CHART 210K ICON"
"2026/02/19","TRISH INT*MD*K6",1,"MD","US","HOLDING_PATTERN","GENERAL_REMARK",1,"CHART 210K ICON."
"2026/02/19","TRISH WP*MD*K6",2,"MD","US","HOLDING_PATTERN","GENERAL_REMARK",1,"CHART 210K ICON"
"2026/02/19","TRISH WP*MD*K6",3,"MD","US","HOLDING_PATTERN","GENERAL_REMARK",1,"CHART 210K ICON"
"2026/02/19","UBUCK WP*NJ*K6",2,"NJ","US","HOLDING_PATTERN","GENERAL_REMARK",1,"CHART 90K ICON"
"2026/02/19","UCAXE WP*AR*K4",1,"AR","US","HOLDING_PATTERN","GENERAL_REMARK",1,"CHART 230K ICON"
"2026/02/19","UDUCY WP*MD*K6",1,"MD","US","HOLDING_PATTERN","GENERAL_REMARK",1,"CHART 230K ICON"
"2026/02/19","UFTAC INT*MA*K6",3,"MA","US","HOLDING_PATTERN","GENERAL_REMARK",1,"CHART 200K ICON"
"2026/02/19","VALRE INT*NY*K6",1,"NY","US","HOLDING_PATTERN","GENERAL_REMARK",1,"CHART 210K ICON."
"2026/02/19","VALRE WP*NY*K6",2,"NY","US","HOLDING_PATTERN","GENERAL_REMARK",1,"CHART 210K ICON"
"2026/02/19","VALRE WP*NY*K6",3,"NY","US","HOLDING_PATTERN","GENERAL_REMARK",1,"CHART 210K ICON"
"2026/02/19","VISTA INT*CA*K2",2,"CA","US","HOLDING_PATTERN","GENERAL_REMARK",1,"CHART 175K ICON"
"2026/02/19","VVTEN WP*MI*K5",1,"MI","US","HOLDING_PATTERN","GENERAL_REMARK",1,"CHART 200K ICON"
"2026/02/19","WANAX WP*TX*K4",1,"TX","US","HOLDING_PATTERN","GENERAL_REMARK",1,"SPECIAL DP"
"2026/02/19","WATJA WP*NJ*K6",1,"NJ","US","HOLDING_PATTERN","GENERAL_REMARK",1,"CHART 210K ICON"
"2026/02/19","WAVES WP*VA*K6",1,"VA","US","HOLDING_PATTERN","GENERAL_REMARK",1,"CHART 250K ICON"
"2026/02/19","WEEED WP*TX*K4",1,"TX","US","HOLDING_PATTERN","GENERAL_REMARK",1,"CHART 265K ICON"
"2026/02/19","WEGOT INT*CT*K6",1,"CT","US","HOLDING_PATTERN","GENERAL_REMARK",1,"CHART 210K ICON."
"2026/02/19","WINSLOW VORTAC*AZ",2,"AZ","US","HOLDING_PATTERN","GENERAL_REMARK",1,"CHART 210K ICON"
"2026/02/19","WISKE WP*WV*K6",3,"WV","US","HOLDING_PATTERN","GENERAL_REMARK",1,"CHART 210K ICON"
"2026/02/19","WNDYL WP*NJ*K6",2,"NJ","US","HOLDING_PATTERN","GENERAL_REMARK",1,"CHART 210K ICON"
"2026/02/19","WOBUB WP*MD*K6",1,"MD","US","HOLDING_PATTERN","GENERAL_REMARK",1,"CHART 175K ICON."
"2026/02/19","WOODVILLE NDB*NC",1,"NC","US","HOLDING_PATTERN","GENERAL_REMARK",1,"CHART 175K ICON."
"2026/02/19","YALER INT*CT*K6",1,"CT","US","HOLDING_PATTERN","GENERAL_REMARK",1,"CHART 210K ICON."
"2026/02/19","YARDLEY VOR/DME*PA",1,"PA","US","HOLDING_PATTERN","GENERAL_REMARK",1,"CHART 210K ICON."
"2026/02/19","YARDLEY VOR/DME*PA",5,"PA","US","HOLDING_PATTERN","GENERAL_REMARK",1,"CHART 210K ICON."
"2026/02/19","YASCY WP*AK*PA",1,"AK","US","HOLDING_PATTERN","GENERAL_REMARK",1,"175K ICON"
"2026/02/19","YICAX WP*AK*PA",1,"AK","US","HOLDING_PATTERN","GENERAL_REMARK",1,"CHART 175K ICON"
"2026/02/19","ZEVMO WP*AK*PA",1,"AK","US","HOLDING_PATTERN","GENERAL_REMARK",1,"CHART 230K ICON"
"2026/02/19","ZOLGI WP*WA*K1",2,"WA","US","HOLDING_PATTERN","GENERAL_REMARK",1,"CHART 200K ICON"
"2026/02/19","ZUNI VORTAC*NM",1,"NM","US","HOLDING_PATTERN","GENERAL_REMARK",1,"210K ICON"
