"EFF_DATE","SITE_NO","SITE_TYPE_CODE","STATE_CODE","ARPT_ID","CITY","COUNTRY_CODE","RWY_END_ID","ILS_LOC_ID","SYSTEM_TYPE_CODE","ILS_COMP_TYPE_CODE","COMPONENT_STATUS","COMPONENT_STATUS_DATE","LAT_DEG","LAT_MIN","LAT_SEC","LAT_HEMIS","LAT_DECIMAL","LONG_DEG","LONG_MIN","LONG_SEC","LONG_HEMIS","LONG_DECIMAL","LAT_LONG_SOURCE_CODE","SITE_ELEVATION","MKR_FAC_TYPE_CODE","MARKER_ID_BEACON","COMPASS_LOCATOR_NAME","FREQ","NAV_ID","NAV_TYPE","LOW_POWERED_NDB_STATUS"
"2026/02/19","00128.","A","AL","ANB","ANNISTON","US","05","ANB","LS","OM","OPERATIONAL IFR","2011/08/30",33,32,3.6507,"N",33.53434741,85,55,50.8473,"W",-85.93079091,"T",589.9,"MR","AN","BOGGA",211,"AN","NDB",""
"2026/02/19","00164.","A","AL","BHM","BIRMINGHAM","US","06","BHM","LS","IM","OPERATIONAL IFR","1981/03/02",33,33,12.2557,"N",33.55340436,86,46,26.2265,"W",-86.7739518,"T",593.1,"M","","",,"","",""
"2026/02/19","00164.","A","AL","BHM","BIRMINGHAM","US","06","BHM","LS","OM","OPERATIONAL IFR","1980/12/24",33,30,41.396,"N",33.51149888,86,50,44.2834,"W",-86.84563427,"T",569,"MR","BH","MCDEN",224,"BH","NDB",""
"2026/02/19","00267.","A","AL","DHN","DOTHAN","US","32","DHN","LS","OM","OPERATIONAL IFR","1971/04/23",31,15,1.5851,"N",31.2504403,85,22,10.0949,"W",-85.3694708,"T",311.7,"M","DH","KENSY",,"","",""
"2026/02/19","00329.","A","AL","OZR","FORT RUCKER","US","06","OZR","LD","OM","SHUTDOWN","2023/06/27",31,13,32.324,"N",31.22564555,85,48,57.468,"W",-85.81596333,"G",,"MR","OZ","BRYNT",212,"OZ","NDB",""
"2026/02/19","00447.","A","AL","MGM","MONTGOMERY","US","10","MGM","LS","OM","OPERATIONAL IFR","1901/01/01",32,18,41.7971,"N",32.3116103,86,30,38.1311,"W",-86.51059197,"T",239.7,"MR","MG","MARRA",245,"MG","NDB",""
"2026/02/19","00511.","A","AL","SEM","SELMA","US","33","SEM","LD","OM","OPERATIONAL IFR","1901/01/01",32,16,11.2399,"N",32.26978886,86,55,38.7919,"W",-86.92744219,"T",236.2,"MR","SE","POLLK",344,"SE","NDB",""
"2026/02/19","00818.","A","AZ","RYN","TUCSON","US","06R","IVI","LS","OM","OPERATIONAL IFR","1980/10/30",32,6,28.0049,"N",32.10777913,111,16,57.6611,"W",-111.28268363,"T",2457.6,"M","IV","NIKEE",,"","",""
"2026/02/19","00964.","A","AR","ELD","EL DORADO","US","22","ELD","LD","OM","OPERATIONAL IFR","1982/06/08",33,17,9.8483,"N",33.28606897,92,43,41.3387,"W",-92.72814963,"K",140,"MR","EL","LADOS",418,"EL","NDB",""
"2026/02/19","01023.","A","AR","HOT","HOT SPRINGS","US","05","HOT","LD","OM","OPERATIONAL IFR","1972/02/02",34,25,21.4078,"N",34.42261327,93,11,22.7255,"W",-93.18964597,"T",472.8,"MR","HO","HOSSY",385,"HO","NDB",""
"2026/02/19","01035.","A","AR","JBR","JONESBORO","US","23","JBR","LS","OM","OPERATIONAL IFR","1993/12/09",35,54,1.1481,"N",35.90031891,90,32,46.5859,"W",-90.54627386,"T",246.3,"M","JB","HNCOK",,"","",""
"2026/02/19","01056.","A","AR","LIT","LITTLE ROCK","US","22R","AAY","LD","IM","OPERATIONAL IFR","2000/01/04",34,44,22.6828,"N",34.73963411,92,12,58.1612,"W",-92.21615588,"T",256.5,"M","","",,"","",""
"2026/02/19","01142.","A","AR","PBF","PINE BLUFF","US","18","PBF","LS","OM","OPERATIONAL IFR","1977/06/02",34,15,45.451,"N",34.26262527,91,56,5.794,"W",-91.93494277,"G",215,"M","PB","TUKER",,"","",""
"2026/02/19","01353.","A","CA","BUR","BURBANK","US","08","BUR","LS","OM","OPERATIONAL IFR","2011/09/15",34,11,58.5854,"N",34.19960705,118,29,27.9273,"W",-118.49109091,"T",750.4,"M","BU","BUDDE",,"","",""
"2026/02/19","01986.","A","CA","ONT","ONTARIO","US","26L","TWO","LD","IM","OPERATIONAL IFR","1982/06/25",34,3,17.924,"N",34.05497888,117,34,47.8618,"W",-117.57996161,"T",923.6,"M","","",,"","",""
"2026/02/19","02001.","A","CA","OXR","OXNARD","US","25","OXR","LS","OM","OPERATIONAL IFR","1992/02/12",34,11,58.3768,"N",34.19954911,119,6,2.0521,"W",-119.10057002,"T",49.2,"M","OX","PARDS",,"","",""
"2026/02/19","02124.2","A","CA","SMF","SACRAMENTO","US","17R","SMF","LD","IM","OPERATIONAL IFR","1972/05/26",38,42,34.0974,"N",38.7094715,121,36,3.7746,"W",-121.6010485,"T",23,"M","","",,"","",""
"2026/02/19","02128.","A","CA","MCC","SACRAMENTO","US","34","FKZ","LS","MM","OPERATIONAL IFR","1901/01/01",38,38,42.774,"N",38.645215,121,24,2.257,"W",-121.40062694,"A",,"M","KZ","",,"","",""
"2026/02/19","02154.","A","CA","SBD","SAN BERNARDINO","US","06","SBD","LS","OM","OPERATIONAL IFR","1959/03/28",34,3,23.2991,"N",34.05647197,117,21,58.0109,"W",-117.36611413,"T",971.7,"R","SB","PETIS",397,"SB","NDB",""
"2026/02/19","02251.","A","CA","SMX","SANTA MARIA","US","12","SMX","LD","OM","OPERATIONAL IFR","1972/04/06",34,58,6.1838,"N",34.96838438,120,32,4.9151,"W",-120.53469863,"T",127.1,"M","SM","HILDY",,"","",""
"2026/02/19","02573.","A","CO","DEN","DENVER","US","34L","DXU","LD","IM","OPERATIONAL IFR","2003/07/31",39,50,58.2971,"N",39.84952697,104,41,47.8092,"W",-104.69661366,"Z",5321.4,"M","","",,"","",""
"2026/02/19","02573.","A","CO","DEN","DENVER","US","34R","OUF","LD","IM","OPERATIONAL IFR","1993/11/11",39,51,42.2879,"N",39.86174663,104,41,13.9788,"W",-104.68721633,"Z",5345,"M","","",,"","",""
"2026/02/19","02573.","A","CO","DEN","DENVER","US","35R","DPP","LD","IM","OPERATIONAL IFR","1993/11/11",39,49,46.7811,"N",39.82966141,104,38,30.2697,"W",-104.64174158,"Z",5364.5,"M","","",,"","",""
"2026/02/19","02603.1","A","CO","FNL","FORT COLLINS/LOVELAND","US","33","FNL","LS","OM","OPERATIONAL IFR","2025/04/17",40,21,47.439,"N",40.3631775,104,58,16.914,"W",-104.971365,"F",4957,"MR","FN","COLLN",400,"FN","NDB",""
"2026/02/19","02999.","A","DE","ILG","WILMINGTON","US","01","ILG","LS","OM","OPERATIONAL IFR","1901/01/01",39,34,52.3723,"N",39.58121452,75,36,50.0025,"W",-75.61388958,"T",21.6,"MR","IL","HADIN",248,"IL","NDB",""
"2026/02/19","03002.","A","DC","IAD","WASHINGTON","US","01L","OIU","LD","IM","OPERATIONAL IFR","2008/11/20",38,56,33.3882,"N",38.94260783,77,28,29.4318,"W",-77.47484216,"T",298.4,"M","","",,"","",""
"2026/02/19","03002.","A","DC","IAD","WASHINGTON","US","19C","DLX","LS","IM","OPERATIONAL IFR","2005/04/12",38,58,22.945,"N",38.97304027,77,27,33.4229,"W",-77.45928413,"T",263.5,"M","","",,"","",""
"2026/02/19","03002.","A","DC","IAD","WASHINGTON","US","19R","ISU","LD","IM","OPERATIONAL IFR","2008/11/20",38,58,23.5162,"N",38.97319894,77,28,27.8521,"W",-77.47440336,"T",275,"M","","",,"","",""
"2026/02/19","03128.1","A","FL","CEW","CRESTVIEW","US","17","CEW","LS","OM","OPERATIONAL IFR","1983/07/07",30,51,10.2714,"N",30.85285316,86,32,11.7947,"W",-86.53660963,"T",261,"MR","CE","KOBRA",201,"CE","NDB",""
"2026/02/19","03198.","A","FL","FMY","FORT MYERS","US","05","FMY","LS","OM","OPERATIONAL IFR","1975/07/31",26,30,58.0658,"N",26.51612938,81,57,0.9711,"W",-81.95026975,"T",18,"MR","FM","CALOO",341,"FM","NDB",""
"2026/02/19","03250.1","A","FL","JAX","JACKSONVILLE","US","08","JAX","LS","IM","OPERATIONAL IFR","1974/10/01",30,29,43.5077,"N",30.4954188,81,42,9.2543,"W",-81.70257063,"T",28.4,"M","","",,"","",""
"2026/02/19","03250.1","A","FL","JAX","JACKSONVILLE","US","08","JAX","LS","OM","OPERATIONAL IFR","1968/10/27",30,27,54.293,"N",30.46508138,81,48,5.1325,"W",-81.80142569,"T",17.5,"MR","JA","DINNS",344,"JA","NDB",""
"2026/02/19","03250.1","A","FL","JAX","JACKSONVILLE","US","26","PEK","LS","OM","OPERATIONAL IFR","1975/05/29",30,31,41.3067,"N",30.52814075,81,35,39.9773,"W",-81.59443813,"T",19.5,"M","PE","DALTN",,"","",""
"2026/02/19","03475.","A","FL","PIE","ST PETERSBURG-CLEARWATER","US","18","PIE","LD","OM","OPERATIONAL IFR","1901/01/01",27,59,42.8659,"N",27.99524052,82,42,13.8,"W",-82.70383333,"T",22.6,"MR","PI","CAPOK",360,"PI","NDB",""
"2026/02/19","03509.1","A","FL","TLH","TALLAHASSEE","US","27","PLQ","LD","IM","OPERATIONAL IFR","1986/06/05",30,23,29.5237,"N",30.39153436,84,19,41.3741,"W",-84.32815947,"T",47.5,"M","","",,"","",""
"2026/02/19","03513.","A","FL","TPA","TAMPA","US","01L","AMP","LD","IM","OPERATIONAL IFR","1977/06/10",27,57,39.6248,"N",27.96100688,82,32,32.7659,"W",-82.54243497,"T",6.8,"M","","",,"","",""
"2026/02/19","03513.","A","FL","TPA","TAMPA","US","19L","TPA","LD","IM","OPERATIONAL IFR","2005/09/30",27,59,23.6819,"N",27.98991163,82,31,41.2266,"W",-82.5281185,"T",25.7,"M","","",,"","",""
"2026/02/19","03640.","A","GA","ATL","ATLANTA","US","08L","HFW","LD","IM","OPERATIONAL IFR","1984/12/06",33,38,58.3145,"N",33.6495318,84,26,30.5173,"W",-84.44181036,"T",1017.7,"M","","",,"","",""
"2026/02/19","03640.","A","GA","ATL","ATLANTA","US","09L","HZK","LD","OM","OPERATIONAL IFR","1978/09/07",33,37,57.073,"N",33.63252027,84,32,3.073,"W",-84.53418694,"K",,"M","HZ","BURNY",,"","",""
"2026/02/19","03640.","A","GA","ATL","ATLANTA","US","09R","FUN","LD","IM","OPERATIONAL IFR","1901/01/01",33,37,54.5222,"N",33.63181172,84,27,2.5364,"W",-84.45070455,"T",1029.2,"M","","",,"","",""
"2026/02/19","03640.","A","GA","ATL","ATLANTA","US","10","OMO","LD","IM","OPERATIONAL IFR","2006/03/01",33,37,12.9816,"N",33.62027266,84,27,2.5224,"W",-84.45070066,"T",1001,"M","","",,"","",""
"2026/02/19","03640.","A","GA","ATL","ATLANTA","US","27L","FSQ","LD","IM","OPERATIONAL IFR","2013/09/12",33,37,54.59,"N",33.63183055,84,24,52.99,"W",-84.41471944,"F",983,"M","","",,"","",""
"2026/02/19","03640.","A","GA","ATL","ATLANTA","US","28","PKU","LD","IM","OPERATIONAL IFR","2006/03/01",33,37,13.0151,"N",33.62028197,84,24,55.769,"W",-84.41549138,"T",982.2,"M","","",,"","",""
"2026/02/19","03650.","A","GA","AGS","AUGUSTA","US","35","AGS","LS","OM","OPERATIONAL IFR","1901/01/01",33,17,13.036,"N",33.28695444,81,56,48.7822,"W",-81.94688394,"T",298.9,"MR","AG","BUSHE",233,"AG","NDB",""
"2026/02/19","03728.","A","GA","CSG","COLUMBUS","US","06","CSG","LS","OM","OPERATIONAL IFR","1901/01/01",32,27,7.0268,"N",32.45195188,85,2,31.0241,"W",-85.04195113,"T",354.7,"MR","CS","FENIX",355,"CS","NDB",""
"2026/02/19","03799.8","A","GA","LSF","FORT BENNING (COLUMBUS)","US","33","LSF","LS","MM","OPERATIONAL IFR","1901/01/01",32,18,56.01,"N",32.31555833,84,58,25.05,"W",-84.973625,"R",223.6,"M","SF","",,"","",""
"2026/02/19","03799.8","A","GA","LSF","FORT BENNING (COLUMBUS)","US","33","LSF","LS","OM","OPERATIONAL IFR","1901/01/01",32,15,49.68,"N",32.2638,84,55,51.26,"W",-84.93090555,"R",201.9,"M","LS","JMPER",219,"","",""
"2026/02/19","03869.2","A","GA","LZU","LAWRENCEVILLE","US","25","TXP","LS","OM","OPERATIONAL IFR","1992/12/10",34,1,11.475,"N",34.01985416,83,51,46.1663,"W",-83.86282397,"F",988.4,"MR","TX","GWNET",419,"TX","NDB",""
"2026/02/19","04017.","A","GA","TBR","STATESBORO","US","32","BZQ","LS","OM","SHUTDOWN","2024/10/25",32,24,55.356,"N",32.41537666,81,39,50.396,"W",-81.66399888,"F",125,"R","BZ","BULLO",407,"BZQ","NDB",""
"2026/02/19","04047.","A","GA","OPN","THOMASTON","US","30","OPN","LD","MM","OPERATIONAL IFR","2009/04/23",32,56,54.4538,"N",32.94845938,84,14,57.6157,"W",-84.24933769,"T",779.2,"M","PN","",,"","",""
"2026/02/19","04095.","A","GA","AYS","WAYCROSS","US","19","AYS","LS","OM","OPERATIONAL IFR","1982/06/24",31,19,30.9283,"N",31.32525786,82,23,49.4718,"W",-82.3970755,"K",109.7,"MR","AY","WIKET",219,"AY","NDB",""
"2026/02/19","04344.1","A","ID","TWF","TWIN FALLS","US","26","TWF","LS","OM","OPERATIONAL IFR","1973/06/28",42,28,43.1046,"N",42.47864016,114,21,15.6322,"W",-114.35434227,"T",4066.5,"MR","TW","STRIK",389,"TW","NDB",""
"2026/02/19","04413.","A","IL","BLV","BELLEVILLE","US","32R","JDU","LS","OM","OPERATIONAL IFR","1997/09/11",38,28,40.6818,"N",38.47796716,89,44,16.3136,"W",-89.73786488,"T",421.7,"MR","JD","GOOEY",385,"JD","NDB",""
"2026/02/19","04431.","A","IL","BMI","BLOOMINGTON/NORMAL","US","20","LHJ","LD","IM","OPERATIONAL IFR","2009/07/08",40,29,16.3881,"N",40.48788558,88,54,21.3671,"W",-88.9059353,"T",843.8,"M","","",,"","",""
"2026/02/19","04431.","A","IL","BMI","BLOOMINGTON/NORMAL","US","20","LHJ","LD","OM","OPERATIONAL IFR","2010/05/25",40,33,37.2657,"N",40.56035158,88,52,28.6813,"W",-88.87463369,"T",772.2,"MR","LH","EGROW",334,"LH","NDB",""
"2026/02/19","04431.","A","IL","BMI","BLOOMINGTON/NORMAL","US","29","BMI","LD","OM","OPERATIONAL IFR","1974/02/14",40,26,37.8002,"N",40.44383338,88,46,24.775,"W",-88.77354861,"T",833,"M","BM","ANNAY",,"","",""
"2026/02/19","04458.8","A","IL","CPS","CAHOKIA/ST LOUIS","US","30L","CPS","LS","OM","OPERATIONAL IFR","1976/01/29",38,31,11.49,"N",38.51985833,90,3,33.0839,"W",-90.05918997,"T",551.2,"MR","CP","ACORE",350,"CP","NDB",""
"2026/02/19","04477.","A","IL","MDH","CARBONDALE/MURPHYSBORO","US","18L","MDH","LS","OM","OPERATIONAL IFR","1974/12/09",37,52,12.4012,"N",37.87011144,89,14,43.9601,"W",-89.24554447,"T",408.6,"MR","MD","CABBI",388,"MD","NDB",""
"2026/02/19","04494.","A","IL","CMI","CHAMPAIGN/URBANA","US","32R","CMI","LD","OM","OPERATIONAL IFR","1964/06/09",39,57,58.3979,"N",39.96622163,88,10,56.783,"W",-88.18243972,"T",684.4,"MR","CM","VEALS",407,"CM","NDB",""
"2026/02/19","04503.","A","IL","UGN","CHICAGO/WAUKEGAN","US","23","UGN","LS","OM","OPERATIONAL IFR","1973/03/08",42,27,50.542,"N",42.46403944,87,48,4.9895,"W",-87.80138597,"T",586.9,"MR","UG","WAUKE",379,"UG","NDB",""
"2026/02/19","04508.","A","IL","ORD","CHICAGO","US","09C","OYG","LD","IM","OPERATIONAL IFR","2020/09/04",41,59,17.8812,"N",41.98830033,87,56,5.0452,"W",-87.93473477,"T",680.4,"M","","",,"","",""
"2026/02/19","04508.","A","IL","ORD","CHICAGO","US","09L","SAJ","LD","IM","OPERATIONAL IFR","2008/10/06",42,0,10.1934,"N",42.0028315,87,55,47.4231,"W",-87.92983975,"T",668.8,"M","","",,"","",""
"2026/02/19","04508.","A","IL","ORD","CHICAGO","US","09R","JAV","LD","IM","OPERATIONAL IFR","2022/06/06",41,59,2.0179,"N",41.98389386,87,56,4.0128,"W",-87.934448,"F",669,"M","","",,"","",""
"2026/02/19","04508.","A","IL","ORD","CHICAGO","US","10C","SXH","LD","IM","OPERATIONAL IFR","2013/10/17",41,57,56.5015,"N",41.96569486,87,56,4.8681,"W",-87.93468558,"T",674.3,"M","","",,"","",""
"2026/02/19","04508.","A","IL","ORD","CHICAGO","US","10L","MED","LD","IM","OPERATIONAL IFR","2016/10/17",41,58,8.5523,"N",41.9690423,87,56,4.8866,"W",-87.93469072,"T",676.8,"M","","",,"","",""
"2026/02/19","04508.","A","IL","ORD","CHICAGO","US","10X","IZJ","LD","IM","OPERATIONAL IFR","2017/06/22",41,57,25.9088,"N",41.95719688,87,55,51.6695,"W",-87.9310193,"T",680,"M","","",,"","",""
"2026/02/19","04508.","A","IL","ORD","CHICAGO","US","27C","UYJ","LD","IM","OPERATIONAL IFR","2020/09/04",41,59,17.9169,"N",41.98831025,87,53,13.3671,"W",-87.88704641,"T",656.3,"M","","",,"","",""
"2026/02/19","04508.","A","IL","ORD","CHICAGO","US","27L","IAC","LD","IM","OPERATIONAL IFR","2005/11/02",41,59,2.0361,"N",41.98389891,87,53,13.539,"W",-87.88709416,"T",644.9,"M","","",,"","",""
"2026/02/19","04508.","A","IL","ORD","CHICAGO","US","27R","ABU","LD","IM","OPERATIONAL IFR","2008/11/20",42,0,9.9864,"N",42.002774,87,53,45.3008,"W",-87.89591688,"T",663.1,"M","","",,"","",""
"2026/02/19","04508.","A","IL","ORD","CHICAGO","US","28C","VZE","LD","IM","OPERATIONAL IFR","2013/10/17",41,57,58.7451,"N",41.96631808,87,53,19.1677,"W",-87.88865769,"T",648,"M","","",,"","",""
"2026/02/19","04508.","A","IL","ORD","CHICAGO","US","28L","VQX","LD","IM","OPERATIONAL IFR","2015/10/15",41,57,26.9517,"N",41.95748658,87,53,47.4584,"W",-87.89651622,"T",650.4,"M","","",,"","",""
"2026/02/19","04508.","A","IL","ORD","CHICAGO","US","28R","TSL","LD","IM","OPERATIONAL IFR","2006/01/19",41,58,6.1128,"N",41.96836466,87,52,49.1235,"W",-87.88031208,"T",649.5,"M","","",,"","",""
"2026/02/19","04508.6","A","IL","DPA","CHICAGO/WEST CHICAGO","US","02L","GVK","LS","OM","OPERATIONAL IFR","1992/01/09",41,48,38.7659,"N",41.8107683,88,17,0.5303,"W",-88.28348063,"T",746.4,"M","GV","SPNCE",,"","",""
"2026/02/19","04562.1","A","IL","DNV","DANVILLE","US","21","DNV","LS","OM","OPERATIONAL IFR","1999/02/12",40,17,22.6252,"N",40.28961811,87,31,47.4084,"W",-87.52983566,"T",699.7,"MR","DN","JULIP",332,"DN","NDB",""
"2026/02/19","04564.","A","IL","DEC","DECATUR","US","06","DEC","LD","OM","OPERATIONAL IFR","1978/04/06",39,47,25.8939,"N",39.79052608,88,57,13.7652,"W",-88.95382366,"Z",693.8,"MR","DE","ELWIN",275,"DE","NDB",""
"2026/02/19","04773.1","A","IL","IKK","KANKAKEE","US","04","IKK","LS","OM","OPERATIONAL IFR","1980/10/02",41,1,4.5094,"N",41.01791927,87,54,13.4031,"W",-87.90372308,"T",669.2,"MR","IK","LUKOW",272,"IK","NDB",""
"2026/02/19","04850.","A","IL","MWA","MARION","US","20","MWA","LS","OM","OPERATIONAL IFR","1975/11/13",37,50,20.9771,"N",37.8391603,88,58,14.7303,"W",-88.97075841,"T",390.4,"MR","MW","JONNY",382,"MW","NDB",""
"2026/02/19","04858.1","A","IL","MTO","MATTOON/CHARLESTON","US","29","MTO","LS","OM","OPERATIONAL IFR","2017/06/14",39,26,32.7657,"N",39.44243491,88,10,24.4719,"W",-88.17346441,"T",577.7,"M","MT","ZEBRE",,"","",""
"2026/02/19","04938.","A","IL","PIA","PEORIA","US","13","GZX","LS","OM","OPERATIONAL IFR","1981/10/29",40,43,32.7965,"N",40.7257768,89,48,15.9045,"W",-89.80441791,"T",695.1,"M","GZ","ADLER",,"","",""
"2026/02/19","04938.","A","IL","PIA","PEORIA","US","31","PIA","LS","OM","OPERATIONAL IFR","1901/01/01",40,36,20.4458,"N",40.60567938,89,35,35.6767,"W",-89.59324352,"T",600.6,"MR","PI","TUNGG",356,"PI","NDB",""
"2026/02/19","04958.","A","IL","UIN","QUINCY","US","04","UIN","LS","OM","OPERATIONAL IFR","1901/01/01",39,53,12.7125,"N",39.88686458,91,15,13.2926,"W",-91.25369238,"F",,"MR","UI","QUINCY",293,"UI","NDB",""
"2026/02/19","04974.","A","IL","RFD","CHICAGO/ROCKFORD","US","07","UDY","LD","IM","OPERATIONAL IFR","1998/12/29",42,11,21.3117,"N",42.18925325,89,7,22.051,"W",-89.12279194,"T",728.4,"M","","",,"","",""
"2026/02/19","05008.","A","IL","SPI","SPRINGFIELD","US","04","SPI","LS","OM","OPERATIONAL IFR","1901/01/01",39,46,23.2399,"N",39.77312219,89,45,35.6433,"W",-89.75990091,"T",603.3,"MR","SP","HUSKK",382,"SP","NDB",""
"2026/02/19","05008.","A","IL","SPI","SPRINGFIELD","US","22","LQY","LS","OM","OPERATIONAL IFR","1996/12/05",39,54,43.2283,"N",39.91200786,89,36,11.088,"W",-89.60308,"T",580.8,"MR","LQ","LICOL",375,"LQ","NDB",""
"2026/02/19","05008.","A","IL","SPI","SPRINGFIELD","US","31","CJF","LS","OM","OPERATIONAL IFR","1996/01/04",39,47,40.5716,"N",39.79460322,89,35,33.8658,"W",-89.5927405,"T",583.5,"MR","CJ","CALDE",240,"CJ","NDB",""
"2026/02/19","05090.1","A","IN","AID","ANDERSON","US","30","AID","LS","OM","OPERATIONAL IFR","1977/04/21",40,4,10.3043,"N",40.06952897,85,30,39.18,"W",-85.51088333,"T",968.3,"MR","AI","VIDEO",394,"AI","NDB",""
"2026/02/19","05101.1","A","IN","GWB","AUBURN","US","27","GWB","LD","OM","OPERATIONAL IFR","2005/05/12",41,18,29.9461,"N",41.30831836,84,56,39.1208,"W",-84.94420022,"Z",841,"MR","GW","SHENK",227,"GW","NDB",""
"2026/02/19","05192.","A","IN","BAK","COLUMBUS","US","23","BAK","LS","OM","OPERATIONAL IFR","1976/01/29",39,19,19.7957,"N",39.32216547,85,49,6.7631,"W",-85.8185453,"T",702.4,"MR","BA","CLIFS",410,"BA","NDB",""
"2026/02/19","05194.","A","IN","CEV","CONNERSVILLE","US","18","SQK","LS","OM","OPERATIONAL IFR","1995/04/27",39,46,37.5959,"N",39.77710997,85,7,47.6028,"W",-85.12988966,"Z",916.5,"MR","SQ","PNTHR",227,"SQ","NDB",""
"2026/02/19","05248.","A","IN","EKM","ELKHART","US","27","OUP","LS","OM","OPERATIONAL IFR","1991/10/17",41,43,18.0652,"N",41.72168477,85,54,7.1557,"W",-85.90198769,"Z",772,"M","OU","RECKV",,"","",""
"2026/02/19","05282.","A","IN","FWA","FORT WAYNE","US","05","HVD","LS","IM","OPERATIONAL IFR","1901/01/01",40,57,39.5907,"N",40.96099741,85,12,53.5147,"W",-85.21486519,"T",808.3,"M","","",,"","",""
"2026/02/19","05282.","A","IN","FWA","FORT WAYNE","US","05","HVD","LS","OM","OPERATIONAL IFR","1971/06/17",40,54,5.5292,"N",40.90153588,85,17,20.0431,"W",-85.28890086,"T",819.5,"M","HV","HOONS",,"","",""
"2026/02/19","05370.5","A","IN","MQJ","INDIANAPOLIS","US","25","MQJ","LS","OM","OPERATIONAL IFR","1981/11/26",39,52,24.7938,"N",39.87355383,85,46,52.9109,"W",-85.78136413,"Z",906.8,"M","MQ","ELYSE",,"","",""
"2026/02/19","05375.","A","IN","IND","INDIANAPOLIS","US","05L","IND","LD","IM","OPERATIONAL IFR","1901/01/01",39,42,15.7098,"N",39.70436383,86,19,24.4367,"W",-86.32345463,"T",735.9,"M","","",,"","",""
"2026/02/19","05375.","A","IN","IND","INDIANAPOLIS","US","05R","OQV","LD","IM","OPERATIONAL IFR","1998/12/29",39,41,52.07,"N",39.69779722,86,18,27.12,"W",-86.30753333,"T",784.4,"M","","",,"","",""
"2026/02/19","05412.","A","IN","LAF","LAFAYETTE","US","10","LAF","LS","OM","OPERATIONAL IFR","1964/08/01",40,25,35.1376,"N",40.42642711,87,3,6.9381,"W",-87.05192725,"T",677.2,"MR","LA","EARLE",401,"LA","NDB",""
"2026/02/19","05511.","A","IN","MIE","MUNCIE","US","32","JNK","LS","OM","OPERATIONAL IFR","1977/03/14",40,10,51.1108,"N",40.18086411,85,19,15.3025,"W",-85.32091736,"Z",978.3,"MR","JN","BALLL",365,"JN","NDB",""
"2026/02/19","05661.","A","IN","SBN","SOUTH BEND","US","09R","UXW","LS","OM","OPERATIONAL IFR","1980/10/30",41,42,7.1575,"N",41.70198819,86,26,53.6143,"W",-86.44822619,"T",739.9,"M","UX","KNUTE",,"","",""
"2026/02/19","05661.","A","IN","SBN","SOUTH BEND","US","27L","SBN","LS","OM","OPERATIONAL IFR","1901/01/01",41,42,20.1835,"N",41.70560652,86,13,8.4858,"W",-86.21902383,"T",750.4,"MR","SB","MISHA",341,"SB","NDB",""
"2026/02/19","05689.","A","IN","HUF","TERRE HAUTE","US","05","HUF","LS","OM","OPERATIONAL IFR","1901/01/01",39,23,16.0981,"N",39.38780502,87,23,51.6367,"W",-87.39767686,"T",557.4,"MR","HU","YINNO",245,"HU","NDB",""
"2026/02/19","05701.","A","IN","VPZ","VALPARAISO","US","27","VPZ","LS","OM","OPERATIONAL IFR","1970/12/05",41,27,4.5346,"N",41.45125961,86,52,38.0922,"W",-86.87724783,"T",740.9,"MR","VP","SEDLY",212,"VP","NDB",""
"2026/02/19","05871.","A","IA","BRL","BURLINGTON","US","36","BRL","LS","OM","OPERATIONAL IFR","1972/12/14",40,39,15.3539,"N",40.65426497,91,7,23.6511,"W",-91.12323641,"T",578.6,"MR","BR","BURNS",390,"BR","NDB",""
"2026/02/19","05950.","A","IA","DSM","DES MOINES","US","31","DSM","LD","IM","OPERATIONAL IFR","2017/03/17",41,31,38.1185,"N",41.52725513,93,38,51.5589,"W",-93.64765525,"K",956.4,"M","","",,"","",""
"2026/02/19","05957.","A","IA","DBQ","DUBUQUE","US","36","FUQ","LD","OM","OPERATIONAL IFR","1980/01/01",42,18,32.1037,"N",42.30891769,90,42,50.2715,"W",-90.7139643,"T",1002.4,"M","FU","GOLDN",,"","",""
"2026/02/19","05999.","A","IA","FOD","FORT DODGE","US","06","FOD","LS","OM","OPERATIONAL IFR","1976/01/08",42,30,52.1748,"N",42.514493,94,18,20.0817,"W",-94.30557825,"Z",1146.4,"MR","FO","BARRO",341,"FO","NDB",""
"2026/02/19","06341.","A","IA","SUX","SIOUX CITY","US","13","OIQ","LS","OM","OPERATIONAL IFR","1979/05/17",42,27,36.5701,"N",42.46015836,96,27,43.9714,"W",-96.46221427,"T",1104.6,"MR","OI","TOMMI",305,"OI","NDB",""
"2026/02/19","06348.","A","IA","SPW","SPENCER","US","12","SPW","LS","OM","OPERATIONAL IFR","1993/04/01",43,14,2.4177,"N",43.23400491,95,19,40.6042,"W",-95.32794561,"T",1422.1,"MR","SP","SNORE",394,"SP","NDB",""
"2026/02/19","06636.","A","KS","GBD","GREAT BEND","US","35","GBD","LD","OM","OPERATIONAL IFR","1979/04/19",38,15,6.107,"N",38.25169638,98,51,23.0277,"W",-98.85639658,"Z",1934.5,"MR","GB","BABSY",419,"GB","NDB",""
"2026/02/19","06650.1","A","KS","HYS","HAYS","US","34","HYS","LS","OM","OPERATIONAL IFR","1981/12/24",38,46,9.2217,"N",38.76922825,99,15,4.6107,"W",-99.25128075,"Z",1978,"MR","HY","NETTE",374,"HY","NDB",""
"2026/02/19","06685.","A","KS","HUT","HUTCHINSON","US","13","HUT","LS","OM","OPERATIONAL IFR","1901/01/01",38,7,25.3869,"N",38.12371858,97,55,37.2789,"W",-97.92702191,"T",1619.4,"R","HU","SALTT",404,"HU","NDB",""
"2026/02/19","06690.","A","KS","IDP","INDEPENDENCE","US","35","IDP","LD","OM","OPERATIONAL IFR","2017/04/26",37,3,56.9808,"N",37.065828,95,46,39.9231,"W",-95.77775641,"T",803.3,"M","ID","JEFFE",,"","",""
"2026/02/19","06721.","A","KS","LWC","LAWRENCE","US","33","JZM","LS","OM","OPERATIONAL IFR","1993/03/04",38,54,49.1467,"N",38.91365186,95,9,13.5035,"W",-95.15375097,"T",855.7,"MR","JZ","NEWBN",338,"JZ","NDB",""
"2026/02/19","06729.","A","KS","LBL","LIBERAL","US","35","LBL","LS","OM","OPERATIONAL IFR","1979/12/27",36,57,52.4061,"N",36.96455725,100,57,22.4932,"W",-100.95624811,"T",2846,"MR","LB","PANCK",383,"LB","NDB",""
"2026/02/19","06794.","A","KS","EWK","NEWTON","US","17","CAC","LS","OM","OPERATIONAL IFR","1980/09/04",38,8,41.739,"N",38.1449275,97,16,34.12,"W",-97.27614444,"K",1530,"MR","CA","HARVS",395,"CA","NDB",""
"2026/02/19","06811.","A","KS","OJC","OLATHE","US","36","PKX","LC","OM","OPERATIONAL IFR","1996/04/25",38,45,11.2432,"N",38.75312311,94,44,12.6502,"W",-94.73684727,"T",1102.5,"MR","PK","HERBB",420,"PK","NDB",""
"2026/02/19","06878.","A","KS","SLN","SALINA","US","35","SLN","LS","OM","OPERATIONAL IFR","1976/11/04",38,40,53.4433,"N",38.68151202,97,38,42.227,"W",-97.64506305,"Z",1318.3,"MR","SL","FLORY",344,"SL","NDB",""
"2026/02/19","06931.","A","KS","TOP","TOPEKA","US","13","TOP","LS","OM","OPERATIONAL IFR","1901/01/01",39,7,13.6215,"N",39.12045041,95,41,13.56,"W",-95.6871,"T",922.3,"MR","TO","BILOY",521,"TO","NDB",""
"2026/02/19","06975.4","A","KS","ICT","WICHITA","US","01L","TWI","LS","IM","OPERATIONAL IFR","1982/10/28",37,37,57.139,"N",37.63253861,97,26,49.6801,"W",-97.44713336,"T",1317.9,"M","","",,"","",""
"2026/02/19","06975.4","A","KS","ICT","WICHITA","US","01L","TWI","LS","OM","OPERATIONAL IFR","1982/10/28",37,33,33.9381,"N",37.55942725,97,28,51.7772,"W",-97.48104922,"T",1311.2,"M","TW","CHITO",,"","",""
"2026/02/19","06975.4","A","KS","ICT","WICHITA","US","01R","ICT","LD","OM","OPERATIONAL IFR","1901/01/01",37,34,41.4784,"N",37.57818844,97,27,21.1454,"W",-97.45587372,"T",1315.2,"MR","IC","PICHE",332,"IC","NDB",""
"2026/02/19","06975.4","A","KS","ICT","WICHITA","US","19R","HOV","LS","OM","OPERATIONAL IFR","1972/10/12",37,44,16.6003,"N",37.73794452,97,24,0.9982,"W",-97.40027727,"T",1325.3,"M","HO","HOVER",,"","",""
"2026/02/19","07055.","A","KY","BWG","BOWLING GREEN","US","03","BWG","LS","OM","OPERATIONAL IFR","2017/05/25",36,52,47.8861,"N",36.87996836,86,28,53.8865,"W",-86.48163513,"Z",613.9,"MR","BW","NOORA",236,"BW","NDB",""
"2026/02/19","07090.","A","KY","CVG","COVINGTON","US","18R","CJN","LD","IM","OPERATIONAL IFR","2005/10/28",39,4,23.57,"N",39.07321388,84,41,1.42,"W",-84.68372777,"F",856,"M","","",,"","",""
"2026/02/19","07090.","A","KY","CVG","COVINGTON","US","36C","CVG","LD","IM","OPERATIONAL IFR","1970/07/30",39,1,53.9241,"N",39.03164558,84,40,7.5094,"W",-84.66875261,"T",818.2,"M","","",,"","",""
"2026/02/19","07090.","A","KY","CVG","COVINGTON","US","36L","VAC","LD","IM","OPERATIONAL IFR","2013/01/25",39,2,44.323,"N",39.04564527,84,41,1.8019,"W",-84.68383386,"T",868.2,"M","","",,"","",""
"2026/02/19","07090.","A","KY","CVG","COVINGTON","US","36R","EEI","LD","IM","OPERATIONAL IFR","1991/05/02",39,1,33.5681,"N",39.02599113,84,38,48.5005,"W",-84.64680569,"T",898.7,"M","","",,"","",""
"2026/02/19","07138.6","A","KY","HOP","FORT CAMPBELL/HOPKINSVILLE","US","23","FKP","LD","OM","OPERATIONAL IFR","1978/03/23",36,44,12.883,"N",36.73691194,87,24,49.516,"W",-87.41375444,"R",593,"MR","FK","AIRBE",273,"FK","NDB",""
"2026/02/19","07243.","A","KY","SDF","LOUISVILLE","US","29","LKS","LC","OM","OPERATIONAL IFR","1901/01/01",38,8,41.4336,"N",38.14484266,85,37,59.9002,"W",-85.63330561,"T",612.9,"MR","LK","LAANG",414,"LK","NDB",""
"2026/02/19","07243.","A","KY","SDF","LOUISVILLE","US","35L","RLI","LD","IM","OPERATIONAL IFR","2003/09/09",38,9,20.7383,"N",38.15576063,85,44,21.7991,"W",-85.73938863,"T",457,"M","","",,"","",""
"2026/02/19","07243.","A","KY","SDF","LOUISVILLE","US","35R","JJM","LD","IM","OPERATIONAL IFR","1995/11/09",38,9,46.9327,"N",38.16303686,85,43,23.1461,"W",-85.72309613,"T",464.3,"M","","",,"","",""
"2026/02/19","07312.","A","KY","PAH","PADUCAH","US","05","PAH","LS","OM","OPERATIONAL IFR","1973/02/15",37,0,31.0081,"N",37.00861336,88,50,11.9755,"W",-88.83665986,"T",475,"M","PA","HABAN",,"","",""
"2026/02/19","07425.","A","LA","BTR","BATON ROUGE","US","13","BTR","LD","OM","OPERATIONAL IFR","2016/10/11",30,34,58.4351,"N",30.58289863,91,12,39.7582,"W",-91.21104394,"T",68.4,"MR","BT","RUNDI",284,"BT","NDB",""
"2026/02/19","07541.","A","LA","HDC","HAMMOND","US","18","HPF","LS","OM","OPERATIONAL IFR","1980/09/04",30,36,22.9648,"N",30.60637911,90,25,16.0575,"W",-90.42112708,"T",94.1,"MR","HP","ANGER",212,"HP","NDB",""
"2026/02/19","07589.","A","LA","LFT","LAFAYETTE","US","22L","LFT","LD","OM","OPERATIONAL IFR","1978/10/20",30,17,21.3773,"N",30.28927147,91,54,28.6151,"W",-91.90794863,"T",20.9,"MR","LF","LAFFS",375,"LF","NDB",""
"2026/02/19","07594.3","A","LA","CWF","LAKE CHARLES","US","15","CWF","LS","OM","SHUTDOWN","2021/12/21",30,18,23.8922,"N",30.30663672,93,11,46.3091,"W",-93.19619697,"K",23,"MR","CW","MOSSY",418,"CW","NDB",""
"2026/02/19","07658.","A","LA","MLU","MONROE","US","04","MLU","LS","OM","OPERATIONAL IFR","1901/01/01",32,27,14.8284,"N",32.454119,92,6,15.5116,"W",-92.10430877,"T",75.6,"MR","ML","SABAR",392,"ML","NDB",""
"2026/02/19","07658.","A","LA","MLU","MONROE","US","22","MZR","LS","OM","OPERATIONAL IFR","1981/11/26",32,34,31.7695,"N",32.57549152,91,57,43.9482,"W",-91.96220783,"T",67,"M","MZ","BAIYU",,"","",""
"2026/02/19","07675.","A","LA","MSY","NEW ORLEANS","US","11","MSY","LD","IM","OPERATIONAL IFR","1901/01/01",29,59,50.2618,"N",29.99729494,90,17,4.1774,"W",-90.28449372,"T",3.1,"M","","",,"","",""
"2026/02/19","07735.","A","LA","SHV","SHREVEPORT","US","14","SHV","LD","IM","OPERATIONAL IFR","1978/04/20",32,27,20.4822,"N",32.4556895,93,50,11.5566,"W",-93.8365435,"T",263.5,"M","","",,"","",""
"2026/02/19","07735.","A","LA","SHV","SHREVEPORT","US","32","FOG","LS","OM","OPERATIONAL IFR","1975/06/19",32,22,20.9746,"N",32.37249294,93,45,38.8557,"W",-93.76079325,"T",180,"M","FO","FORBE",,"","",""
"2026/02/19","07819.","A","ME","AUG","AUGUSTA","US","17","AUG","LS","OM","OPERATIONAL IFR","1977/09/22",44,24,39.3098,"N",44.41091938,69,51,38.3984,"W",-69.86066622,"K",239,"MR","AU","DUNNS",366,"AU","NDB",""
"2026/02/19","07825.","A","ME","BGR","BANGOR","US","15","JVH","LD","IM","OPERATIONAL IFR","1984/01/19",44,49,12.0633,"N",44.82001758,68,50,46.7197,"W",-68.84631102,"K",184,"M","","",,"","",""
"2026/02/19","07825.","A","ME","BGR","BANGOR","US","15","JVH","LD","MM","OPERATIONAL IFR","1984/01/19",44,49,23.6858,"N",44.82324605,68,51,3.4639,"W",-68.85096219,"K",158,"M","VH","",,"","",""
"2026/02/19","08215.","A","ME","PWM","PORTLAND","US","11","PWM","LD","IM","OPERATIONAL IFR","2005/11/08",43,38,45.9728,"N",43.64610355,70,19,46.7765,"W",-70.32966013,"T",63.8,"M","","",,"","",""
"2026/02/19","09518.","A","MI","APN","ALPENA","US","01","APN","LS","OM","OPERATIONAL IFR","1976/12/02",44,57,38.7787,"N",44.96077186,83,33,36.3109,"W",-83.56008636,"T",725.9,"MR","AP","FELPS",206,"AP","NDB",""
"2026/02/19","09548.","A","MI","BTL","BATTLE CREEK","US","23R","BTL","LS","OM","OPERATIONAL IFR","1901/01/01",42,21,43.0635,"N",42.36196208,85,11,3.5557,"W",-85.18432102,"T",892.5,"MR","BT","BATOL",272,"BT","NDB",""
"2026/02/19","09614.","A","MI","CAD","CADILLAC","US","07","MAY","LD","OM","OPERATIONAL IFR","2004/01/13",44,14,13.4708,"N",44.23707522,85,32,50.3039,"W",-85.54730663,"T",1309,"MR","MA","WEXOR",336,"MA","NDB",""
"2026/02/19","09749.","A","MI","DTW","DETROIT","US","03R","HUU","LD","IM","OPERATIONAL IFR","1977/11/03",42,11,36.5551,"N",42.19348752,83,21,12.137,"W",-83.35337138,"T",631.1,"M","","",,"","",""
"2026/02/19","09749.","A","MI","DTW","DETROIT","US","04L","HJT","LD","IM","OPERATIONAL IFR","2001/10/03",42,12,0.3838,"N",42.20010661,83,23,7.8811,"W",-83.38552252,"T",645.2,"M","","",,"","",""
"2026/02/19","09749.","A","MI","DTW","DETROIT","US","04R","DTW","LD","IM","OPERATIONAL IFR","1901/01/01",42,12,4.547,"N",42.20126305,83,22,19.3737,"W",-83.37204825,"T",637.1,"M","","",,"","",""
"2026/02/19","09788.","A","MI","ESC","ESCANABA","US","10","ESC","LD","OM","OPERATIONAL IFR","1977/10/06",45,43,21.8281,"N",45.72273002,87,13,29.4148,"W",-87.22483744,"T",696.2,"MR","ES","PIKLE",344,"ES","NDB",""
"2026/02/19","09834.","A","MI","GLR","GAYLORD","US","09","GLR","LS","OM","OPERATIONAL IFR","1998/01/01",45,0,52.6421,"N",45.0146228,84,48,29.0999,"W",-84.8080833,"T",1385.1,"MR","GL","BANGU",375,"GL","NDB",""
"2026/02/19","09852.","A","MI","GRR","GRAND RAPIDS","US","26L","GRR","LS","OM","OPERATIONAL IFR","1901/01/01",42,53,44.1762,"N",42.8956045,85,22,42.8677,"W",-85.37857436,"T",797,"MR","GR","KNOBS",263,"GR","NDB",""
"2026/02/19","09852.","A","MI","GRR","GRAND RAPIDS","US","35","DVS","LS","OM","OPERATIONAL IFR","1997/12/04",42,47,11.6294,"N",42.78656372,85,29,49.3438,"W",-85.49703994,"T",800.3,"M","DV","CALDO",,"","",""
"2026/02/19","09881.","A","MI","CMX","HANCOCK","US","32","CMX","LD","OM","OPERATIONAL IFR","1973/01/23",47,6,56.5194,"N",47.11569983,88,24,4.422,"W",-88.40122833,"T",611.3,"M","CM","GALEY",,"","",""
"2026/02/19","09968.","A","MI","IWD","IRONWOOD","US","27","IWD","LS","OM","OPERATIONAL IFR","1982/12/23",46,31,38.4207,"N",46.52733908,90,2,29.827,"W",-90.04161861,"T",1271.7,"M","IW","KLAAY",,"","",""
"2026/02/19","09986.","A","MI","AZO","KALAMAZOO","US","35","AZO","LS","OM","OPERATIONAL IFR","1901/01/01",42,7,51.8741,"N",42.13107613,85,31,47.1314,"W",-85.52975872,"T",855.8,"MR","AZ","AUSTN",371,"AZ","NDB",""
"2026/02/19","10010.","A","MI","LAN","LANSING","US","10R","CPQ","LS","OM","OPERATIONAL IFR","1977/10/06",42,46,43.3202,"N",42.77870005,84,42,10.0139,"W",-84.70278163,"T",847.1,"M","CP","FAMLI",,"","",""
"2026/02/19","10049.","A","MI","MBL","MANISTEE","US","28","MBL","LS","OM","OPERATIONAL IFR","1980/01/01",44,16,14.7453,"N",44.27076258,86,8,34.3154,"W",-86.14286538,"T",677.9,"MR","MB","JEPOT",254,"MB","NDB",""
"2026/02/19","10235.1","A","MI","PHN","PORT HURON","US","04","PHN","LS","OM","OPERATIONAL IFR","1992/07/23",42,50,34.7995,"N",42.84299986,82,35,48.0586,"W",-82.59668294,"T",634.8,"MR","PH","PHURN",332,"PH","NDB",""
"2026/02/19","10299.","A","MI","MBS","SAGINAW","US","05","MBS","LS","OM","OPERATIONAL IFR","1967/10/12",43,27,41.3929,"N",43.46149802,84,10,47.3981,"W",-84.1798328,"T",624.8,"MR","MB","OLSTE",257,"MB","NDB",""
"2026/02/19","10329.","A","MI","CIU","SAULT STE MARIE","US","16","CIU","LS","OM","OPERATIONAL IFR","1978/01/26",46,19,55.9258,"N",46.33220161,84,32,31.7972,"W",-84.54216588,"T",644.4,"MR","CI","KOLOE",400,"CI","NDB",""
"2026/02/19","10379.","A","MI","TVC","TRAVERSE CITY","US","28","TVC","LS","OM","OPERATIONAL IFR","1971/08/13",44,44,4.3229,"N",44.73453413,85,25,45.3,"W",-85.42925,"T",895.8,"MR","TV","GWENN",365,"TV","NDB",""
"2026/02/19","10512.","A","MN","AXN","ALEXANDRIA","US","31","EEZ","LS","OM","OPERATIONAL IFR","1980/01/01",45,47,30.1765,"N",45.79171569,95,18,19.9378,"W",-95.30553827,"T",1404.1,"M","EE","TAMIE",,"","",""
"2026/02/19","10576.","A","MN","BRD","BRAINERD","US","23","BRD","LS","OM","OPERATIONAL IFR","1982/03/04",46,27,23.6668,"N",46.45657411,94,1,20.9774,"W",-94.02249372,"T",1259.9,"MR","BR","LAREW",251,"BR","NDB",""
"2026/02/19","10653.","A","MN","DLH","DULUTH","US","09","DLH","LS","IM","OPERATIONAL IFR","2001/10/02",46,50,33.2485,"N",46.84256902,92,13,28.2666,"W",-92.2245185,"T",1429.9,"M","","",,"","",""
"2026/02/19","10653.","A","MN","DLH","DULUTH","US","09","DLH","LS","OM","OPERATIONAL IFR","1964/10/31",46,50,44.8367,"N",46.84578797,92,21,18.321,"W",-92.35508916,"T",1418.3,"MR","DL","PYKLA",379,"DL","NDB",""
"2026/02/19","10653.","A","MN","DLH","DULUTH","US","27","JUD","LS","OM","OPERATIONAL IFR","1975/06/26",46,50,15.2855,"N",46.8375793,92,3,14.7168,"W",-92.054088,"T",1090,"M","JU","ANDOE",,"","",""
"2026/02/19","10684.","A","MN","FRM","FAIRMONT","US","31","FQJ","LS","MM","OPERATIONAL IFR","1995/02/02",43,37,59.6185,"N",43.63322736,94,24,8.6304,"W",-94.40239733,"T",1155.9,"M","QJ","",,"","",""
"2026/02/19","10684.","A","MN","FRM","FAIRMONT","US","31","FQJ","LS","OM","OPERATIONAL IFR","1995/02/02",43,34,25.0787,"N",43.57363297,94,19,4.6519,"W",-94.31795886,"T",1145,"MR","FQ","MONTZ",420,"FQ","NDB",""
"2026/02/19","10692.","A","MN","FFM","FERGUS FALLS","US","31","FFM","LS","MM","OPERATIONAL IFR","1994/01/06",46,16,26.4416,"N",46.27401155,96,8,19.7113,"W",-96.13880869,"T",1150.6,"M","FM","",,"","",""
"2026/02/19","10692.","A","MN","FFM","FERGUS FALLS","US","31","FFM","LS","OM","OPERATIONAL IFR","1994/01/06",46,13,11.3421,"N",46.21981725,96,3,27.6511,"W",-96.05768086,"T",1186.8,"MR","FF","HAMRE",337,"FF","NDB",""
"2026/02/19","10737.","A","MN","HIB","HIBBING","US","31","HIB","LS","OM","OPERATIONAL IFR","1972/02/17",47,18,5.0184,"N",47.301394,92,42,13.7706,"W",-92.70382516,"T",1310.8,"M","HI","FORBS",,"","",""
"2026/02/19","10812.1","A","MN","MKT","MANKATO","US","33","MKT","LS","OM","OPERATIONAL IFR","1982/05/13",44,9,9.5492,"N",44.15265255,93,52,16.8784,"W",-93.87135511,"T",1017.7,"M","MK","RATEL",,"","",""
"2026/02/19","10815.","A","MN","MML","MARSHALL","US","12","GBY","LS","OM","OPERATIONAL IFR","1996/03/28",44,30,6.3089,"N",44.50175247,95,54,39.5041,"W",-95.91097336,"T",1180.2,"MR","GB","GARNO",253,"GB","NDB",""
"2026/02/19","10821.02","A","MN","LVN","MINNEAPOLIS","US","30","LVN","LS","OM","OPERATIONAL IFR","1985/03/14",44,35,13.1875,"N",44.58699652,93,6,59.9571,"W",-93.11665475,"T",959.9,"M","LV","LAAKE",,"","",""
"2026/02/19","10824.","A","MN","MSP","MINNEAPOLIS","US","12L","PJL","LD","IM","OPERATIONAL IFR","2003/11/25",44,53,39.694,"N",44.89435944,93,13,25.8963,"W",-93.22386008,"T",845.3,"M","","",,"","",""
"2026/02/19","10824.","A","MN","MSP","MINNEAPOLIS","US","12R","HKZ","LD","IM","OPERATIONAL IFR","2003/03/03",44,53,20.8698,"N",44.8891305,93,14,12.7019,"W",-93.23686163,"T",840,"M","","",,"","",""
"2026/02/19","10824.","A","MN","MSP","MINNEAPOLIS","US","30L","MSP","LD","IM","OPERATIONAL IFR","1901/01/01",44,52,19.4377,"N",44.87206602,93,11,52.1826,"W",-93.1978285,"T",808.1,"M","","",,"","",""
"2026/02/19","10824.","A","MN","MSP","MINNEAPOLIS","US","35","BMA","LD","IM","OPERATIONAL IFR","2005/09/08",44,51,49.9075,"N",44.86386319,93,14,9.7433,"W",-93.2360398,"T",832.6,"M","","",,"","",""
"2026/02/19","10894.","A","MN","PKD","PARK RAPIDS","US","31","PKD","LS","MM","OPERATIONAL IFR","1979/08/09",46,53,27.6154,"N",46.89100427,95,3,29.6602,"W",-95.05823894,"T",1434.5,"M","KD","",,"","",""
"2026/02/19","10894.","A","MN","PKD","PARK RAPIDS","US","31","PKD","LS","OM","OPERATIONAL IFR","1979/08/09",46,50,2.5377,"N",46.83403825,94,58,32.0255,"W",-94.97556263,"T",1413.2,"MR","PK","SPIDA",269,"PK","NDB",""
"2026/02/19","10934.","A","MN","RGK","RED WING","US","09","RGK","LS","OM","OPERATIONAL IFR","2002/03/18",44,35,52.1647,"N",44.59782352,92,38,50.9378,"W",-92.64748272,"T",1042.1,"MR","RG","REGUE",274,"RG","NDB",""
"2026/02/19","10950.1","A","MN","RST","ROCHESTER","US","31","RST","LS","IM","OPERATIONAL IFR","2024/05/23",43,54,7.0203,"N",43.90195008,92,29,3.4699,"W",-92.48429719,"F",1298.1,"M","","",,"","",""
"2026/02/19","10962.1","A","MN","STC","ST CLOUD","US","31","STC","LS","MM","OPERATIONAL IFR","1992/12/10",45,32,3.6388,"N",45.53434411,94,2,35.6194,"W",-94.04322761,"T",1015.2,"M","TC","",,"","",""
"2026/02/19","10962.1","A","MN","STC","ST CLOUD","US","31","STC","LS","OM","OPERATIONAL IFR","1992/12/10",45,28,44.201,"N",45.47894472,93,58,7.2626,"W",-93.96868405,"T",984.7,"MR","ST","HUSSK",342,"ST","NDB",""
"2026/02/19","11053.","A","MN","RRT","WARROAD","US","31","SWE","LD","MM","OPERATIONAL IFR","1994/03/03",48,55,41.3232,"N",48.92814533,95,19,50.5727,"W",-95.33071463,"T",1072.5,"M","WE","",,"","",""
"2026/02/19","11053.","A","MN","RRT","WARROAD","US","31","SWE","LD","OM","OPERATIONAL IFR","1994/03/03",48,51,45.907,"N",48.86275194,95,14,30.7584,"W",-95.24187733,"T",1083.9,"MR","SW","ROADD",360,"SW","NDB",""
"2026/02/19","11104.","A","MN","OTG","WORTHINGTON","US","29","OTG","LS","MM","OPERATIONAL IFR","1993/07/22",43,38,52.8576,"N",43.648016,95,33,23.5903,"W",-95.55655286,"T",1558.3,"M","TG","",,"","",""
"2026/02/19","11104.","A","MN","OTG","WORTHINGTON","US","29","OTG","LS","OM","OPERATIONAL IFR","1993/07/22",43,37,2.5834,"N",43.61738427,95,27,50.6697,"W",-95.46407491,"T",1510.9,"MR","OT","WONDD",277,"OT","NDB",""
"2026/02/19","11140.1","A","MS","HSA","BAY ST LOUIS","US","18","HSA","LS","OM","OPERATIONAL IFR","2003/03/20",30,27,4.8416,"N",30.45134488,89,27,19.8462,"W",-89.45551283,"T",94.2,"R","HS","HANCO",221,"HS","NDB",""
"2026/02/19","11194.51","A","MS","GTR","COLUMBUS/W POINT/STARKVILLE","US","18","GTR","LS","OM","OPERATIONAL IFR","1973/05/11",33,32,1.3822,"N",33.53371727,88,35,33.6105,"W",-88.59266958,"T",179,"M","GT","MOOED",,"","",""
"2026/02/19","11197.","A","MS","CRX","CORINTH","US","18","UUR","LS","OM","OPERATIONAL IFR","1996/05/23",35,0,55.9804,"N",35.01555011,88,36,56.4909,"W",-88.61569191,"T",510.4,"MR","UU","SEYER",334,"UU","NDB",""
"2026/02/19","11244.","A","MS","GLH","GREENVILLE","US","18L","GLH","LS","OM","OPERATIONAL IFR","1972/06/14",33,34,34.949,"N",33.57637472,90,58,57.3023,"W",-90.98258397,"T",133.3,"M","GL","QUAAK",,"","",""
"2026/02/19","11253.","A","MS","GPT","GULFPORT","US","14","GPT","LS","OM","OPERATIONAL IFR","1972/06/08",30,29,7.9994,"N",30.48555538,89,9,44.045,"W",-89.16223472,"T",84.3,"MR","GP","BAYOU",360,"GP","NDB",""
"2026/02/19","11255.1","A","MS","PIB","HATTIESBURG-LAUREL","US","18","PIB","LS","OM","OPERATIONAL IFR","1974/08/02",31,33,31.4538,"N",31.55873716,89,20,17.0742,"W",-89.33807616,"T",263.5,"M","PI","PETAL",,"","",""
"2026/02/19","11282.","A","MS","HKS","JACKSON","US","16","JHF","LS","OM","OPERATIONAL IFR","1980/12/25",32,24,46.9159,"N",32.41303219,90,15,40.6232,"W",-90.26128422,"T",314,"MR","JH","BRENZ",260,"JH","NDB",""
"2026/02/19","11333.1","A","MS","MCB","MC COMB","US","16","MCB","LS","OM","OPERATIONAL IFR","1974/08/29",31,15,16.2278,"N",31.25450772,90,30,37.4985,"W",-90.51041625,"K",447,"MR","MC","FERNI",413,"MC","NDB",""
"2026/02/19","11375.1","A","MS","UOX","OXFORD","US","09","UVD","LC","OM","OPERATIONAL IFR","1988/06/02",34,23,6.4372,"N",34.38512144,89,37,33.685,"W",-89.62602361,"T",413.4,"MR","UV","TUNNG",426,"UV","NDB",""
"2026/02/19","11462.","A","MS","TUP","TUPELO","US","36","TUP","LD","OM","OPERATIONAL IFR","1983/07/07",34,10,49.3578,"N",34.18037716,88,46,7.3267,"W",-88.76870186,"T",324.6,"MR","TU","VERON",420,"TU","NDB",""
"2026/02/19","11605.","A","MO","CGI","CAPE GIRARDEAU","US","10","CGI","LD","OM","OPERATIONAL IFR","1994/02/02",37,15,12.1824,"N",37.253384,89,42,2.1918,"W",-89.70060883,"T",352,"MR","CG","DUTCH",248,"CG","NDB",""
"2026/02/19","11808.","A","MO","JEF","JEFFERSON CITY","US","30","JEF","LD","OM","OPERATIONAL IFR","1979/02/22",38,32,52.7663,"N",38.54799063,92,4,18.1139,"W",-92.0716983,"T",584.4,"MR","JE","ALGOA",397,"JE","NDB",""
"2026/02/19","11810.","A","MO","JLN","JOPLIN","US","13","JLN","LS","OM","OPERATIONAL IFR","1901/01/01",37,12,11.3396,"N",37.20314988,94,33,30.7781,"W",-94.55854947,"T",913.5,"MR","JL","LUNNS",344,"JL","NDB",""
"2026/02/19","11816.6","A","MO","MCI","KANSAS CITY","US","01R","PVL","LD","IM","OPERATIONAL IFR","1995/01/05",39,16,45.0995,"N",39.2791943,94,42,34.8009,"W",-94.70966691,"T",1011.1,"M","","",,"","",""
"2026/02/19","11816.6","A","MO","MCI","KANSAS CITY","US","01R","PVL","LD","MM","OPERATIONAL IFR","1995/01/05",39,16,27.6318,"N",39.27434216,94,42,39.9693,"W",-94.71110258,"T",994.9,"M","VL","",,"","",""
"2026/02/19","11816.6","A","MO","MCI","KANSAS CITY","US","19R","PAJ","LD","IM","OPERATIONAL IFR","1981/02/19",39,19,30.1157,"N",39.32503213,94,43,11.8201,"W",-94.71995002,"T",972.4,"M","","",,"","",""
"2026/02/19","11816.6","A","MO","MCI","KANSAS CITY","US","19R","PAJ","LD","MM","OPERATIONAL IFR","1981/02/19",39,19,49.2587,"N",39.33034963,94,43,6.2032,"W",-94.71838977,"T",965.1,"M","AJ","",,"","",""
"2026/02/19","12074.","A","MO","STJ","ST JOSEPH","US","35","STJ","LS","OM","OPERATIONAL IFR","1901/01/01",39,40,32.6182,"N",39.67572727,94,54,24.6291,"W",-94.90684141,"Z",809,"MR","ST","TARIO",260,"ST","NDB",""
"2026/02/19","12077.","A","MO","STL","ST LOUIS","US","11","OGZ","LD","IM","OPERATIONAL IFR","2006/04/13",38,45,40.3474,"N",38.76120761,90,24,44.7374,"W",-90.41242705,"T",613.3,"M","","",,"","",""
"2026/02/19","12077.","A","MO","STL","ST LOUIS","US","12L","LDZ","LD","IM","OPERATIONAL IFR","1996/01/04",38,45,11.9417,"N",38.75331713,90,22,9.8845,"W",-90.36941236,"T",531.1,"M","","",,"","",""
"2026/02/19","12077.","A","MO","STL","ST LOUIS","US","30R","SJW","LD","IM","OPERATIONAL IFR","1982/10/28",38,44,14.6573,"N",38.7374048,90,20,13.7268,"W",-90.33714633,"T",600.9,"M","","",,"","",""
"2026/02/19","12082.5","A","MO","SUS","ST LOUIS","US","08R","SUS","LS","OM","OPERATIONAL IFR","1970/04/30",38,38,20.7579,"N",38.63909941,90,46,0.8401,"W",-90.76690002,"T",467.6,"MR","SU","SNOOP",326,"SU","NDB",""
"2026/02/19","12082.5","A","MO","SUS","ST LOUIS","US","26L","FZU","LS","OM","OPERATIONAL IFR","2010/01/08",38,40,38.4997,"N",38.67736102,90,32,50.3529,"W",-90.54732025,"T",459.1,"MR","FZ","EAVES",227,"FZ","NDB",""
"2026/02/19","12381.","A","MT","GTF","GREAT FALLS","US","03","SMR","LD","IM","OPERATIONAL IFR","2007/08/22",47,28,3.63,"N",47.467675,111,23,10.6269,"W",-111.38628525,"T",3683.4,"M","","",,"","",""
"2026/02/19","12549.1","A","MT","WYS","WEST YELLOWSTONE","US","01","LOW","LS","OM","OPERATIONAL IFR","2020/05/27",44,34,31.4875,"N",44.57541319,111,11,51.2433,"W",-111.19756758,"K",7000,"MR","LO","TARGY",415,"LO","NDB",""
"2026/02/19","12674.","A","NE","CDR","CHADRON","US","03","CDR","LS","OM","OPERATIONAL IFR","1991/11/14",42,45,18.6546,"N",42.75518183,103,10,28.9179,"W",-103.17469941,"K",3511.1,"MR","CD","DAWES",362,"CD","NDB",""
"2026/02/19","12794.","A","NE","LNK","LINCOLN","US","18","OCZ","LS","OM","OPERATIONAL IFR","1982/05/27",40,56,41.6286,"N",40.94489683,96,45,41.9381,"W",-96.76164947,"T",1254.6,"M","OC","CLONE",,"","",""
"2026/02/19","12836.","A","NE","OFK","NORFOLK","US","02","OFK","LS","OM","OPERATIONAL IFR","1978/11/30",41,53,15.4571,"N",41.88762697,97,28,48.9253,"W",-97.48025702,"T",1718.9,"M","OF","CARSY",,"","",""
"2026/02/19","12854.","A","NE","OMA","OMAHA","US","14R","OMA","LD","IM","OPERATIONAL IFR","2018/04/11",41,18,56.4429,"N",41.31567858,95,54,28.3414,"W",-95.90787261,"K",985.2,"M","","",,"","",""
"2026/02/19","12854.","A","NE","OMA","OMAHA","US","32R","EDI","LD","IM","OPERATIONAL IFR","2004/09/30",41,17,32.9983,"N",41.29249952,95,52,49.6105,"W",-95.88044736,"T",981.3,"M","","",,"","",""
"2026/02/19","13224.","A","NH","CON","CONCORD","US","35","CON","LS","OM","OPERATIONAL RESTRICTED","2001/02/05",43,7,7.7761,"N",43.11882669,71,27,9.7153,"W",-71.45269869,"Z",348.2,"MR","CO","EPSOM",216,"CO","NDB",""
"2026/02/19","13317.","A","NH","LEB","LEBANON","US","18","DVR","LD","OM","OPERATIONAL IFR","1989/02/09",43,43,58.0885,"N",43.73280236,72,20,0.542,"W",-72.33348388,"Z",797.6,"M","DV","BURGR",,"","",""
"2026/02/19","13332.","A","NH","MHT","MANCHESTER","US","06","MJE","LS","OM","OPERATIONAL IFR","1980/01/01",42,51,51.1563,"N",42.86421008,71,31,43.6555,"W",-71.52879319,"T",234.2,"MR","MJ","FITZY",209,"MJ","NDB",""
"2026/02/19","13332.","A","NH","MHT","MANCHESTER","US","35","MHT","LD","IM","OPERATIONAL IFR","2012/10/04",42,55,7.2686,"N",42.91868572,71,25,30.3345,"W",-71.42509291,"T",263.5,"M","","",,"","",""
"2026/02/19","13332.","A","NH","MHT","MANCHESTER","US","35","MHT","LD","MM","OPERATIONAL IFR","2022/11/22",42,54,49.308,"N",42.91369666,71,25,22.7315,"W",-71.42298097,"K",305,"M","HT","",,"","",""
"2026/02/19","14010.","A","NJ","MIV","MILLVILLE","US","10","MIV","LS","OM","OPERATIONAL IFR","1980/03/20",39,22,1.2151,"N",39.36700419,75,11,52.6946,"W",-75.19797072,"T",66,"M","MI","LADIE",,"","",""
"2026/02/19","14353.1","A","NJ","MJX","TOMS RIVER","US","06","MJX","LS","OM","OPERATIONAL IFR","1987/09/30",39,52,23.5037,"N",39.87319547,74,22,33.4022,"W",-74.37594505,"T",145.5,"M","MJ","THOMS",,"","",""
"2026/02/19","14528.1","A","NM","AEG","ALBUQUERQUE","US","22","AEG","LS","OM","OPERATIONAL IFR","1988/01/14",35,13,2.4587,"N",35.21734963,106,42,46.231,"W",-106.71284194,"Z",5453.4,"MR","AE","DUDLE",351,"AE","NDB",""
"2026/02/19","14559.","A","NM","CNM","CARLSBAD","US","03","CVD","LS","OM","OPERATIONAL IFR","2023/05/04",32,16,0.4495,"N",32.26679152,104,20,18.6437,"W",-104.33851213,"Z",3830.5,"MR","CV","CARLZ",402,"CV","NDB",""
"2026/02/19","14612.","A","NM","GUP","GALLUP","US","06","GUP","LE","OM","OPERATIONAL IFR","1979/08/09",35,29,6.4153,"N",35.48511536,108,54,3.8327,"W",-108.90106463,"T",6361.6,"M","GU","KINLY",,"","",""
"2026/02/19","14719.","A","NM","ROW","ROSWELL","US","21","ROW","LD","OM","OPERATIONAL IFR","1980/07/15",33,21,55.3224,"N",33.36536733,104,26,32.0484,"W",-104.44223566,"T",,"MR","RO","TOPAN",305,"RO","NDB",""
"2026/02/19","14728.","A","NM","SAF","SANTA FE","US","02","SGB","LD","MM","OPERATIONAL IFR","2017/09/13",35,36,1.662,"N",35.60046166,106,6,12.068,"W",-106.10335222,"K",6240,"M","GB","",,"","",""
"2026/02/19","14858.","A","NY","GVQ","BATAVIA","US","28","GVQ","LS","OM","OPERATIONAL IFR","1982/09/30",43,1,44.5191,"N",43.02903308,78,3,54.0848,"W",-78.06502355,"K",779.5,"M","GV","TAVIA",,"","",""
"2026/02/19","14954.","A","NY","BUF","BUFFALO","US","05","GBI","LS","OM","OPERATIONAL IFR","1966/01/14",42,52,25.9293,"N",42.87386925,78,48,59.6922,"W",-78.81658116,"T",592.8,"MR","GB","PLAZZ",204,"GB","NDB",""
"2026/02/19","14954.","A","NY","BUF","BUFFALO","US","23","BUF","LS","OM","OPERATIONAL IFR","1901/01/01",43,0,0.9789,"N",43.00027191,78,39,3.0704,"W",-78.65085288,"T",630,"MR","BU","KLUMP",231,"BU","NDB",""
"2026/02/19","15236.","A","NY","FRG","FARMINGDALE","US","14","FRG","LS","OM","OPERATIONAL IFR","1901/01/01",40,46,35.5713,"N",40.77654758,73,28,56.9484,"W",-73.48248566,"T",148.6,"MR","FR","FRIKK",407,"FR","NDB",""
"2026/02/19","15309.","A","NY","GFL","GLENS FALLS","US","01","GFL","LS","OM","OPERATIONAL IFR","1973/06/28",43,15,18.4508,"N",43.25512522,73,36,20.7432,"W",-73.605762,"T",233.6,"MR","GF","GANSE",209,"GF","NDB",""
"2026/02/19","15647.","A","NY","MSS","MASSENA","US","05","MSS","LS","OM","OPERATIONAL IFR","1980/03/20",44,51,14.6744,"N",44.85407622,74,54,56.8836,"W",-74.915801,"T",245,"MR","MS","MISSE",278,"MS","NDB",""
"2026/02/19","15752.","A","NY","SWF","NEW YORK","US","09","SWF","LS","OM","OPERATIONAL IFR","1971/10/04",41,29,8.7468,"N",41.485763,74,13,40.8283,"W",-74.22800786,"K",406.8,"MR","SW","NEELY",335,"SW","NDB",""
"2026/02/19","15793.","A","NY","JFK","NEW YORK","US","04R","JFK","LD","IM","OPERATIONAL IFR","1982/09/02",40,37,23.8334,"N",40.62328705,73,46,19.1548,"W",-73.77198744,"T",11.9,"M","","",,"","",""
"2026/02/19","15793.","A","NY","JFK","NEW YORK","US","22L","IWY","LD","IM","OPERATIONAL IFR","2003/11/21",40,38,51.125,"N",40.64753472,73,45,11.0314,"W",-73.75306427,"T",9.4,"M","","",,"","",""
"2026/02/19","15800.","A","NY","IAG","NIAGARA FALLS","US","28","IAG","LS","OM","OPERATIONAL IFR","1901/01/01",43,6,32.5184,"N",43.10903288,78,50,18.2195,"W",-78.8383943,"T",614.9,"MC","IA","KATHI",329,"","","OPERATIONAL IFR"
"2026/02/19","15851.","A","NY","OGS","OGDENSBURG","US","27","OGS","LE","OM","OPERATIONAL IFR","1981/10/01",44,42,5.4273,"N",44.70150758,75,21,10.6095,"W",-75.35294708,"T",357.6,"MR","OG","OGIVE",358,"OG","NDB",""
"2026/02/19","15857.1","A","NY","OLE","OLEAN","US","22","OLE","LC","OM","OPERATIONAL IFR","1982/07/08",42,18,42.474,"N",42.31179833,78,18,38.1338,"W",-78.31059272,"T",1604.1,"M","OL","EANEY",,"","",""
"2026/02/19","16118.","A","NY","SCH","SCHENECTADY","US","04","SCH","LS","OM","OPERATIONAL IFR","1977/03/24",42,46,18.542,"N",42.77181722,73,59,9.6539,"W",-73.98601497,"T",313.2,"M","SC","HANLY",,"","",""
"2026/02/19","16179.","A","NY","HWV","SHIRLEY","US","06","HWV","LS","OM","OPERATIONAL IFR","1988/09/22",40,45,56.5602,"N",40.76571116,72,56,58.1924,"W",-72.94949788,"K",34.7,"M","HW","MAIDS",,"","",""
"2026/02/19","16269.","A","NY","SYR","SYRACUSE","US","28","SYR","LD","IM","OPERATIONAL IFR","1982/12/23",43,6,33.967,"N",43.10943527,76,5,18.4579,"W",-76.08846052,"T",334.8,"M","","",,"","",""
"2026/02/19","16503.","A","NC","VUJ","ALBEMARLE","US","22L","VUJ","LS","OM","OPERATIONAL IFR","1998/12/29",35,29,20.9753,"N",35.4891598,80,5,0.4452,"W",-80.083457,"T",603.2,"MR","VU","ALLER",346,"VU","NDB",""
"2026/02/19","16517.5","A","NC","AVL","ASHEVILLE","US","17","IMO","LD","OM","OPERATIONAL IFR","1978/01/26",35,31,58.0004,"N",35.53277788,82,35,14.8019,"W",-82.58744497,"T",2123.2,"MR","IM","KEANS",357,"IM","NDB",""
"2026/02/19","16608.","A","NC","CLT","CHARLOTTE","US","18R","RGS","LD","IM","OPERATIONAL IFR","2010/01/04",35,13,38.8138,"N",35.22744827,80,58,3.387,"W",-80.9676075,"T",738.9,"M","","",,"","",""
"2026/02/19","16608.","A","NC","CLT","CHARLOTTE","US","36C","DQG","LS","IM","OPERATIONAL IFR","1901/01/01",35,11,48.7282,"N",35.19686894,80,57,1.9581,"W",-80.95054391,"T",683.2,"M","","",,"","",""
"2026/02/19","16608.","A","NC","CLT","CHARLOTTE","US","36L","XUU","LD","IM","OPERATIONAL IFR","2010/01/04",35,11,54.4337,"N",35.1984538,80,57,54.4062,"W",-80.96511283,"T",738.8,"M","","",,"","",""
"2026/02/19","16758.","A","NC","GSO","GREENSBORO","US","05L","LLG","LD","IM","OPERATIONAL IFR","2010/01/08",36,5,51.4114,"N",36.09761427,79,57,40.1077,"W",-79.96114102,"T",904,"M","","",,"","",""
"2026/02/19","16758.","A","NC","GSO","GREENSBORO","US","23L","HIH","LS","IM","OPERATIONAL IFR","1998/02/02",36,6,42.6636,"N",36.111851,79,55,5.2632,"W",-79.91812866,"T",881.9,"M","","",,"","",""
"2026/02/19","16758.","A","NC","GSO","GREENSBORO","US","23L","HIH","LS","OM","OPERATIONAL IFR","1974/06/27",36,10,22.6269,"N",36.17295191,79,50,13.4186,"W",-79.83706072,"T",723.4,"M","HI","BRANT",,"","",""
"2026/02/19","16793.","A","NC","HKY","HICKORY","US","24","HKY","LS","OM","OPERATIONAL IFR","1978/02/09",35,47,11.7837,"N",35.78660658,81,18,20.3437,"W",-81.30565102,"T",976.2,"MR","HK","TAWBA",332,"HK","NDB",""
"2026/02/19","16815.1","A","NC","OAJ","JACKSONVILLE","US","05","OAJ","LD","OM","OPERATIONAL IFR","1976/02/19",34,45,1.8377,"N",34.75051047,77,42,15.9622,"W",-77.70443394,"T",75.9,"MR","OA","ELLAS",261,"OA","NDB",""
"2026/02/19","16836.","A","NC","ISO","KINSTON","US","05","ISO","LD","OM","SHUTDOWN","2025/12/15",35,14,38.1135,"N",35.24392041,77,41,53.5766,"W",-77.69821572,"T",43.3,"R","IS","STALS",276,"IS","NDB",""
"2026/02/19","16882.","A","NC","LBT","LUMBERTON","US","05","JBD","LS","MM","OPERATIONAL IFR","1997/07/17",34,36,0.2467,"N",34.60006852,79,4,20.7015,"W",-79.07241708,"T",124.1,"M","BD","",,"","",""
"2026/02/19","16882.","A","NC","LBT","LUMBERTON","US","05","JBD","LS","OM","OPERATIONAL IFR","1997/07/17",34,32,45.1173,"N",34.54586591,79,8,18.7685,"W",-79.1385468,"T",132.7,"MR","JB","JIGEL",384,"JB","NDB",""
"2026/02/19","16906.","A","NC","MEB","MAXTON","US","05","MEB","LS","OM","OPERATIONAL IFR","1989/04/06",34,43,59.3626,"N",34.73315627,79,26,37.5224,"W",-79.44375622,"T",197.8,"MR","ME","MAXTN",257,"ME","NDB",""
"2026/02/19","16971.","A","NC","EWN","NEW BERN","US","04","EWN","LS","OM","OPERATIONAL IFR","1980/08/21",35,1,17.7211,"N",35.02158919,77,4,46.1427,"W",-77.07948408,"T",37.3,"MR","EW","KATFI",362,"EW","NDB",""
"2026/02/19","17079.","A","NC","RUQ","SALISBURY","US","20","RUQ","LS","OM","OPERATIONAL IFR","1997/01/02",35,43,59.2413,"N",35.73312258,80,29,22.4354,"W",-80.48956538,"T",699.7,"MR","RU","ROVDY",275,"RU","NDB",""
"2026/02/19","17211.","A","NC","ILM","WILMINGTON","US","24","GMX","LS","OM","OPERATIONAL IFR","2007/03/23",34,20,14.0557,"N",34.33723769,77,48,42.4528,"W",-77.81179244,"T",28.7,"MR","GM","WILZE",205,"GM","NDB",""
"2026/02/19","17211.","A","NC","ILM","WILMINGTON","US","35","ILM","LS","OM","OPERATIONAL IFR","1901/01/01",34,11,28.8235,"N",34.19133986,77,51,58.6977,"W",-77.86630491,"T",9,"MR","IL","AIRLI",281,"IL","NDB",""
"2026/02/19","17265.","A","ND","BIS","BISMARCK","US","13","BZX","LS","OM","OPERATIONAL IFR","1982/09/30",46,51,11.4102,"N",46.8531695,100,51,13.7005,"W",-100.85380569,"T",1638.1,"M","BZ","HUSKE",,"","",""
"2026/02/19","17328.","A","ND","FAR","FARGO","US","18","AAM","LS","OM","OPERATIONAL IFR","1982/10/28",47,0,33.008,"N",47.00916888,96,48,54.6179,"W",-96.81517163,"Z",889.8,"MR","AA","KENIE",365,"AA","NDB",""
"2026/02/19","17349.1","A","ND","GFK","GRAND FORKS","US","35L","GFK","LD","OM","OPERATIONAL IFR","1972/08/18",47,50,47.0338,"N",47.84639827,97,10,53.469,"W",-97.18151916,"T",861.1,"MR","GF","HISER",345,"GF","NDB",""
"2026/02/19","17521.","A","OH","CAK","AKRON","US","01","CAK","LS","OM","OPERATIONAL IFR","1976/01/13",40,50,54.7486,"N",40.84854127,81,26,42.7567,"W",-81.44521019,"T",1116.6,"M","CA","CABLE",,"","",""
"2026/02/19","17521.","A","OH","CAK","AKRON","US","19","RGO","LS","OM","OPERATIONAL IFR","1982/06/10",40,59,48.3906,"N",40.99677516,81,26,13.6324,"W",-81.43712011,"T",1072,"M","RG","DERBY",,"","",""
"2026/02/19","17524.","A","OH","AKR","AKRON","US","25","AKR","LE","OM","OPERATIONAL IFR","1901/01/01",41,4,11.1244,"N",41.06975677,81,23,14.8983,"W",-81.38747175,"T",1149.5,"MR","AK","AKRON",362,"AK","NDB",""
"2026/02/19","17746.","A","OH","CLE","CLEVELAND","US","06L","LIZ","LD","IM","OPERATIONAL IFR","2004/06/29",41,23,53.9363,"N",41.39831563,81,52,33.3994,"W",-81.87594427,"T",761.5,"M","","",,"","",""
"2026/02/19","17746.","A","OH","CLE","CLEVELAND","US","24R","PVY","LD","IM","OPERATIONAL IFR","2004/06/29",41,25,3.7844,"N",41.41771788,81,50,47.3046,"W",-81.8464735,"T",777.9,"M","","",,"","",""
"2026/02/19","17785.2","A","OH","TZR","COLUMBUS","US","04","BUZ","LS","OM","OPERATIONAL IFR","1976/12/09",39,49,8.9134,"N",39.81914261,83,12,17.355,"W",-83.20482083,"T",923.8,"MR","BU","BOUTN",230,"BU","NDB",""
"2026/02/19","17786.","A","OH","LCK","COLUMBUS","US","05R","DDV","LD","IM","OPERATIONAL IFR","1998/12/29",39,47,57.4449,"N",39.79929025,82,56,39.4941,"W",-82.94430391,"T",734,"M","","",,"","",""
"2026/02/19","17786.","A","OH","LCK","COLUMBUS","US","05R","DDV","LD","OM","OPERATIONAL IFR","1994/04/28",39,44,34.614,"N",39.74294833,83,1,13.0759,"W",-83.02029886,"T",705.6,"MR","DD","COBBS",253,"DD","NDB",""
"2026/02/19","17786.","A","OH","LCK","COLUMBUS","US","23L","LCK","LS","OM","OPERATIONAL IFR","1994/04/28",39,52,51.7796,"N",39.88104988,82,50,9.7507,"W",-82.83604186,"T",764,"MR","LC","PICKL",376,"LC","NDB",""
"2026/02/19","17787.","A","OH","OSU","COLUMBUS","US","09R","OSU","LS","OM","OPERATIONAL IFR","1978/07/13",40,4,25.2348,"N",40.07367633,83,11,53.134,"W",-83.19809277,"T",941.6,"MR","OS","FULER",515,"OS","NDB",""
"2026/02/19","17818.","A","OH","DAY","DAYTON","US","06L","ATD","LS","IM","OPERATIONAL IFR","1901/01/01",39,53,37.0278,"N",39.89361883,84,14,55.7462,"W",-84.24881838,"T",994.8,"M","","",,"","",""
"2026/02/19","17818.","A","OH","DAY","DAYTON","US","06L","ATD","LS","OM","OPERATIONAL IFR","1970/01/29",39,50,49.2073,"N",39.84700202,84,20,5.3166,"W",-84.33481016,"T",953.1,"MR","AT","BRUNY",315,"AT","NDB",""
"2026/02/19","18106.1","A","OH","LPR","LORAIN/ELYRIA","US","07","LQG","LS","OM","OPERATIONAL IFR","1981/06/11",41,18,35.1099,"N",41.30975275,82,16,24.58,"W",-82.27349444,"K",825,"M","LQ","RAWLS",,"","",""
"2026/02/19","18157.","A","OH","MFD","MANSFIELD","US","32","MFD","LS","OM","OPERATIONAL IFR","1901/01/01",40,45,57.88,"N",40.76607777,82,26,41.9783,"W",-82.44499397,"T",1312.5,"MR","MF","MANNS",372,"MF","NDB",""
"2026/02/19","18199.","A","OH","MWO","MIDDLETOWN","US","23","MWO","LC","OM","OPERATIONAL IFR","1968/04/12",39,34,41.6875,"N",39.57824652,84,19,24.565,"W",-84.32349027,"T",684.3,"MR","MW","ONIDA",223,"MW","NDB",""
"2026/02/19","18577.","A","OH","TOL","TOLEDO","US","07","TOL","LS","OM","OPERATIONAL IFR","1901/01/01",41,33,12.4755,"N",41.55346541,83,55,15.9285,"W",-83.92109125,"T",676.2,"MR","TO","TOPHR",219,"TO","NDB",""
"2026/02/19","18717.","A","OH","ILN","WILMINGTON","US","04L","HWM","LS","OM","OPERATIONAL IFR","1991/04/04",39,21,12.3927,"N",39.35344241,83,52,32.8521,"W",-83.87579225,"T",995.5,"MR","HW","CUBLA",299,"HW","NDB",""
"2026/02/19","18717.","A","OH","ILN","WILMINGTON","US","22R","ILN","LS","IM","OPERATIONAL IFR","2017/06/12",39,26,41.0669,"N",39.4447408,83,47,3.5877,"W",-83.78432991,"T",1074.1,"M","","",,"","",""
"2026/02/19","18717.","A","OH","ILN","WILMINGTON","US","22R","ILN","LS","OM","OPERATIONAL IFR","1982/03/18",39,29,34.9174,"N",39.49303261,83,44,17.4521,"W",-83.73818113,"T",1050,"MR","IL","AIRBO",407,"IL","NDB",""
"2026/02/19","18753.","A","OH","YNG","YOUNGSTOWN/WARREN","US","14","MQK","LS","OM","OPERATIONAL IFR","1978/02/09",41,19,54.8056,"N",41.33189044,80,46,26.7016,"W",-80.77408377,"T",925.3,"M","MQ","MOSKI",,"","",""
"2026/02/19","18753.","A","OH","YNG","YOUNGSTOWN/WARREN","US","32","YNG","LS","OM","OPERATIONAL IFR","1901/01/01",41,12,1.9017,"N",41.20052825,80,35,46.0691,"W",-80.5961303,"T",1029.7,"MR","YN","FETCH",338,"YN","NDB",""
"2026/02/19","18795.","A","OK","ADM","ARDMORE","US","31","AIW","LS","OM","OPERATIONAL IFR","1982/05/13",34,13,56.4273,"N",34.23234091,96,55,59.2635,"W",-96.93312875,"T",709.5,"MR","AI","ADDMO",400,"AI","NDB",""
"2026/02/19","18877.","A","OK","CSM","BURNS FLAT","US","17R","BZF","LS","OM","SHUTDOWN","2025/06/26",35,27,2.379,"N",35.45066083,99,12,5.317,"W",-99.20147694,"K",1740,"MR","BZ","FOSSI",393,"BZ","NDB",""
"2026/02/19","18953.","A","OK","WDG","ENID","US","35","EIU","LS","OM","OPERATIONAL IFR","1979/06/14",36,16,30.019,"N",36.27500527,97,47,26.7485,"W",-97.79076347,"T",1104.1,"MR","EI","GARFY",341,"EI","NDB",""
"2026/02/19","19063.","A","OK","LAW","LAWTON","US","35","LAW","LS","OM","OPERATIONAL IFR","1974/09/26",34,29,39.182,"N",34.49421722,98,24,44.689,"W",-98.41241361,"P",1103,"M","LA","LAWTON",,"","",""
"2026/02/19","19122.","A","OK","OUN","NORMAN","US","03","PHY","LE","OM","OPERATIONAL IFR","1982/07/22",35,10,30.8739,"N",35.17524275,97,31,48.5278,"W",-97.53014661,"K",1190,"M","PH","SOONR",,"","",""
"2026/02/19","19136.","A","OK","OKC","OKLAHOMA CITY","US","35R","RGR","LD","IM","OPERATIONAL IFR","1901/01/01",35,22,31.4278,"N",35.37539661,97,35,20.1197,"W",-97.58892213,"T",1271.9,"M","","",,"","",""
"2026/02/19","19137.","A","OK","PWA","OKLAHOMA CITY","US","17L","PWA","LS","OM","OPERATIONAL IFR","1974/07/11",35,37,33.69,"N",35.626025,97,38,51.2,"W",-97.64755555,"K",1105,"M","PW","DIRGE",,"","",""
"2026/02/19","19143.","A","OK","OKM","OKMULGEE","US","18","OKM","LS","OM","SHUTDOWN","2022/02/25",35,45,18.9,"N",35.75525,95,56,55.53,"W",-95.94875833,"T",734.3,"MR","OK","PRESO",388,"OK","NDB",""
"2026/02/19","19166.","A","OK","PNC","PONCA CITY","US","17","PNC","LD","OM","OPERATIONAL IFR","1979/11/01",36,49,30.1235,"N",36.8250343,97,6,1.92,"W",-97.10053333,"Z",1041,"MR","PN","PONCA",515,"PN","NDB",""
"2026/02/19","19241.","A","OK","SWO","STILLWATER","US","17","SWO","LD","OM","OPERATIONAL IFR","1993/09/16",36,14,10.1514,"N",36.23615316,97,5,14.3281,"W",-97.08731336,"T",974,"MR","SW","GABEH",255,"SW","NDB",""
"2026/02/19","19283.","A","OK","TUL","TULSA","US","36R","TUL","LD","IM","OPERATIONAL IFR","1901/01/01",36,11,1.0235,"N",36.18361763,95,52,59.9844,"W",-95.883329,"T",633.6,"M","","",,"","",""
"2026/02/19","19283.","A","OK","TUL","TULSA","US","36R","TUL","LD","OM","OPERATIONAL IFR","1901/01/01",36,5,50.6124,"N",36.09739233,95,53,19.5635,"W",-95.88876763,"T",709.3,"MR","TU","OILLR",338,"TU","NDB",""
"2026/02/19","19434.","A","OR","EUG","EUGENE","US","16R","EUG","LD","IM","OPERATIONAL IFR","1998/12/29",44,8,16.817,"N",44.13800472,123,13,9.0654,"W",-123.21918483,"T",356,"M","","",,"","",""
"2026/02/19","19571.","A","OR","PDX","PORTLAND","US","10R","PDX","LD","IM","OPERATIONAL IFR","1982/07/08",45,35,46.7091,"N",45.59630808,122,37,28.0266,"W",-122.62445183,"K",17,"M","","",,"","",""
"2026/02/19","19685.","A","PA","AOO","ALTOONA","US","21","AOO","LS","OM","OPERATIONAL IFR","1976/04/01",40,23,59.5498,"N",40.39987494,78,16,52.0497,"W",-78.28112491,"Z",1200,"M","AO","ALTOO",,"","",""
"2026/02/19","19801.","A","PA","BVI","BEAVER FALLS","US","10","BVI","LC","OM","OPERATIONAL IFR","1980/09/04",40,46,35.5581,"N",40.77654391,80,31,22.6983,"W",-80.52297175,"T",935.8,"M","BV","NAMTH",,"","",""
"2026/02/19","19905.","A","PA","BFD","BRADFORD","US","32","BFD","LS","OM","OPERATIONAL IFR","1999/02/05",41,45,15.0678,"N",41.7541855,78,34,27.3915,"W",-78.57427541,"T",2185.7,"M","BF","BRAFO",,"","",""
"2026/02/19","20126.","A","PA","VVS","CONNELLSVILLE","US","05","VVS","LC","OM","OPERATIONAL IFR","2016/08/31",39,52,57.974,"N",39.88277055,79,44,40.962,"W",-79.74471166,"K",1020,"R","VV","CAMOR",299,"VV","NDB",""
"2026/02/19","20243.1","A","PA","DUJ","DUBOIS","US","25","DUJ","LS","OM","OPERATIONAL IFR","1970/05/04",41,13,11.7277,"N",41.21992436,78,48,7.4129,"W",-78.80205913,"T",1714.3,"M","DU","JIMUM",,"","",""
"2026/02/19","20503.","A","PA","MDT","HARRISBURG","US","13","MDT","LS","IM","OPERATIONAL IFR","2017/05/02",40,11,55.9076,"N",40.19886322,76,46,42.7545,"W",-76.77854291,"Z",306.3,"M","","",,"","",""
"2026/02/19","20503.","A","PA","MDT","HARRISBURG","US","13","MDT","LS","OM","OPERATIONAL IFR","1901/01/01",40,14,46.9829,"N",40.24638413,76,54,2.2978,"W",-76.90063827,"T",461.6,"MR","MD","ENOLA",204,"MD","NDB",""
"2026/02/19","20503.","A","PA","MDT","HARRISBURG","US","31","HQA","LS","OM","OPERATIONAL IFR","1982/08/05",40,8,49.4055,"N",40.14705708,76,38,29.9858,"W",-76.64166272,"T",558,"M","HQ","HINTO",,"","",""
"2026/02/19","20724.","A","PA","LBE","LATROBE","US","24","LBE","LS","OM","OPERATIONAL IFR","1968/09/15",40,19,38.1553,"N",40.32726536,79,20,6.1641,"W",-79.33504558,"T",1187.4,"M","LB","POSER",,"","",""
"2026/02/19","20893.","A","PA","GKJ","MEADVILLE","US","25","GKJ","LC","OM","OPERATIONAL IFR","1982/05/13",41,40,36.9833,"N",41.6769398,80,5,49.4132,"W",-80.09705922,"Z",1289,"M","GK","MEADI",,"","",""
"2026/02/19","21217.","A","PA","PHL","PHILADELPHIA","US","09R","PHL","LD","IM","OPERATIONAL IFR","1901/01/01",39,51,36.7356,"N",39.86020433,75,16,41.589,"W",-75.27821916,"T",7.2,"M","","",,"","",""
"2026/02/19","21252.","A","PA","PIT","PITTSBURGH","US","10L","LXB","LS","IM","OPERATIONAL IFR","1901/01/01",40,30,8.7927,"N",40.50244241,80,16,27.004,"W",-80.27416777,"T",1175.5,"M","","",,"","",""
"2026/02/19","21252.","A","PA","PIT","PITTSBURGH","US","10R","GUT","LS","IM","OPERATIONAL IFR","2007/01/23",40,29,12.5381,"N",40.48681613,80,15,18.8824,"W",-80.25524511,"T",1144.8,"M","","",,"","",""
"2026/02/19","22174.","A","SC","CHS","CHARLESTON","US","15","CHS","LS","OM","OPERATIONAL IFR","1966/01/07",32,58,35.02,"N",32.97639444,80,5,51.5683,"W",-80.09765786,"K",36,"MR","CH","ASHLY",329,"CH","NDB",""
"2026/02/19","22309.","A","SC","GMU","GREENVILLE","US","01","GMU","LS","OM","OPERATIONAL IFR","1901/01/01",34,46,48.5415,"N",34.78015041,82,20,59.212,"W",-82.34978111,"T",825.9,"MR","GM","JUDKY",521,"GM","NDB",""
"2026/02/19","22505.","A","SC","UZA","ROCK HILL","US","02","UZA","LD","OM","OPERATIONAL IFR","2000/02/03",34,53,23.9666,"N",34.88999072,81,4,51.0655,"W",-81.08085152,"K",522,"MR","UZ","RALLY",227,"UZ","NDB",""
"2026/02/19","22603.","A","SD","ABR","ABERDEEN","US","31","ABR","LD","OM","OPERATIONAL IFR","1972/10/31",45,23,9.6307,"N",45.38600852,98,19,42.0922,"W",-98.32835894,"T",1298.4,"MR","AB","RENEY",203,"AB","NDB",""
"2026/02/19","22631.","A","SD","BKX","BROOKINGS","US","12","BKX","LD","OM","OPERATIONAL IFR","2015/08/13",44,21,16.296,"N",44.35452666,96,56,48.535,"W",-96.94681527,"T",1664,"MR","BK","CHRLZ",335,"BK","NDB",""
"2026/02/19","22702.","A","SD","HON","HURON","US","12","HON","LD","OM","OPERATIONAL IFR","1901/01/01",44,26,38.001,"N",44.44388916,98,20,12.6118,"W",-98.33683661,"T",1314.7,"MR","HO","BEADY",302,"HO","NDB",""
"2026/02/19","22741.","A","SD","MHE","MITCHELL","US","31","LPA","LS","OM","OPERATIONAL IFR","1992/01/09",43,42,8.0308,"N",43.70223077,97,56,28.1431,"W",-97.94115086,"T",1323.5,"M","LP","LINDO",,"","",""
"2026/02/19","22789.","A","SD","FSD","SIOUX FALLS","US","03","FSD","LS","OM","OPERATIONAL IFR","1967/01/28",43,29,38.8176,"N",43.494116,96,49,43.7336,"W",-96.82881488,"T",1528.4,"MR","FS","ROKKY",245,"FS","NDB",""
"2026/02/19","22789.","A","SD","FSD","SIOUX FALLS","US","21","JOU","LS","OM","OPERATIONAL IFR","1979/09/06",43,39,33.3624,"N",43.65926733,96,40,13.5734,"W",-96.67043705,"T",1444.2,"M","JO","JOESY",,"","",""
"2026/02/19","22884.","A","TN","TRI","BRISTOL/JOHNSON/KINGSPORT","US","05","BON","LS","OM","OPERATIONAL IFR","1978/09/07",36,23,54.8594,"N",36.39857205,82,29,46.3188,"W",-82.49619966,"T",1562.1,"MR","BO","BOOIE",221,"BO","NDB",""
"2026/02/19","22884.","A","TN","TRI","BRISTOL/JOHNSON/KINGSPORT","US","23","TRI","LS","IM","OPERATIONAL IFR","2008/03/27",36,28,59.8813,"N",36.48330036,82,23,55.2845,"W",-82.39869013,"T",1479.4,"M","","",,"","",""
"2026/02/19","22884.","A","TN","TRI","BRISTOL/JOHNSON/KINGSPORT","US","23","TRI","LS","OM","OPERATIONAL IFR","1901/01/01",36,33,19.791,"N",36.5554975,82,19,4.2724,"W",-82.31785344,"T",1778.1,"MR","TR","MOCCA",299,"TR","NDB",""
"2026/02/19","22899.","A","TN","CHA","CHATTANOOGA","US","02","CGW","LS","OM","OPERATIONAL IFR","1975/04/17",34,56,54.8213,"N",34.94856147,85,14,3.71,"W",-85.23436388,"T",769.7,"M","CG","MORRT",,"","",""
"2026/02/19","22899.","A","TN","CHA","CHATTANOOGA","US","20","CHA","LS","OM","OPERATIONAL IFR","1901/01/01",35,6,29.4104,"N",35.10816955,85,10,34.5337,"W",-85.17625936,"T",777.7,"M","CH","HIXON",,"","",""
"2026/02/19","22905.","A","TN","CKV","CLARKSVILLE","US","35","CKV","LC","OM","OPERATIONAL IFR","1980/10/30",36,31,37.4523,"N",36.52707008,87,23,12.1948,"W",-87.38672077,"Z",501.2,"MR","CK","SNUFF",335,"CK","NDB",""
"2026/02/19","22935.","A","TN","CSV","CROSSVILLE","US","26","CSV","LS","OM","OPERATIONAL IFR","1973/01/18",35,58,41.4546,"N",35.97818183,84,58,32.3356,"W",-84.97564877,"T",,"M","CS","HYDER",,"","",""
"2026/02/19","23043.","A","TN","DKX","KNOXVILLE","US","26","DKX","LC","OM","OPERATIONAL IFR","2019/12/09",35,59,16.0502,"N",35.98779172,83,46,2.2653,"W",-83.76729591,"T",1102.4,"M","DK","RIZEN",,"","",""
"2026/02/19","23046.","A","TN","TYS","KNOXVILLE","US","05L","TYS","LS","OM","OPERATIONAL IFR","1901/01/01",35,44,31.9806,"N",35.74221683,84,4,52.321,"W",-84.08120027,"T",1126.4,"M","TY","BENFI",,"","",""
"2026/02/19","23046.","A","TN","TYS","KNOXVILLE","US","23R","BUI","LS","MM","OPERATIONAL IFR","1982/04/22",35,49,35.5837,"N",35.82655102,83,58,41.7107,"W",-83.97825297,"T",967.3,"M","UI","",,"","",""
"2026/02/19","23046.","A","TN","TYS","KNOXVILLE","US","23R","BUI","LS","OM","OPERATIONAL IFR","1974/10/17",35,52,18.4644,"N",35.87179566,83,55,28.6086,"W",-83.9246135,"T",849.8,"M","BU","BUZBY",,"","",""
"2026/02/19","23121.","A","TN","BNA","NASHVILLE","US","02L","BNA","LD","IM","OPERATIONAL IFR","1978/09/07",36,6,54.829,"N",36.11523027,86,41,14.7612,"W",-86.68743366,"K",594.5,"M","","",,"","",""
"2026/02/19","23121.","A","TN","BNA","NASHVILLE","US","02R","UQU","LD","IM","OPERATIONAL IFR","1901/01/01",36,6,37.6961,"N",36.11047113,86,40,6.7484,"W",-86.66854122,"T",569,"M","","",,"","",""
"2026/02/19","23235.","A","TN","UCY","UNION CITY","US","01","UCY","LS","OM","OPERATIONAL IFR","2001/04/17",36,17,51.6022,"N",36.29766727,88,59,41.487,"W",-88.9948575,"T",309.6,"MR","UC","OBION",212,"UC","NDB",""
"2026/02/19","23287.","A","TX","ABI","ABILENE","US","35R","ABI","LD","OM","OPERATIONAL IFR","2025/10/16",32,17,55.9891,"N",32.29888586,99,40,27.0798,"W",-99.67418883,"T",1895,"MR","AB","TOMHI",353,"AB","NDB",""
"2026/02/19","23328.","A","TX","AMA","AMARILLO","US","04","AMA","LS","OM","OPERATIONAL IFR","1901/01/01",35,8,47.2865,"N",35.14646847,101,48,19.9575,"W",-101.80554375,"K",3623.3,"MR","AM","PANDE",251,"AM","NDB",""
"2026/02/19","23369.","A","TX","AUS","AUSTIN","US","18L","VNK","LD","IM","OPERATIONAL IFR","1999/03/25",30,12,21.2257,"N",30.20589602,97,39,28.6078,"W",-97.65794661,"T",487.9,"M","","",,"","",""
"2026/02/19","23369.39","A","TX","HYI","AUSTIN","US","13","RUM","LS","OM","OPERATIONAL IFR","1983/02/17",29,57,31.7266,"N",29.95881294,97,56,56.2986,"W",-97.94897183,"T",819.9,"MR","RU","GARYS",272,"RU","NDB",""
"2026/02/19","23499.","A","TX","BRO","BROWNSVILLE","US","13","BRO","LD","OM","OPERATIONAL IFR","1968/11/15",25,59,0.965,"N",25.98360138,97,30,32.6631,"W",-97.50907308,"T",28.5,"MR","BR","DEPOO",393,"BR","NDB",""
"2026/02/19","23502.","A","TX","BWD","BROWNWOOD","US","17","BWD","LC","OM","OPERATIONAL IFR","1979/08/09",31,51,48.1048,"N",31.86336244,98,57,17.0319,"W",-98.95473108,"T",1556,"M","BW","OWNEY",,"","",""
"2026/02/19","23635.","A","TX","CLL","COLLEGE STATION","US","35","CLL","LD","OM","OPERATIONAL IFR","1972/09/28",30,29,37.4067,"N",30.49372408,96,20,15.6914,"W",-96.33769205,"T",232,"MR","CL","ROWDY",260,"CL","NDB",""
"2026/02/19","23710.6","A","TX","DFW","DALLAS-FORT WORTH","US","17C","FLQ","LD","IM","OPERATIONAL IFR","1983/11/17",32,55,4.09,"N",32.91780277,97,1,33.46,"W",-97.02596111,"F",562,"M","","",,"","",""
"2026/02/19","23710.6","A","TX","DFW","DALLAS-FORT WORTH","US","17L","PPZ","LD","IM","OPERATIONAL IFR","1996/08/15",32,54,5.3333,"N",32.90148147,97,0,35.2536,"W",-97.00979266,"T",521.7,"M","","",,"","",""
"2026/02/19","23710.6","A","TX","DFW","DALLAS-FORT WORTH","US","18R","VYN","LD","IM","OPERATIONAL IFR","1983/09/29",32,55,4.5483,"N",32.91793008,97,3,16.6916,"W",-97.05463655,"T",602.6,"M","","",,"","",""
"2026/02/19","23710.6","A","TX","DFW","DALLAS-FORT WORTH","US","35C","PKQ","LD","IM","OPERATIONAL IFR","2007/11/26",32,52,35.3015,"N",32.87647263,97,1,34.258,"W",-97.02618277,"T",562.5,"M","","",,"","",""
"2026/02/19","23710.6","A","TX","DFW","DALLAS-FORT WORTH","US","35R","AJQ","LD","IM","OPERATIONAL IFR","1996/08/15",32,52,22.6082,"N",32.87294672,97,0,35.7029,"W",-97.00991747,"T",581.2,"M","","",,"","",""
"2026/02/19","23745.","A","TX","DRT","DEL RIO","US","13","DRT","LD","OM","OPERATIONAL IFR","1979/11/04",29,26,33.7,"N",29.44269444,100,59,32.19,"W",-100.992275,"F",1149,"MR","DR","KOTTI",335,"DR","NDB",""
"2026/02/19","23750.","A","TX","DTO","DENTON","US","18L","DTO","LS","OM","OPERATIONAL IFR","1978/10/05",33,16,59.0712,"N",33.28307533,97,11,46.5194,"W",-97.19625538,"T",739.3,"MR","DT","PINCK",257,"DT","NDB",""
"2026/02/19","23887.","A","TX","FTW","FORT WORTH","US","16","FTW","LD","OM","OPERATIONAL IFR","1974/03/28",32,53,34.8538,"N",32.89301494,97,22,24.1826,"W",-97.37338405,"T",745.7,"MR","FT","MUFIN",365,"FT","NDB",""
"2026/02/19","23887.","A","TX","FTW","FORT WORTH","US","34","UXT","LD","OM","OPERATIONAL IFR","1997/11/06",32,44,30.7748,"N",32.74188188,97,20,50.1852,"W",-97.34727366,"T",554.3,"M","UX","COWTN",,"","",""
"2026/02/19","23895.11","A","TX","FWS","FORT WORTH","US","36L","JZW","LS","OM","OPERATIONAL IFR","1991/02/07",32,28,35.203,"N",32.47644527,97,18,38.054,"W",-97.31057055,"K",760,"M","JZ","MIKKL",,"","",""
"2026/02/19","23895.3","A","TX","AFW","FORT WORTH","US","16L","UPE","LD","IM","OPERATIONAL IFR","1997/08/14",33,0,29.8737,"N",33.00829825,97,19,19.6208,"W",-97.32211688,"T",722.4,"M","","",,"","",""
"2026/02/19","24071.","A","TX","HOU","HOUSTON","US","04","HUB","LD","IM","OPERATIONAL IFR","2005/05/31",29,38,14.8898,"N",29.63746938,95,17,13.6841,"W",-95.28713447,"T",43.8,"M","","",,"","",""
"2026/02/19","24071.1","A","TX","IAH","HOUSTON","US","08L","BZU","LD","IM","OPERATIONAL IFR","2003/08/29",30,0,25.764,"N",30.00715666,95,21,40.8592,"W",-95.36134977,"T",90.8,"M","","",,"","",""
"2026/02/19","24071.1","A","TX","IAH","HOUSTON","US","26L","JYV","LD","IM","OPERATIONAL IFR","1999/09/21",29,59,36.3841,"N",29.99344002,95,19,20.5992,"W",-95.32238866,"T",89.2,"M","","",,"","",""
"2026/02/19","24071.1","A","TX","IAH","HOUSTON","US","26R","OND","LD","IM","OPERATIONAL IFR","2003/08/29",30,0,25.8755,"N",30.00718763,95,19,40.4195,"W",-95.3278943,"T",94.4,"M","","",,"","",""
"2026/02/19","24071.1","A","TX","IAH","HOUSTON","US","27","GHI","LD","IM","OPERATIONAL IFR","1987/07/02",29,58,39.4166,"N",29.97761572,95,17,59.1664,"W",-95.29976844,"T",81.1,"M","","",,"","",""
"2026/02/19","24072.1","A","TX","CXO","HOUSTON","US","14","CXO","LD","OM","OPERATIONAL IFR","1989/11/16",30,25,55.2483,"N",30.43201341,95,28,34.4779,"W",-95.47624386,"T",370.6,"MR","CX","ALIBI",281,"CX","NDB",""
"2026/02/19","24163.","A","TX","ILE","KILLEEN","US","01","ILE","LC","OM","OPERATIONAL IFR","1979/08/09",31,1,26.6187,"N",31.02406075,97,42,29.1392,"W",-97.70809422,"T",853.1,"MR","IL","IRESH",278,"IL","NDB",""
"2026/02/19","24245.","A","TX","LBB","LUBBOCK","US","26","LDT","LS","OM","OPERATIONAL IFR","1981/07/23",33,39,45.69,"N",33.66269166,101,43,23.1873,"W",-101.72310758,"T",3197.9,"MR","LD","LUBBI",272,"LD","NDB",""
"2026/02/19","24249.","A","TX","LFK","LUFKIN","US","07","LFK","LS","OM","OPERATIONAL IFR","1980/11/13",31,13,7.846,"N",31.21884611,94,49,29.8943,"W",-94.82497063,"T",204.2,"MR","LF","FLUFY",350,"LF","NDB",""
"2026/02/19","24260.","A","TX","MFE","MC ALLEN","US","14","MFE","LD","OM","OPERATIONAL IFR","1972/08/24",26,15,13.8683,"N",26.2538523,98,18,37.3636,"W",-98.31037877,"T",159.9,"MR","MF","MISSI",330,"MF","NDB",""
"2026/02/19","24353.","A","TX","MAF","MIDLAND","US","10","MAF","LD","OM","OPERATIONAL IFR","1967/09/14",31,59,16.8418,"N",31.98801161,102,19,30.2054,"W",-102.32505705,"K",2955,"MR","MA","FARLY",326,"MA","NDB",""
"2026/02/19","24693.","A","TX","SJT","SAN ANGELO","US","03","SJT","LD","OM","OPERATIONAL IFR","1901/01/01",31,16,47.17,"N",31.27976944,100,34,34.084,"W",-100.57613444,"T",2128,"MR","SJ","WOOLE",356,"SJ","NDB",""
"2026/02/19","24780.","A","TX","GYI","SHERMAN/DENISON","US","18L","GYI","LS","OM","OPERATIONAL IFR","1980/01/01",33,49,35.3968,"N",33.82649911,96,40,8.0145,"W",-96.66889291,"F",642,"M","GY","RIBBY",,"","",""
"2026/02/19","24895.","A","TX","TPL","TEMPLE","US","16","TPL","LD","OM","OPERATIONAL IFR","1972/09/28",31,12,29.137,"N",31.20809361,97,25,48.532,"W",-97.43014777,"K",,"M","TP","AUGUR",,"","",""
"2026/02/19","25232.","A","UT","HIF","OGDEN","US","14","HIF","LS","MM","OPERATIONAL IFR","1901/01/01",41,8,57.798,"N",41.14938833,111,59,25.79,"W",-111.99049722,"A",4560,"M","IF","",,"","",""
"2026/02/19","25289.","A","UT","SLC","SALT LAKE CITY","US","16L","MOY","LD","IM","OPERATIONAL IFR","1998/12/29",40,48,35.7038,"N",40.80991772,111,58,38.0115,"W",-111.97722541,"K",4222.8,"M","","",,"","",""
"2026/02/19","25289.","A","UT","SLC","SALT LAKE CITY","US","34R","SLC","LD","IM","OPERATIONAL IFR","1974/09/30",40,46,20.3855,"N",40.7723293,111,58,22.2947,"W",-111.97285963,"K",4225.1,"M","","",,"","",""
"2026/02/19","25725.","A","VA","DAN","DANVILLE","US","02","DAN","LS","OM","OPERATIONAL IFR","1979/11/29",36,29,27.4496,"N",36.49095822,79,22,1.2295,"W",-79.36700819,"T",435.8,"M","DA","FABIC",,"","",""
"2026/02/19","25735.","A","VA","PSK","DUBLIN","US","06","PSK","LS","OM","OPERATIONAL IFR","1972/05/18",37,4,45.751,"N",37.07937527,80,46,15.8214,"W",-80.7710615,"T",2062.4,"M","PS","JESTA",,"","",""
"2026/02/19","25830.","A","VA","HSP","HOT SPRINGS","US","25","HSP","LS","OM","OPERATIONAL IFR","1993/01/04",37,59,11.5197,"N",37.98653325,79,45,32.4054,"W",-79.7590015,"T",2080,"M","HS","DURAN",,"","",""
"2026/02/19","25863.","A","VA","LYH","LYNCHBURG","US","04","LYH","LS","OM","OPERATIONAL IFR","1993/11/11",37,15,44.8875,"N",37.26246875,79,14,35.5525,"W",-79.24320902,"T",808.6,"MR","LY","BOJAR",385,"LY","NDB",""
"2026/02/19","25876.1","A","VA","MTV","MARTINSVILLE","US","31","UVM","LE","OM","OPERATIONAL IFR","1986/12/18",36,35,24.5513,"N",36.59015313,79,55,3.4867,"W",-79.91763519,"T",1087.3,"MR","UV","BALES",396,"UV","NDB",""
"2026/02/19","25986.","A","VA","ROA","ROANOKE","US","06","SZK","DD","OM","OPERATIONAL IFR","1977/10/06",37,17,14.4138,"N",37.28733716,80,4,16.1148,"W",-80.071143,"K",1025.6,"M","SZ","SKIRT",,"","",""
"2026/02/19","25986.","A","VA","ROA","ROANOKE","US","34","ROA","LS","OM","OPERATIONAL IFR","1901/01/01",37,15,25.1622,"N",37.2569895,79,55,30.7615,"W",-79.92521152,"T",916.7,"M","RO","KNOLL",,"","",""
"2026/02/19","26022.1","A","VA","SHD","STAUNTON/WAYNESBORO/HARRISONBURG","US","05","SHD","LS","OM","OPERATIONAL IFR","1970/12/15",38,12,6.2615,"N",38.2017393,78,57,26.5077,"W",-78.95736325,"T",1239.9,"MR","SH","STAUT",375,"SH","NDB",""
"2026/02/19","26099.","A","WA","AWO","ARLINGTON","US","34","AWO","LC","OM","OPERATIONAL IFR","1982/05/13",48,4,34.0319,"N",48.07611997,122,9,14.0819,"W",-122.15391163,"T",64.6,"MR","AW","WATON",382,"AW","NDB",""
"2026/02/19","26307.","A","WA","MWH","MOSES LAKE","US","32R","MWH","LS","MM","OPERATIONAL IFR","2017/06/23",47,10,59.181,"N",47.18310583,119,18,22.929,"W",-119.30636916,"K",1162,"M","WH","",,"","",""
"2026/02/19","26307.","A","WA","MWH","MOSES LAKE","US","32R","MWH","LS","OM","OPERATIONAL IFR","1901/01/01",47,6,55.4127,"N",47.11539241,119,16,29.5428,"W",-119.274873,"T",1137.1,"MR","MW","PELLY",408,"MW","NDB",""
"2026/02/19","26434.4","A","WA","TIW","TACOMA","US","17","TIW","LS","OM","OPERATIONAL IFR","1979/05/03",47,21,28.37,"N",47.35788055,122,33,44.35,"W",-122.56231944,"T",354.2,"M","TI","SCENN",,"","",""
"2026/02/19","26450.","A","WA","ALW","WALLA WALLA","US","20","ALW","LS","OM","OPERATIONAL IFR","1973/01/24",46,10,32.0441,"N",46.1755678,118,11,46.9097,"W",-118.1963638,"T",1443.1,"MR","AL","TRINA",353,"AL","NDB",""
"2026/02/19","26582.","A","WV","CKB","CLARKSBURG","US","21","CKB","LS","OM","OPERATIONAL IFR","1901/01/01",39,22,58.7267,"N",39.38297963,80,10,53.949,"W",-80.1816525,"T",1128.6,"M","CK","ARCAT",,"","",""
"2026/02/19","26713.","A","WV","LWB","LEWISBURG","US","04","LWB","LS","OM","OPERATIONAL IFR","1972/06/05",37,46,56.1107,"N",37.78225297,80,28,6.6293,"W",-80.46850813,"T",2162.9,"MR","LW","BUSHI",346,"LW","NDB",""
"2026/02/19","26768.","A","WV","MGW","MORGANTOWN","US","18","MGW","LS","OM","OPERATIONAL IFR","1972/02/04",39,43,38.2321,"N",39.72728669,79,55,55.68,"W",-79.93213333,"T",1102.8,"M","MG","DIXIN",,"","",""
"2026/02/19","26820.","A","WV","PKB","PARKERSBURG","US","03","PKB","LS","OM","OPERATIONAL IFR","2021/12/29",39,15,14.6594,"N",39.25407205,81,29,5.7977,"W",-81.4849438,"T",810.7,"MR","PK","VERSI",388,"PK","NDB",""
"2026/02/19","27013.1","A","WI","ATW","APPLETON","US","30","AQZ","LD","OM","OPERATIONAL IFR","1998/02/26",44,12,57.2181,"N",44.21589391,88,23,56.349,"W",-88.39898583,"T",753.2,"MR","AQ","KOOKY",407,"AQ","NDB",""
"2026/02/19","27234.","A","WI","GRB","GREEN BAY","US","06","GRB","LD","OM","OPERATIONAL IFR","1901/01/01",44,26,25.6678,"N",44.44046327,88,14,22.6678,"W",-88.23962994,"T",711.1,"MR","GR","FAMIS",356,"GR","NDB",""
"2026/02/19","27234.","A","WI","GRB","GREEN BAY","US","36","SGZ","LS","OM","OPERATIONAL IFR","1980/07/24",44,23,54.6913,"N",44.39852536,88,7,58.2885,"W",-88.13285791,"T",638.3,"MR","SG","DEPRE",332,"SG","NDB",""
"2026/02/19","27272.","A","WI","JVL","JANESVILLE","US","04","JVL","LS","OM","OPERATIONAL IFR","1975/03/13",42,32,27.6399,"N",42.54101108,89,8,3.1083,"W",-89.13419675,"T",791.1,"M","JV","WEAVE",,"","",""
"2026/02/19","27349.","A","WI","MTW","MANITOWOC","US","17","MTW","LS","OM","OPERATIONAL IFR","1986/05/08",44,11,58.7293,"N",44.19964702,87,42,8.1669,"W",-87.70226858,"T",673.1,"MR","MT","MAWOC",362,"MT","NDB",""
"2026/02/19","27388.","A","WI","MKE","MILWAUKEE","US","01L","MKE","LD","IM","OPERATIONAL IFR","1985/02/14",42,55,44.6539,"N",42.92907052,87,53,52.3948,"W",-87.89788744,"T",706,"M","","",,"","",""
"2026/02/19","27469.","A","WI","OSH","OSHKOSH","US","36","OSH","LS","OM","OPERATIONAL IFR","1973/10/04",43,52,25.6203,"N",43.87378341,88,33,27.5003,"W",-88.55763897,"T",850.7,"MR","OS","POBER",395,"OS","NDB",""
"2026/02/19","27524.","A","WI","RHI","RHINELANDER","US","09","RHI","LS","OM","OPERATIONAL IFR","1979/11/29",45,37,41.0728,"N",45.62807577,89,37,8.0807,"W",-89.6189113,"T",1559.7,"MR","RH","ARSHA",272,"RH","NDB",""
"2026/02/19","27527.1","A","WI","RPD","RICE LAKE","US","01","RPD","LS","OM","OPERATIONAL IFR","2005/05/12",45,19,4.5515,"N",45.31793097,91,48,9.229,"W",-91.80256361,"T",1216.2,"MR","RP","WICKR",221,"RP","NDB",""
"2026/02/19","27754.","A","WY","CPR","CASPER","US","03","SYD","LS","OM","OPERATIONAL IFR","1977/02/24",42,49,32.9131,"N",42.82580919,106,33,44.136,"W",-106.56226,"T",5371,"M","SY","SPIDE",,"","",""
"2026/02/19","50219.","A","AK","FAI","FAIRBANKS","US","02L","CNA","LD","IM","OPERATIONAL IFR","1976/05/14",64,48,7.6611,"N",64.80212808,147,53,12.5267,"W",-147.88681297,"T",429.8,"M","","",,"","",""
"2026/02/19","50385.","A","AK","JNU","JUNEAU","US","08","JDL","DD","OM","OPERATIONAL IFR","2017/10/30",58,21,33.5717,"N",58.35932547,134,41,58.0236,"W",-134.699451,"F",57.9,"M","JD","JUNEAU",,"","",""
"2026/02/19","52161.","A","HI","HNL","HONOLULU","US","08L","HNL","LD","OM","OPERATIONAL IFR","1960/06/01",21,19,28.9934,"N",21.32472038,158,2,56.1122,"W",-158.04892005,"T",43.5,"MR","HN","EWABE",242,"HN","NDB",""
"2026/02/19","53180.1","A","PR","SJU","SAN JUAN","US","08","SJU","LS","OM","OPERATIONAL IFR","1968/06/06",18,24,31.8227,"N",18.40883963,66,5,21.8301,"W",-66.08939725,"T",66.5,"MR","SJ","PATTY",330,"SJ","NDB",""
"2026/02/19","55030.","A","VI","STX","CHRISTIANSTED","US","10","STX","LS","OM","OPERATIONAL IFR","1973/02/22",17,41,31.1383,"N",17.69198286,64,53,4.7609,"W",-64.8846558,"T",36.9,"MR","ST","PESTE",241,"ST","NDB",""
