"EFF_DATE","SITE_NO","SITE_TYPE_CODE","STATE_CODE","ARPT_ID","CITY","COUNTRY_CODE","MIL_OPS_OPER_CODE","MIL_OPS_CALL","MIL_OPS_HRS","AMCP_HRS","PMSV_HRS","REMARK"
"2026/02/19","00124.","A","AL","79J","ANDALUSIA","US","R","","","","",""
"2026/02/19","00164.","A","AL","BHM","BIRMINGHAM","US","A","DIXIE","0700-1730 TUE-SUN","","",""
"2026/02/19","00329.","A","AL","OZR","FORT RUCKER","US","R","CAIRNS OPNS","24","","",""
"2026/02/19","00446.","A","AL","MXF","MONTGOMERY","US","A","MAXWELL DISPATCH","0600-2200 WKDAYS; 0800-2000 WKENDS","","","(PMSV_HRS) FULL SVC AVBL 1400-0400Z++ WKD; 1600-0000Z++ WKEND; CLSD FEDERAL HOL. AERODROME TAF COMPLETED BY 26 OWS; FOR UPDTD FCST CTC MXF WX DSN 493-2071, C334-953-2071. ASOS IN USE, AUGMENTED WHEN NECESSARY DUR AFLD OPR HR."
"2026/02/19","00492.5","A","AL","HUA","REDSTONE ARSNL HUNTSVILLE","US","R","REDSTONE","OPR 1300-0300Z++ MON-FRI EXC HOL, OT O/R.","","",""
"2026/02/19","00546.","A","AL","TOI","TROY","US","R","TROY OPS","0700-2200","","",""
"2026/02/19","00665.","A","AZ","P52","COTTONWOOD","US","","TIVE","","","",""
"2026/02/19","00682.","A","AZ","FHU","FORT HUACHUCA SIERRA VISTA","US","R","LIBBY ADVISORY","","","","(MIL_OPS_HRS) BASE OPS MON 0600Z-SAT 0600Z; EXC HOL. OTR TIME 72 HR PPR - D879-2862/2860/C520-538-2862/2860."
"2026/02/19","00692.25","A","AZ","LUF","GLENDALE","US","A","LUKE","OPR 1330Z-0530Z MON-THU, 1330Z-0130Z FRI, CLSD WKEND, HOL, AND AETC FAMILY DAYS.","","PART TIME",""
"2026/02/19","00753.","A","AZ","IWA","PHOENIX","US","","","","","PART-TIME",""
"2026/02/19","00754.","A","AZ","PHX","PHOENIX","US","A","GUARD OPERATIONS","","","","(MIL_OPS_HRS) OPS 1200-0100Z MON-THU; 1200-2200Z FRI, 48 HR PPR. CLSD WKEND, HOL. AMOPS D853-9162/C602-302-9162. 24 HR CP D853-9071. BIRDS INVOF; BASH PHASE I JAN-FEB & JUN-SEP MIG SEASON INCREASED BIRD ACTV. PHASE II HVY BIRD ACT. BWC UPON REQUEST. SEE AP1."
"2026/02/19","00816.","A","AZ","TUS","TUCSON","US","A","GUARD OPNS","0700-1545","","",""
"2026/02/19","00817.","A","AZ","DMA","TUCSON","US","","","BASE OPS OPR 1300-2200Z++ MON-FRI EXC HOL.","","",""
"2026/02/19","00841.","A","AZ","NYL","YUMA","US","N","YUMA COMMAND POST","1430-0600Z DLY, CLSD HOL, OT BY NOTAM.","0600-2300","PART-TIME","(PMSV_HRS) PMSV AVBL MON-FRI 1400-2330Z."
"2026/02/19","00912.6","A","AR","RBM","CAMP ROBINSON/LITTLE ROCK","US","R","NG OPS","24","","",""
"2026/02/19","00987.","A","AR","FSM","FORT SMITH","US","R","ATLAS","0800-1630","","",""
"2026/02/19","01028.21","A","AR","LRF","JACKSONVILLE","US","","","","24","CONTINUOUS",""
"2026/02/19","01370.05","H","CA","SYL","CAMP ROBERTS/SAN MIGUEL","US","R","ROBERTS OPNS","0800-1700 EXC HOL","","",""
"2026/02/19","01376.1","A","CA","CRQ","CARLSBAD","US","","","","","0600-1600 MON-FRI; EXCP HOLS; LTD SVC OTS.",""
"2026/02/19","01397.7","A","CA","NID","CHINA LAKE","US","","","","","OPR 1300-0700Z++ MON-FRI; CLSD ALTN FRI.",""
"2026/02/19","01526.8","A","CA","EDW","EDWARDS","US","A","EDWARDS","16","","FULL SVC MON-FRI 1300-0600Z++, SAT 1200-0200Z++, SUN 1600-0000Z++, CLSD HOL.","(PMSV_HRS) AFTER HR WX BRIEFINGS/UPDATES AVBL FR THE 25 OWS AT DSN 228-6958/6599/6588 OR C520-228-6958/6599/6588."
"2026/02/19","01565.1","A","CA","SUU","FAIRFIELD","US","A","TRAVIS OPNS","24","24","SEE TOWER REMARKS",""
"2026/02/19","01582.5","H","CA","HGT","FORT HUNTER LIGGET JOLON","US","R","HUNTER-33","AVBL 1600-0000Z++ MON-FRI EXC HOL. PPR DSN 686-2403/2503.","","",""
"2026/02/19","01584.7","A","CA","BYS","FORT IRWIN/BARSTOW","US","R","RANGE CONTROL","0600-1900","","",""
"2026/02/19","01591.","A","CA","FAT","FRESNO","US","R","SHARK","0730-1630 MON-FRI","","",""
"2026/02/19","01767.12","A","CA","NLC","LEMOORE","US","N","LEMOORE RASBERRY","","","AVBL MON-FRI 1500-0800Z++, SAT-SUN 1700-0200Z++.  ALSO AVBL ONE HR PRIOR AND DURG NOTAMED AFLD HRS.",""
"2026/02/19","01796.","A","CA","SLI","LOS ALAMITOS","US","","","AFLD OPS - 126.2, 237.2; FRI-SUN 1500-2400Z++; MON-THU 1500-0600Z++; CLSD ALL FEDERAL HOL.  ADVSY SVC AVBL UPON REQ TO TENANT UNITS.  EXP CLOSURE OR RDCD SVC PER NOTAM.","","",""
"2026/02/19","01818.","A","CA","LAX","LOS ANGELES","US","F","SAMSO FLT OPS","24","","",""
"2026/02/19","01873.3","A","CA","BAB","MARYSVILLE","US","","","","","PMSV MNT DUR ACTIVE AFLD HRS.",""
"2026/02/19","01972.","A","CA","NFG","OCEANSIDE","US","","","","","24 HRS",""
"2026/02/19","02057.","A","CA","NTD","OXNARD","US","N","MUGU OPERATIONS","0700-2300 CLSD HOL.","","",""
"2026/02/19","02115.","A","CA","RIV","RIVERSIDE","US","A","MARCH","","","","(PMSV_HRS) AUGMENTED AWOS IN USE. WX STATION H24, DSN 447-3602, C951-655-3602. FOR ADDN INFO OR DUR EVAC OF WX, CTC THE 25TH OWS AT DAVIS MONTHAN AFB, AZ DSN 228-6698, C520-228-6698. "
"2026/02/19","02177.","A","CA","NKX","SAN DIEGO","US","N","NAVY OPERATIONS","MON-THU 1530-0800Z; FRI 1630-0200Z++; SAT CLSD; SUN 2200-0200Z++; EXP FLD CLOSURE ON NATL HOL WKENDS.","","24",""
"2026/02/19","02178.","A","CA","NZY","SAN DIEGO","US","N","NORTH ISLAND OPNS","1430Z++ MON- 0600Z++ SAT; 1600Z++ SAT- 0600Z++ SUN; 1600Z++ SUN- 0600Z++ MON. CLSD 0200Z++ DAY PRIOR TO 1430Z++ DAY FOLLOWING ALL FEDERAL HOLIDAYS. SEE FLIP AP/1 SUPPLEMENTARY ARPT INFO.","","CONTINUOUS",""
"2026/02/19","02314.","A","CA","SCK","STOCKTON","US","R","SCHOONER","ARNG OPR 1500-2330Z++ MON-FRI. ","","",""
"2026/02/19","02380.01","A","CA","NXP","TWENTYNINE PALMS","US","N","BEARMAT RANGE CTL","INTERMITTENT","","",""
"2026/02/19","02517.41","A","CO","BKF","AURORA","US","R","NG OPS","24","24","",""
"2026/02/19","02543.","A","CO","COS","COLORADO SPRINGS","US","","","","","CONTINUOUS",""
"2026/02/19","02592.81","A","CO","CO90","ELLICOTT","US","A","BULLSEYE","PPR OFFICIAL BUSINESS ONLY DSN 333-2367 COM  719-333-2367.","","PPR OFFICIAL BUSINESS ONLY DSN 333-2367 COM  719-333-2367.",""
"2026/02/19","02602.2","A","CO","FCS","FORT CARSON","US","","","","","WX TECHNICIAN AVBL 24/7 EXC HOL.",""
"2026/02/19","02946.","A","CT","BDL","WINDSOR LOCKS","US","R","FURY OPERATIONS","MON WED FRI & SAT 0800-1630; TUE & THU 0800-2230.","","",""
"2026/02/19","02967.","A","DE","DOV","DOVER","US","","","","","CONTINUOUS",""
"2026/02/19","03121.","A","FL","COF","COCOA BEACH","US","","","","24","24",""
"2026/02/19","03121.12","A","FL","XMR","COCOA BEACH","US","","","OPR FOR SKED OPS ONLY. MON-FRI, CLSD SAT, SUN, AND HOL.  PPR","","24",""
"2026/02/19","03242.","A","FL","HST","HOMESTEAD","US","A","MAKO","0500-2300","24","24",""
"2026/02/19","03250.3","A","FL","VQQ","JACKSONVILLE","US","N","CECIL","SAME AS ARPT OPERG HRS","","CONTINUOUS",""
"2026/02/19","03253.","A","FL","NIP","JACKSONVILLE","US","","","24 HRS","","24 HRS",""
"2026/02/19","03264.","A","FL","NQX","KEY WEST","US","N","NAVY KEY WEST","0600-2200","","CONTINUOUS",""
"2026/02/19","03320.","A","FL","NRB","MAYPORT","US","N","NAVY MAYPORT","SAME AS ARPT OPERG HRS","","1000-0500Z++ MON-THURS; 1000-2300Z++ FRI. CLSD SAT,SUN AND FED HOL",""
"2026/02/19","03352.","A","FL","NDZ","MILTON","US","N","SOUTH WHITING","1300-0400Z++ MON-THUR; 1400-0400Z++ FRI; 2300-0300Z++ SUN; CLSD SAT & HOL.","","1145-0500Z++ MON-FRI; CLSD SAT, SUN & HOL.",""
"2026/02/19","03352.01","A","FL","NSE","MILTON","US","","","","","1245-0445Z++ MON-FRI, CLSD SAT, SUN & HOL.",""
"2026/02/19","03430.","A","FL","PAM","PANAMA CITY","US","A","TYNDALL","1200-2300Z++MON-FRI, CLSD WKEND, HOL. AND ACC DOWN DAYS.","","PART-TIME",""
"2026/02/19","03435.5","A","FL","NPA","PENSACOLA","US","N","SHERMAN OPS","0500-2300","","CONTINUOUS",""
"2026/02/19","03507.","A","FL","SUA","STUART","US","C","STUART","0730-1600 MON-FRI","","",""
"2026/02/19","03514.","A","FL","MCF","TAMPA","US","A","MAC DILL","24","24","CONTINUOUS",""
"2026/02/19","03531.3","A","FL","TTS","TITUSVILLE","US","","","","","24",""
"2026/02/19","03534.","A","FL","VPS","VALPARAISO/DESTIN-FT WALTON BEACH","US","","","","","FULL SVC 0600Z++ MON - 0600Z++ SAT, CLSD WKEND/HOL, OT SVC UNAVBL.",""
"2026/02/19","03535.03","A","FL","EGI","CRESTVIEW","US","","","","","PMSV METRO:  SUN 0500Z++ TO FRI 0500Z++. SVC LCTD AT KVPS.",""
"2026/02/19","03650.","A","GA","AGS","AUGUSTA","US","R","ARMY OPNS","0700-1600","","",""
"2026/02/19","03800.8","A","GA","LHW","FORT STEWART (HINESVILLE)","US","R","HUNTER","BASE OPS 1230-0400Z++, M-F.","","FULL SVC 1230Z++-0400Z++; EXC HOL 252 025.",""
"2026/02/19","03991.","A","GA","SVN","SAVANNAH","US","R","HUNTER","24 HRS","","PART-TIME","(PMSV_HRS) PMSV METRO:  FULL SVC 0300-0400Z++ SUN-FRI, EXC HOL. WX SVC AVBL 24/5 INCL HOL."
"2026/02/19","04072.","A","GA","VAD","VALDOSTA","US","","","","24","",""
"2026/02/19","04109.","A","GA","WDR","WINDER","US","R","WINDER","0730-1600 MON-FRI EXCEPT HOLIDAYS","","",""
"2026/02/19","04149.","A","ID","BOI","BOISE","US","R","NG OPS","0800-1630 MON-FRI; 1830-2230 TUE & THU EXC HOL.","","","(MIL_OPS_HRS) ARNG OPS & ARMY R/W - D422-3976."
"2026/02/19","04268.","A","ID","MUO","MOUNTAIN HOME","US","A","RAYMOND 27","24","24","PART-TIME",""
"2026/02/19","04413.","A","IL","BLV","BELLEVILLE","US","","","","24","FULL TIME",""
"2026/02/19","04938.","A","IL","PIA","PEORIA","US","","","1230-2100Z++MON-FRI","","",""
"2026/02/19","05282.","A","IN","FWA","FORT WAYNE","US","A","MACE","0815-1645 MON-FRI","","",""
"2026/02/19","05575.","A","IN","GUS","PERU","US","A","GRISSOM DISPATCH","OPR 1200-0400Z++ 26 AUG-11 APR; 1200-0400Z++ FRI-MON, 1200-0500Z++ TUE-THU 12 APR-25 AUG.""  OPR 1200-0400Z++ 26 AUG-11 APR; 1200-0400Z++ FRI-MON, 1200-0500Z++ TUE-THU 12 APR-25 AUG.""  ","","",""
"2026/02/19","05865.","A","IA","BNW","BOONE","US","R","BOONE NATIONAL GUARD","0800-1630 EXCEPT HOLIDAYS","","",""
"2026/02/19","06402.","A","IA","ALO","WATERLOO","US","R","SABER","0800-1630 MON-FRI","","",""
"2026/02/19","06595.","A","KS","FLV","FORT LEAVENWORTH","US","R","SHERMAN OPNS","0730-1630 MON-FRI","","",""
"2026/02/19","06878.","A","KS","SLN","SALINA","US","R","GUARDS","0730-1615 TUE-FRI; OCNLY SAT EXCEPT HOL","","",""
"2026/02/19","06932.","A","KS","FOE","TOPEKA","US","A","FORBES DISPATCH","0730-1615 TUE-FRI; OCNLY SAT EXCEPT HOL","","",""
"2026/02/19","06979.","A","KS","IAB","WICHITA","US","A","MCCONNELL BASE OPERATIONS","24","24","PART-TIME",""
"2026/02/19","07138.6","A","KY","HOP","FORT CAMPBELL/HOPKINSVILLE","US","R","CAMPBELL","24","0730-1630","PART-TIME",""
"2026/02/19","07139.","A","KY","FTK","FORT KNOX","US","R","GODMAN","24","","CONTINUOUS",""
"2026/02/19","07520.","A","LA","POE","FORT POLK","US","R","POLK","","","CONTINUOUS",""
"2026/02/19","07589.","A","LA","LFT","LAFAYETTE","US","R","CAJUN","0730-1600 WKDAYS EXCLDG HOLS.","","",""
"2026/02/19","07673.","A","LA","NBG","NEW ORLEANS","US","N","CRAWFISH BASE","BASE OPS OPR 1300-2100Z++ MON-FRI, CLSD SAT-SUN","","1100-0500Z++ MON-SAT, 1400-2300Z++ SAT,SUN",""
"2026/02/19","07825.","A","ME","BGR","BANGOR","US","R","ARMY GUARD","0730-1600 MON-FRI","","",""
"2026/02/19","08170.1","H","ME","ME59","NORTH WHITEFIELD","US","","QQ","","","",""
"2026/02/19","08441.3","A","MD","APG","ABERDEEN PROVING GROUNDS (ABERDEEN)","US","R","PHILLIPS","SAME AS ARPT OPNS HRS","","",""
"2026/02/19","08452.","A","MD","MTN","BALTIMORE","US","A","175TH/135TH OPERATIONS","0900-2100 TUE-SUN","","",""
"2026/02/19","08484.","A","MD","ADW","CAMP SPRINGS","US","A","ANDREWS","24","24","WX 24",""
"2026/02/19","08530.","H","MD","EDG","EDGEWOOD ARSENAL","US","R","WEIDE OPERATIONS","0800-1630 MON-FRI OT PRIOR REQ","","",""
"2026/02/19","08614.","A","MD","NHK","PATUXENT RIVER","US","","","","","CONTINUOUS",""
"2026/02/19","08906.","A","MA","FMH","FALMOUTH","US","C","OTIS","0600-0000","","",""
"2026/02/19","09304.02","A","MA","CEF","SPRINGFIELD/CHICOPEE","US","A","WESTOVER","0800-2300 MON-FRI; 0900-1700 SAT; 1300-2100 SUN; CLSD HOL","","REMARKS: FULL SVC 1100-0400Z++ MON-FRI; 1100-2200Z++ SAT; 1500-0200Z++ SUN; CLSD HOL; DSN 589-2879, OT CTC 15TH OWS DSN 576-9755.","(AMCP_HRS) COMMAND POST/439 AW NAME CASINO ROYALE.; (PMSV_HRS) NGT OBSTN LTD DUE TO HI INTST SCTY LGTS. AFLD WX IS MNT BY AN/FMQ-19. AUTOMATED OBS ARE QLTY CTLD FOR ACCURACY DURG ATC FLYING HRS."
"2026/02/19","09398.","A","MA","BAF","WESTFIELD/SPRINGFIELD","US","R","HAWK CONTROL","0800-1630 TUES-SAT EXC HOL","","",""
"2026/02/19","09501.","A","MI","ADG","ADRIAN","US","C","COAST GUARD AIR OPNS","SAME AS ARPT","","",""
"2026/02/19","10115.","A","MI","MTC","MOUNT CLEMENS","US","A","SELFRIDGE","1230-0400Z++ DAILY; CLSD HOLS","1300-0500Z++","LTD SVC AVBL 1200-0400Z++ CLSD HOL.",""
"2026/02/19","10193.","A","MI","OSC","OSCODA","US","","","","","CONTINUOUS",""
"2026/02/19","10614.8","A","MN","RYM","CAMP RIPLEY","US","R","MILLER TOWER","0800-1630 JAN-MAR; 0800-1900 MAY AUG","","",""
"2026/02/19","10974.","A","MN","STP","ST PAUL","US","R","GUARD OPERATIONS","0800-1630 MON-FRI","","",""
"2026/02/19","11147.","A","MS","BIX","BILOXI","US","A","KEESLER DISPATCH","MON-FRI 1400-0500Z++, CLSD HOLS.","24","FULL SVC AVBL H24 MON 0600Z++ THRU SAT 0500Z++, CLSD WKENDS & HOLS EXC FOR UNIT TRNG ASSEMBLY WKENDS SAT 1600-2300Z++, SUN 1300-0500Z++.","(MIL_OPS_HRS) WKEND HRS: UNIT TRNG ASSEMBLY (UTA) NORMALLY FIRST WKEND OF MONTH, SAT 1700-2300Z++, SUN 1630-0500Z++.; (PMSV_HRS) REMOTE BRIEFING SVC AVBL FM 26TH OWS BARKSDALE AFB, LA, DSN 331-2651, C318-529-2651. AUTO FMQ-19 IN USE H24. AUGMENTED/BACKED UP FMQ-19 IN USE WHEN REQ DURG OPR HRS & FOR RESOURCE PROTECTION."
"2026/02/19","11195.","A","MS","CBM","COLUMBUS","US","A","COLUMBUS OPS","SAME AS TWR OPERG HRS","","PART TIME",""
"2026/02/19","11253.","A","MS","GPT","GULFPORT","US","F","GULFPORT","0600-2300","","",""
"2026/02/19","11282.","A","MS","HKS","JACKSON","US","R","HAWKINS FLD","0700-1630","","","(MIL_OPS_CALL) DSN 293-2117, C601-313-2117."
"2026/02/19","11339.1","A","MS","NMM","MERIDIAN","US","N","MC CAIN","SAME AS ARPT HRS","","MON-THU 1100-0500Z++, FRI 1100-2300Z++",""
"2026/02/19","11339.2","A","MS","NJW","MERIDIAN","US","N","BRAVO TOWER","AS NEEDED","0730-2400 MON-FRI","",""
"2026/02/19","11808.","A","MO","JEF","JEFFERSON CITY","US","R","BYE WORD","0800-1700 MON-FRI","","",""
"2026/02/19","11844.","A","MO","SZL","KNOB NOSTER","US","A","WHITEMAN BASE OPNS","OPR 24 HR FM MON 1300Z++ THRU FRI 0500Z++; SAT-SUN 1400-2300Z++; CLSD HOL.  SEE NOTAMS FOR MOST UP TO DATE OPR HR.","24","PART-TIME",""
"2026/02/19","12381.","A","MT","GTF","GREAT FALLS","US","R","NOVEMBER LIMA","24","","",""
"2026/02/19","12382.","H","MT","GFA","GREAT FALLS","US","","","OPR 1300-0800++ MON-FRI; LTD SVC WKEND AND HOL.","","","(PMSV_HRS) WX CTC DSN 632-2710. FULL SVC AVBL MON-FRI H24. HO ON WKEND AND HOL CTC DSN 228-7338."
"2026/02/19","12853.1","A","NE","OFF","OMAHA","US","A","PLAINSMAN","24","","CONTINUOUS",""
"2026/02/19","13081.","A","NV","LSV","LAS VEGAS","US","A","RAYMOND 22","24","24","24","(PMSV_HRS) PMSV METRO: FULL SVC AVBL DURG WX OPS HRS; PMSV UNREL 085-155 DEG BYD 35 NM AT OR BLW FL 200, 315-005 DEG BYD 40 NM AT OR BLW FL 200, 230-290 DEG BYD 55 NM AT OR BLW FL 200."
"2026/02/19","13123.","A","NV","RNO","RENO","US","A","ARROW","0800-1630","","",""
"2026/02/19","13124.","A","NV","RTS","RENO","US","R","ROCKY","0700-1800 MON-THU EXCEPT HOLIDAYS","","",""
"2026/02/19","13887.","A","NJ","NEL","LAKEHURST","US","N","LAKEHURST","0700-2300","","",""
"2026/02/19","14366.","A","NJ","TTN","TRENTON","US","R","TRENTON","0730-1600 EXCEPT HOLIDAYS","","",""
"2026/02/19","14484.","A","NJ","WRI","WRIGHTSTOWN","US","R","MCGUIRE ARMY OPERATIONS","CTC 15 MIN PRIOR TO LDG","24","WX SVC AVBL 24 HRS.",""
"2026/02/19","14525.","A","NM","HMN","ALAMOGORDO","US","","","","","PART-TIME",""
"2026/02/19","14532.","A","NM","ABQ","ALBUQUERQUE","US","A","TACO","0600-2200 MON-FRI; 0800-1700 SAT-SUN","24","24",""
"2026/02/19","14728.","A","NM","SAF","SANTA FE","US","R","GUARD OPERATIONS","0800-1630","","",""
"2026/02/19","14739.1","A","NM","95E","SOCORRO","US","R","CHEROKEE","SAME AS ARPT","","",""
"2026/02/19","15752.","A","NY","SWF","NEW YORK","US","R","STEWART ARMY","0630-2230","","",""
"2026/02/19","15783.","A","NY","ISP","NEW YORK","US","R","ISLIP OPERATIONS","0730-1600 MON-SAT;0730-2300 TUE & THU","","",""
"2026/02/19","16118.","A","NY","SCH","SCHENECTADY","US","A","SCHENECTADY COMMAND POST","0730-1600","0730-1600","",""
"2026/02/19","16585.","A","NC","HFF","CAMP MACKALL","US","R","RANGE RDO","SUNRISE-SUNSET MON-FRI","","PMSV METRO-OPR 0500-0600Z++MON-SAT, CLOSD HOL, OT BY NOTAM",""
"2026/02/19","16619.","A","NC","NKT","CHERRY POINT","US","N","CHERRY POINT","SAME AS ATCT","","CONTINUOUS",""
"2026/02/19","16723.03","A","NC","POB","FAYETTEVILLE","US","","","","","PART TIME",""
"2026/02/19","16729.1","A","NC","FBG","FORT BRAGG","US","","","","","OPR 0500-0600Z++ MON-SAT, CLSD HOL, OT BY NOTAM",""
"2026/02/19","16815.","A","NC","NCA","JACKSONVILLE","US","N","NEW RIVER OPS","SEE RMRKS","","244.775 1100-2200Z++ DLY (OT BROADCASTS ASOS INFO).","(MIL_OPS_HRS) OPERATIONS HOURS 0700-SS MON-FRI, 0700-1200 SAT, 1600-2000 SUN."
"2026/02/19","17147.5","A","NC","NJM","SWANSBORO","US","N","BOGUE","","","PART-TIME",""
"2026/02/19","17349.13","A","ND","RDR","GRAND FORKS","US","A","","24","","CONTINUOUS",""
"2026/02/19","17417.5","A","ND","MIB","MINOT","US","A","MINOT DISPATCH","SAME AS ATCT HRS","24","CONTINUOUS",""
"2026/02/19","17786.","A","OH","LCK","COLUMBUS","US","A","RICK DISPATCH","24","","",""
"2026/02/19","17827.","A","OH","FFO","DAYTON","US","A","PATTERSON","24","","FULL WX SVC AVBL H24 UNLESS SPECIFIED IN NOTAM.",""
"2026/02/19","18157.","A","OH","MFD","MANSFIELD","US","A","AERO-COMMAND POST","0630-2230","0630-2230","",""
"2026/02/19","18577.","A","OH","TOL","TOLEDO","US","","","AIRFIELD OPS DUTY HRS 1145-2130Z++ MON-THU, OCNL WKENDS, EXCLDG HOLS.","","",""
"2026/02/19","18753.","A","OH","YNG","YOUNGSTOWN/WARREN","US","A","TRULL","0800-0000","","",""
"2026/02/19","18780.","A","OK","LTS","ALTUS","US","A","ALTUS CONSOLIDATED COMMAN*","BASE OPS OPR  1245-0830Z++ WKD, CLSD WKEND AND FEDERAL HOL.","24","OPR H24 FM 0600Z++ MON THRU 0800Z++ SAT OR END OF FLYING FRI.",""
"2026/02/19","18954.","A","OK","END","ENID","US","","","","","CONTINUOUS",""
"2026/02/19","18970.","A","OK","FSI","FORT SILL","US","R","","1330-2230Z++ MON-FRI, DSN 639-6160/5808, WX DSN 639-4000.","","SVC AVBL 1200-0600Z++ MON-FRI, EXC HOL.",""
"2026/02/19","19135.","A","OK","TIK","OKLAHOMA CITY","US","A","TINKER OPERATIONS","24","24","CONTINUOUS",""
"2026/02/19","19571.","A","OR","PDX","PORTLAND","US","A","VICTOR HOTEL","24","","",""
"2026/02/19","19595.","A","OR","SLE","SALEM","US","R","NG-OPNS","0700-1530 MON-FRI; EXCEPT HOL","","",""
"2026/02/19","20413.","H","PA","MUI","FORT INDIANTOWN GAP (ANNVILLE)","US","R","MUIR","MUIR OPS 1200-0600Z++ MON-FRI MAY-AUG EXC WKEND AND HOL; 1200-0500Z++ MON-FRI SEP-APR EXC WKEND AND HOL.","","",""
"2026/02/19","21233.","A","PA","PSB","PHILIPSBURG","US","R","GUARD OPS","0700-1630 MON-FRI","","",""
"2026/02/19","21252.","A","PA","PIT","PITTSBURGH","US","A","GREATER PITTSBURGH","NML DUTY HRS TUE-SAT","0730-1600","",""
"2026/02/19","21990.","A","RI","OQU","NORTH KINGSTOWN","US","R","FIERCE ALPINE","0800-1630","","",""
"2026/02/19","22124.","A","SC","NBC","BEAUFORT","US","N","BEAUFORT","SAME AS ATCT","","1200-0400Z++ MON-THU; 1200-2400Z++ FRI; 2000-2200Z++ SUN, CLSD SAT AND HOL, OT BY NOTAM.",""
"2026/02/19","22174.","A","SC","CHS","CHARLESTON","US","A","CHARLESTON","24","24","",""
"2026/02/19","22444.","A","SC","MYR","MYRTLE BEACH","US","A","MYRTLE BEACH BASE OPS","0700-2300","24","PART-TIME",""
"2026/02/19","22538.","A","SC","SSC","SUMTER","US","A","SHAW OPS","24","","PART-TIME.  FORCASTER AVBL 1000-1800Z++MON-FRI, CLSD HOL.  DSN 965-2362, C803-895- 2362.  OPS HRS MAY VAR WITH LCL FLYING SKED.",""
"2026/02/19","22774.","A","SD","RCA","RAPID CITY","US","A","DISPATCH","CLSD","","CONTINUOUS",""
"2026/02/19","22776.","A","SD","RAP","RAPID CITY","US","R","GD OPNS","1400-0030Z TUE-FRI EXCP HOL","","",""
"2026/02/19","23233.04","A","TN","AYX","TULLAHOMA","US","A","ARNOLD OPS","0800-1600 MON-FRI, EXCP HOLS","","",""
"2026/02/19","23286.","A","TX","DYS","ABILENE","US","","","","24","CONTINUOUS","(PMSV_HRS) ALTN PMSV: SHEPPARD AFB 339.65."
"2026/02/19","23369.","A","TX","AUS","AUSTIN","US","","","","","PART-TIME",""
"2026/02/19","23660.","A","TX","NGP","CORPUS CHRISTI","US","N","NAVY OPERATIONS","1300-0500Z++ MON-THU; 1300-0300Z++ FRI; CLSD SAT; 0100-0500Z++ SUN; IF MON HOL, CLSD SUN, 0100-0500Z++ MON; OT CK NOTAM.","","1000-0500Z++ MON-THU; 1000-0100Z++ FRI; CLSD SAT, SUN AND HOL.",""
"2026/02/19","23744.","A","TX","DLF","DEL RIO","US","A","OPERATIONS","SAME AS ATCT","24","WX HS ",""
"2026/02/19","23876.","A","TX","BIF","FORT BLISS/EL PASO/","US","R","BIGGS OPERATIONS","SAME AS ARPT OPERG HRS","","",""
"2026/02/19","23882.2","A","TX","GRK","FORT HOOD (KILLEEN)","US","","","","","WX OBSN FULLY AUTOMATED WITH MANUAL AUGMENTATION AVBL 24/7.",""
"2026/02/19","23882.21","H","TX","HLR","FORT HOOD (KILLEEN)","US","R","","","","CONTINUOUS",""
"2026/02/19","23895.","A","TX","NFW","FORT WORTH","US","N","LOCKHEED","1300-2400Z++ MON-FRI","24","",""
"2026/02/19","24062.","A","TX","HDO","HONDO","US","A","RIDGE CONTROL","0930-1730","","",""
"2026/02/19","24067.3","A","TX","EFD","HOUSTON","US","A","GUARD OPERATIONS","24","","",""
"2026/02/19","24166.","A","TX","NQI","KINGSVILLE","US","N","KINGSVILLE","1345-0600Z++ MON-THU; 1345-2345Z++ FRI; CLSD SAT, SUN & HOL EXC BY NOTAM. ","","1345-0600Z++ MON-THU; 1345-2345Z++ FRI; CLSD SAT, SUN & HOL EXC BY NOTAM. ALSO AVABL 1 HR PR TO & DUR  NOTAM AFLD HRS.",""
"2026/02/19","24446.","A","TX","NOG","ORANGE GROVE","US","N","NAVY ORANGE GROVE","0800-1800 MON-THU","","",""
"2026/02/19","24704.","A","TX","SKF","SAN ANTONIO","US","","","","","CONTINUOUS",""
"2026/02/19","24949.","A","TX","RND","UNIVERSAL CITY","US","","","","24","","(PMSV_HRS) WX OPR H24 MON-THU, 0500-0300Z++ FRI, 0300-0500Z++ SUN AT DSN 487-3040, C210-652-3040. AN/FMQ-19 ASOS IN USE, AUGMENTED BY HUMAN OBSERVER AS NEC DUR AFLD OP HR. BACKUP WX OBSN VIEW LTD, RSTD FR S-NW BY FLIGHTLINE FAC AND TREES. CTC 26 OWS DSN 331-2651/2633/2635/2636, C318-529-2651/2633/2635/2636 DUR WX FLT CLOSURE OR EVAC. WHEN POSSIBLE, PROVIDE 2 HR PN FOR ALL RQR BRIEFS."
"2026/02/19","25029.","A","TX","SPS","WICHITA FALLS","US","","","","","CONTINUOUS","(PMSV_HRS) WINDS ISSUED BY TWR ARE OFFL WINDS FM CTR RWY."
"2026/02/19","25232.","A","UT","HIF","OGDEN","US","A","HILL OPNS","OPR H24 OPR 1500-0700Z++ MON-SAT; 1600-0000Z++ SAT-SUN.","24","PART-TIME",""
"2026/02/19","25289.","A","UT","SLC","SALT LAKE CITY","US","","","1430-2230Z++ MON-THU. CLSD FRI-SUN AND HOL.","","","(MIL_OPS_OPER_CODE) ANG."
"2026/02/19","25647.","A","VA","BKT","BLACKSTONE","US","R","OPERATIONS","SEE RMRKS","","",""
"2026/02/19","25775.01","A","VA","DAA","FORT BELVOIR","US","","","","","PART TIME",""
"2026/02/19","25775.3","A","VA","FAF","FORT EUSTIS","US","R","FELKER","SAME AS ARPT HRS","","PART TIME",""
"2026/02/19","25815.","A","VA","LFI","HAMPTON","US","","","","","CONTINUOUS",""
"2026/02/19","25903.","A","VA","NGU","NORFOLK","US","N","CHAMBERS","24","24","CONTINUOUS",""
"2026/02/19","25959.","A","VA","NYG","QUANTICO","US","N","QUANTICO","SAME AS ARPT OPERG HRS","","CONTINUOUS",""
"2026/02/19","26043.11","A","VA","NTU","VIRGINIA BEACH","US","N","OCEAN BASE OPNS","4","","PMSV 387.4-BASE OPS 284.9 (0700-1200Z++ NOT AVAL) ATCOM 6723.",""
"2026/02/19","26216.","A","WA","GRF","FORT LEWIS/TACOMA","US","","","","","WX OPS H24 MON-FRI, CLSD WKENDS & HOLS. ADNL OPRG RMK WILL BE RPRTD VIA NOTAM.","(PMSV_HRS) WX FLT DSN 357-7061/4363, C253-967-7061/4363. AN/FMQ-19 AUTOMATED OBS SYS IN USE, AUGMENTED BY HUMAN OBS WHEN NEC. DURG WX FLT CLOSURES REMOTE BRIEFING AVBL FM 25TH OWS DSN 228-6598/6599/6588, C520-228-6598/6599/6588."
"2026/02/19","26323.","A","WA","NUW","OAK HARBOR","US","","","","","CONTINUOUS",""
"2026/02/19","26358.","A","WA","NOW","PORT ANGELES","US","C","PORT ANGELES AIR","24","","",""
"2026/02/19","26419.","A","WA","SKA","SPOKANE","US","A","WASHINGTON ANG","24","","24",""
"2026/02/19","26432.","A","WA","TCM","TACOMA","US","A","MCCHORD OPERATIONS CENTER","24","24","",""
"2026/02/19","27346.","A","WI","MSN","MADISON","US","A","RELAY","0730-1600","","",""
"2026/02/19","27388.","A","WI","MKE","MILWAUKEE","US","A","UPSET CONTROL","0800-1630 TUE-SAT","","",""
"2026/02/19","27578.1","A","WI","CMY","SPARTA","US","R","MCCOY OPERATIONS","0630-1530 MON-FRI","","",""
"2026/02/19","27682.","A","WI","ETB","WEST BEND","US","R","ARMY OPERATIONS","1330-2200Z MON-FRI EXC HOL.","","",""
"2026/02/19","27759.","A","WY","CYS","CHEYENNE","US","","","","24","",""
"2026/02/19","50036.","A","AK","EDF","ANCHORAGE","US","A","ELMENDORF ACC CENTER","24","24","CONTINUOUS",""
"2026/02/19","50036.5","A","AK","FRN","FORT RICHARDSON (ANCHORAGE)","US","","","","","24 HRS",""
"2026/02/19","50146.","A","AK","BIG","DELTA JUNCTION FT GREELY","US","R","ALLEN","24","","",""
"2026/02/19","50216.","A","AK","FBK","FAIRBANKS/FT WAINWRIGHT","US","R","WAINWRIGHT OPERATIONS","1700-0800Z++ MON-FRI EXC HOLS; OTR TIMES BY NOTAM; OTR TIMES CLASS G.","","",""
"2026/02/19","50217.","A","AK","EIL","FAIRBANKS","US","","","","","CONTINUOUS",""
"2026/02/19","50416.","A","AK","AKN","KING SALMON","US","A","KING SALMON","0730-1630 MON-FRI","0730-1630 MON-FRI","",""
"2026/02/19","50425.","A","AK","ADQ","KODIAK","US","C","KODIAK AIR","24","","",""
"2026/02/19","50711.","A","AK","SLQ","SLEETMUTE","US","","TOW","","","",""
"2026/02/19","51510.2","A","GU","UAM","YIGO","US","","","","AMC COMD POST H24","CONTINUOUS",""
"2026/02/19","51516.2","A","","KWA","KWAJALEIN","MH","R","BUCHOLZ","24","","",""
"2026/02/19","52161.","A","HI","HNL","HONOLULU","US","A","HICKAM","24","24","CONTINUOUS","(MIL_OPS_CALL) COMMUNICATIONS-: 15 AW COMD POST - 292.5 REMARKS: CALLSIGN (SHAKA OPS).   AIRMOBILITY CTL CENTER - 125.3 349.4 REMARKS: CALLSIGN (SHAKA OPS). "
"2026/02/19","52550.1","A","HI","BSF","CAMP POHAKULOA","US","","","","","PART TIME",""
"2026/02/19","52587.","A","HI","HHI","WAHIAWA","US","R","PINEAPPLE","M-F 1730Z-0900Z","","H24","(PMSV_HRS) 125.1, DSN 315-456-1016/1017, C808-656-1016/1017.  ALT CTC 17 OWS, DSN 315-449-8333/7950, C808-449-8333/7950.  ALT METRO - 346.6 HICKAM."
"2026/02/19","53004.","A","PR","BQN","AGUADILLA","US","C","BORINQUEN OPNS","OPERATES WHEN UNIT ACFT ARE FLYING","","",""
