"EFF_DATE","FACILITY_ID","FACILITY_TYPE","STATE_CODE","COUNTRY_CODE","RADAR_TYPE","RADAR_NO","RADAR_HRS","REMARK"
"2026/02/19","ABE","AIRPORT","PA","US","ASR",1,"24",""
"2026/02/19","ABI","AIRPORT","TX","US","ASR",1,"24",""
"2026/02/19","ABQ","AIRPORT","NM","US","ASR",1,"24",""
"2026/02/19","ACK","AIRPORT","MA","US","ASR",1,"0600-2100",""
"2026/02/19","ACT","AIRPORT","TX","US","ASR",1,"0600-0000",""
"2026/02/19","ACY","AIRPORT","NJ","US","ASR",1,"24",""
"2026/02/19","ADW","AIRPORT","MD","US","ASR",1,"24",""
"2026/02/19","AGS","AIRPORT","GA","US","ASR",1,"0645-2300",""
"2026/02/19","ALB","AIRPORT","NY","US","ASR",1,"24",""
"2026/02/19","AMA","AIRPORT","TX","US","ASR",1,"0600-0000",""
"2026/02/19","ANC","AIRPORT","AK","US","ASR",1,"24",""
"2026/02/19","APN","AIRPORT","MI","US","ASR",1,"0800-1600 WKDAYS; EXCP HOLS",""
"2026/02/19","ASE","AIRPORT","CO","US","BCN",1,"0700-2000",""
"2026/02/19","ATL","AIRPORT","GA","US","ASR",1,"24",""
"2026/02/19","AUS","AIRPORT","TX","US","ASR",1,"24",""
"2026/02/19","AVL","AIRPORT","NC","US","ASR",1,"0630-2300",""
"2026/02/19","AVP","AIRPORT","PA","US","ASR",2,"24",""
"2026/02/19","AZO","AIRPORT","MI","US","ASR",1,"0600-2300",""
"2026/02/19","BAB","AIRPORT","CA","US","ASR",2,"24",""
"2026/02/19","BAB","AIRPORT","CA","US","PAR",3,"1800-2200Z++TUE-THUR.","(RADAR_TYPE) RADAR - PAR - NO NOTAM MP: 1500-1730Z++ MON-FRI."
"2026/02/19","BAD","AIRPORT","LA","US","ASR",1,"24",""
"2026/02/19","BAD","AIRPORT","LA","US","PAR",2,"0700-2300","(RADAR_TYPE) SEE TERMINAL FLIP FOR RADAR MINIMA."
"2026/02/19","BDL","AIRPORT","CT","US","ASR",1,"24",""
"2026/02/19","BFL","AIRPORT","CA","US","ASR",2,"0600-2300",""
"2026/02/19","BGM","AIRPORT","NY","US","ASR",1,"24",""
"2026/02/19","BGR","AIRPORT","ME","US","ASR",2,"24",""
"2026/02/19","BHM","AIRPORT","AL","US","ASR",1,"24",""
"2026/02/19","BIL","AIRPORT","MT","US","ASR",2,"24",""
"2026/02/19","BIS","AIRPORT","ND","US","ASR",1,"0600-2400",""
"2026/02/19","BLV","AIRPORT","IL","US","ASR",1,"24 HRS",""
"2026/02/19","BNA","AIRPORT","TN","US","ASR",1,"24",""
"2026/02/19","BOI","AIRPORT","ID","US","ASR",2,"24",""
"2026/02/19","BOS","AIRPORT","MA","US","ASR",1,"24",""
"2026/02/19","BPT","AIRPORT","TX","US","ASR",1,"0600-2200",""
"2026/02/19","BTR","AIRPORT","LA","US","ASR",1,"0500-0000",""
"2026/02/19","BTV","AIRPORT","VT","US","ASR",1,"24",""
"2026/02/19","BUF","AIRPORT","NY","US","ASR",1,"24",""
"2026/02/19","BUR","AIRPORT","CA","US","ASR",1,"24",""
"2026/02/19","BWI","AIRPORT","MD","US","ASR",1,"24",""
"2026/02/19","C90","TRACON","IL","US","ASR",1,"24",""
"2026/02/19","C90","TRACON","IL","US","ASR",2,"24",""
"2026/02/19","C90","TRACON","IL","US","ASR",3,"24",""
"2026/02/19","C90","TRACON","IL","US","ASR",4,"24",""
"2026/02/19","CAE","AIRPORT","SC","US","ASR",1,"24",""
"2026/02/19","CAK","AIRPORT","OH","US","ASR",1,"24",""
"2026/02/19","CBM","AIRPORT","MS","US","ASR",2,"ASR APCH SVC AVBL FOR EMERGENCY AND OT CONTIGENT UPON MANPOWER AND EQUIPMENT AVAILABILITY. SECONDARY ASR IS MSSR.","(RADAR_TYPE) MONOPULSE SECONDARY SURVEILLANCE RADAR (ASR/MSSR) SYSTEM."
"2026/02/19","CEF","AIRPORT","MA","US","ASR",1,"0700-2300",""
"2026/02/19","CHA","AIRPORT","TN","US","ASR",1,"0600-2350",""
"2026/02/19","CHO","AIRPORT","VA","US","ASR",1,"24",""
"2026/02/19","CHS","AIRPORT","SC","US","ASR",1,"24",""
"2026/02/19","CID","AIRPORT","IA","US","ASR",1,"0500-2330",""
"2026/02/19","CKB","AIRPORT","WV","US","ASR",1,"0700-2300",""
"2026/02/19","CLE","AIRPORT","OH","US","ASR",1,"24",""
"2026/02/19","CLT","AIRPORT","NC","US","ASR",1,"24",""
"2026/02/19","CMH","AIRPORT","OH","US","ASR",1,"24",""
"2026/02/19","CMI","AIRPORT","IL","US","ASR",1,"0800-2000","(RADAR_TYPE) PRACTICE."
"2026/02/19","COF","AIRPORT","FL","US","ASR",1,"0700-2300 MON-FRI; 0900-2300 SAT & SUN",""
"2026/02/19","COS","AIRPORT","CO","US","ASR",1,"24",""
"2026/02/19","COU","AIRPORT","MO","US","ASR",1,"24",""
"2026/02/19","CPR","AIRPORT","WY","US","ASR",1,"0500-2100",""
"2026/02/19","CRP","AIRPORT","TX","US","ASR",2,"24",""
"2026/02/19","CRW","AIRPORT","WV","US","ASR",1,"24",""
"2026/02/19","CSG","AIRPORT","GA","US","ASR",1,"APCH/DEP CONTROL AT TRACON A80.",""
"2026/02/19","CVG","AIRPORT","KY","US","ASR",1,"24",""
"2026/02/19","CVS","AIRPORT","NM","US","ASR",1,"SAME AS ATCT HRS","(RADAR_TYPE) DASR NO-NOTAM MP MON-FRI 0900-1330Z++."
"2026/02/19","CYS","AIRPORT","WY","US","ASR",1,"ASR 0800-1300 MON-THU, EXC FED HOLS.",""
"2026/02/19","CYS","AIRPORT","WY","US","PAR",2,"PAR 0800-1300 MON-THU, EXC FED HOLS.",""
"2026/02/19","D10","TRACON","TX","US","ASR",1,"24","(RADAR_TYPE) ASR-9 SERVES AS ADDNL ASR FOR DALLAS/FORT WORTH INTL AND ALSO SERVES DALLAS LOVE FIELD."
"2026/02/19","D10","TRACON","TX","US","ASR",2,"24",""
"2026/02/19","DAA","AIRPORT","VA","US","ASR",1,"0700-1900 WKDAY; EXCP HOL. 2 HR PPR OTR TIMES.",""
"2026/02/19","DAA","AIRPORT","VA","US","PAR",2,"0700-1900 WKDAY; EXCP HOL. 2 HR PPR OTR TIMES.",""
"2026/02/19","DAB","AIRPORT","FL","US","ASR",1,"24",""
"2026/02/19","DAY","AIRPORT","OH","US","ASR",1,"24",""
"2026/02/19","DCA","AIRPORT","DC","US","ASR",1,"24",""
"2026/02/19","DEN","AIRPORT","CO","US","ASR",1,"24",""
"2026/02/19","DFW","AIRPORT","TX","US","ASR",2,"24","(RADAR_TYPE) ASR-9 SERVES AS ADDNL ASR FOR DALLAS/FORT WORTH INTL AND ALSO SERVES DALLAS LOVE FIELD."
"2026/02/19","DLF","AIRPORT","TX","US","ASR",1,"24","(RADAR_TYPE) DASR NO-NOTAM MP: 0600-1200Z MON-FRI."
"2026/02/19","DLH","AIRPORT","MN","US","ASR",1,"24",""
"2026/02/19","DMA","AIRPORT","AZ","US","ASR",1,"24",""
"2026/02/19","DMA","AIRPORT","AZ","US","PAR",2,"24",""
"2026/02/19","DOV","AIRPORT","DE","US","ASR",1,"24","(RADAR_TYPE) NO-NOTAM MP:  0500-1100Z++MON-FRI (1000/3+1)."
"2026/02/19","DPA","AIRPORT","IL","US","ASR",1,"24",""
"2026/02/19","DSM","AIRPORT","IA","US","ASR",1,"24",""
"2026/02/19","DTW","AIRPORT","MI","US","ASR",1,"24",""
"2026/02/19","DYS","AIRPORT","TX","US","ASR",1,"24",""
"2026/02/19","EDF","AIRPORT","AK","US","ASR",1,"24",""
"2026/02/19","EDF","AIRPORT","AK","US","PAR",2,"24",""
"2026/02/19","EDW","AIRPORT","CA","US","ASR",2,"24",""
"2026/02/19","ELM","AIRPORT","NY","US","ASR",1,"24",""
"2026/02/19","ELP","AIRPORT","TX","US","ASR",1,"24",""
"2026/02/19","END","AIRPORT","OK","US","ASR",1,"0700-1900 MON-FRI; 1300-1700 SUN. EXCEPT HOLS.","(RADAR_TYPE) MP 1000-1230Z++ MON-FRI, 1400-2200Z++ SAT, 1400-1800Z++ SUN."
"2026/02/19","ERI","AIRPORT","PA","US","ASR",1,"0600-0000",""
"2026/02/19","EUG","AIRPORT","OR","US","ASR",1,"0600-2330",""
"2026/02/19","EVV","AIRPORT","IN","US","ASR",1,"0600-2300",""
"2026/02/19","EWR","AIRPORT","NJ","US","ASR",1,"24",""
"2026/02/19","FAI","AIRPORT","AK","US","ASR",1,"24",""
"2026/02/19","FAR","AIRPORT","ND","US","ASR",2,"24",""
"2026/02/19","FAT","AIRPORT","CA","US","ASR",2,"24",""
"2026/02/19","FAY","AIRPORT","NC","US","ASR",1,"0600-2400",""
"2026/02/19","FBG","AIRPORT","NC","US","ASR",1,"1300-0500Z++ MON-SAT, CLSD HOL, OT BY NOTAM.",""
"2026/02/19","FBK","AIRPORT","AK","US","ASR",1,"0700-1500.",""
"2026/02/19","FBK","AIRPORT","AK","US","PAR",2,"0700-1500.",""
"2026/02/19","FFO","AIRPORT","OH","US","ASR",1,"24",""
"2026/02/19","FL34","AIRPORT","FL","US","ASR",2,"24",""
"2026/02/19","FLL","AIRPORT","FL","US","ASR",1,"24",""
"2026/02/19","FMH","AIRPORT","MA","US","ASR",1,"24",""
"2026/02/19","FNT","AIRPORT","MI","US","ASR",1,"0545-2330",""
"2026/02/19","FRI","AIRPORT","KS","US","ASR",1,"OPR 1400- 0700Z++ MON-FRI ; 1400-2200Z++FRI EXC HOL.",""
"2026/02/19","FRI","AIRPORT","KS","US","PAR",2,"OPR 1400- 0700Z++ MON-FRI ; 1400-2200Z++FRI EXC HOL.",""
"2026/02/19","FSD","AIRPORT","SD","US","ASR",2,"0500-2300",""
"2026/02/19","FSI","AIRPORT","OK","US","ASR",1,"24",""
"2026/02/19","FSM","AIRPORT","AR","US","ASR",1,"24",""
"2026/02/19","FWA","AIRPORT","IN","US","ASR",1,"24",""
"2026/02/19","FYV","AIRPORT","AR","US","ASR",1,"0600-2200",""
"2026/02/19","GEG","AIRPORT","WA","US","ASR",1,"24",""
"2026/02/19","GGG","AIRPORT","TX","US","ASR",1,"0600-2200",""
"2026/02/19","GPT","AIRPORT","MS","US","ASR",1,"0600-2300",""
"2026/02/19","GRB","AIRPORT","WI","US","ASR",1,"0530-1130",""
"2026/02/19","GRF","AIRPORT","WA","US","ASR",1,"0600-2200",""
"2026/02/19","GRK","AIRPORT","TX","US","ASR",2,"24",""
"2026/02/19","GRK","AIRPORT","TX","US","PAR",3,"24",""
"2026/02/19","GRR","AIRPORT","MI","US","ASR",1,"0530-0000",""
"2026/02/19","GSB","AIRPORT","NC","US","ASR",1,"1200-0400Z++.  DIGITAL ASR NO-NOTAM MP 0500-1030Z++ MON-FRI.",""
"2026/02/19","GSO","AIRPORT","NC","US","ASR",1,"24",""
"2026/02/19","GSP","AIRPORT","SC","US","ASR",2,"0600-2345",""
"2026/02/19","GTB","AIRPORT","NY","US","PAR",1,"24",""
"2026/02/19","GTB","AIRPORT","NY","US","ASR",2,"24",""
"2026/02/19","GTF","AIRPORT","MT","US","ASR",1,"24",""
"2026/02/19","GUM","AIRPORT","GU","US","ASR",1,"UNK",""
"2026/02/19","GUS","AIRPORT","IN","US","ASR",2,"NO-NOTAM MP 1200-1400Z++ MON.  ASR APCH SVC 1200-0400Z++ DLY.",""
"2026/02/19","GVT","AIRPORT","TX","US","ASR",1,"0730-1600",""
"2026/02/19","GXY","AIRPORT","CO","US","ASR",1,"24",""
"2026/02/19","HEY","AIRPORT","AL","US","PAR",1,"OPR 1130-0545Z++ OR TIL MISSION CMPLT, MON-FRI EXC HOL, OT CTC CAIRNS TWR.",""
"2026/02/19","HMN","AIRPORT","NM","US","ASR",1,"0800-2200",""
"2026/02/19","HNL","AIRPORT","HI","US","ASR",1,"24",""
"2026/02/19","HOP","AIRPORT","KY","US","PAR",2,"PAR UNAVBL 0400-1400Z++.",""
"2026/02/19","HOP","AIRPORT","KY","US","ASR",3,"0600-2200.  ILS RADAR SEE TERMINAL FLIP FOR RADAR MINIMA.",""
"2026/02/19","HOU","AIRPORT","TX","US","ASR",1,"24",""
"2026/02/19","HPN","AIRPORT","NY","US","ASR",1,"0600-2300",""
"2026/02/19","HRL","AIRPORT","TX","US","ASR",1,"0600-0000",""
"2026/02/19","HST","AIRPORT","FL","US","ASR",1,"0700-2300","(RADAR_HRS) NO-NOTAM MP: 1000-1400Z++ WED (1500/3+1)."
"2026/02/19","HSV","AIRPORT","AL","US","ASR",1,"0600-0000",""
"2026/02/19","HTS","AIRPORT","WV","US","ASR",1,"24",""
"2026/02/19","HUA","AIRPORT","AL","US","PAR",1,"0600-1900 MON-FRI EXCP HOLS; OTR TIMES PPR.",""
"2026/02/19","HUF","AIRPORT","IN","US","ASR",1,"24",""
"2026/02/19","I90","TRACON","TX","US","ASR",1,"24",""
"2026/02/19","I90","TRACON","TX","US","ASR",2,"24",""
"2026/02/19","I90","TRACON","TX","US","ASR",3,"24",""
"2026/02/19","I90","TRACON","TX","US","ASR",4,"24",""
"2026/02/19","IAD","AIRPORT","DC","US","ASR",1,"24",""
"2026/02/19","IAH","AIRPORT","TX","US","ASR",1,"24",""
"2026/02/19","ICT","AIRPORT","KS","US","ASR",1,"24",""
"2026/02/19","ILM","AIRPORT","NC","US","ASR",1,"24",""
"2026/02/19","ILN","AIRPORT","OH","US","ASR",1,"24",""
"2026/02/19","IND","AIRPORT","IN","US","ASR",1,"24",""
"2026/02/19","ISP","AIRPORT","NY","US","ASR",1,"0600-0000",""
"2026/02/19","ITO","AIRPORT","HI","US","ASR",1,"0600-2200",""
"2026/02/19","IWA","AIRPORT","AZ","US","ASR",1,"0600-2200",""
"2026/02/19","JAN","AIRPORT","MS","US","ASR",1,"0600-2300",""
"2026/02/19","JAX","AIRPORT","FL","US","ASR",1,"24",""
"2026/02/19","JFK","AIRPORT","NY","US","ASR",1,"24",""
"2026/02/19","JRF","AIRPORT","HI","US","ASR",1,"1000-1800.","(RADAR_TYPE) GCA OTS INDEFLY."
"2026/02/19","JRF","AIRPORT","HI","US","PAR",2,"1000-1800.","(RADAR_TYPE) GCA OTS INDEFLY."
"2026/02/19","KWA","AIRPORT","","MH","BCN",1,"MON 1200-2000, TUE-SAT 0545-2130",""
"2026/02/19","LAN","AIRPORT","MI","US","ASR",1,"24",""
"2026/02/19","LAS","AIRPORT","NV","US","ASR",1,"24",""
"2026/02/19","LAX","AIRPORT","CA","US","ASR",2,"24",""
"2026/02/19","LCH","AIRPORT","LA","US","ASR",1,"0600-2200",""
"2026/02/19","LEX","AIRPORT","KY","US","ASR",1,"24",""
"2026/02/19","LFI","AIRPORT","VA","US","ASR",1,"24",""
"2026/02/19","LFT","AIRPORT","LA","US","ASR",1,"0530-2230",""
"2026/02/19","LGB","AIRPORT","CA","US","ASR",1,"24",""
"2026/02/19","LIH","AIRPORT","HI","US","ASR",1,"24",""
"2026/02/19","LIT","AIRPORT","AR","US","ASR",1,"24",""
"2026/02/19","LMT","AIRPORT","OR","US","ASR",1,"24",""
"2026/02/19","LNK","AIRPORT","NE","US","ASR",1,"0530-0000",""
"2026/02/19","LRF","AIRPORT","AR","US","ASR",1,"1400-2200Z++ MON-FRI, CLSD WKENDS & HOLS.",""
"2026/02/19","LSV","AIRPORT","NV","US","ASR",1,"24","(RADAR_TYPE) ILS/RADAR: TOLICHA PEAK RADAR - NO-NOTAM MP: ASR FIRST FULL WEEK OF EVERY MONTH.  "
"2026/02/19","LSV","AIRPORT","NV","US","ASR",3,"NELLIS ASR NO-NOTAM MP 0700-1100Z++ MON-FRI.","(RADAR_TYPE) ILS/RADAR: TOLICHA PEAK RADAR - NO-NOTAM MP: ASR FIRST FULL WEEK OF EVERY MONTH.  "
"2026/02/19","LTS","AIRPORT","OK","US","ASR",1,"ASR OPRS 0730-0130 MON-FRI EXCP HOL.",""
"2026/02/19","LTS","AIRPORT","OK","US","PAR",2,"PAR OPRS 1000-0000 MON-FRI EXCP HOL.",""
"2026/02/19","LUF","AIRPORT","AZ","US","ASR",1,"OPR MON-THU 1330Z-0530Z, FRI 1330Z-0130Z, CLSD WEEKENDS, HOL, AND AETC FAMILY DAYS.  NO NOTAM MP: ASR (DIGITAL) 0600-1330Z WEEKDAY.",""
"2026/02/19","LUF","AIRPORT","AZ","US","PAR",2,"OPR MON-THU 1330Z-0530Z, FRI 1330Z-0130Z, CLSD WEEKENDS, HOL, AND AETC FAMILY DAYS.",""
"2026/02/19","LYH","AIRPORT","VA","US","ASR",1,"24",""
"2026/02/19","MAF","AIRPORT","TX","US","ASR",1,"0600-0000",""
"2026/02/19","MBS","AIRPORT","MI","US","ASR",1,"0600-2300",""
"2026/02/19","MCC","AIRPORT","CA","US","ASR",1,"24",""
"2026/02/19","MCI","AIRPORT","MO","US","ASR",1,"24",""
"2026/02/19","MCO","AIRPORT","FL","US","ASR",1,"24",""
"2026/02/19","MDT","AIRPORT","PA","US","ASR",1,"24",""
"2026/02/19","MEI","AIRPORT","MS","US","ASR",1,"0900-1700 MON-FRI EXCP HOLS.",""
"2026/02/19","MEI","AIRPORT","MS","US","PAR",2,"0900-1700 MON-FRI EXCP HOLS.",""
"2026/02/19","MEM","AIRPORT","TN","US","ASR",1,"24",""
"2026/02/19","MFD","AIRPORT","OH","US","ASR",1,"0600-2300",""
"2026/02/19","MFR","AIRPORT","OR","US","ASR",1,"0600-2300",""
"2026/02/19","MGE","AIRPORT","GA","US","ASR",1,"0700-2300.",""
"2026/02/19","MGM","AIRPORT","AL","US","ASR",1,"0600-2300",""
"2026/02/19","MHT","AIRPORT","NH","US","ASR",1,"24",""
"2026/02/19","MIA","AIRPORT","FL","US","ASR",2,"24",""
"2026/02/19","MIB","AIRPORT","ND","US","ASR",2,"OPR 24 HRS FROM MON 1300Z++ THRU SAT 0500Z++ SAT AND SUN 1300-0500Z++.","(RADAR_TYPE) DIGITAL ASR NO-NOTAM MP 0600-1200Z++ MON-FRI (1500/3+1)."
"2026/02/19","MKE","AIRPORT","WI","US","ASR",1,"24",""
"2026/02/19","MKG","AIRPORT","MI","US","ASR",1,"0600-2300",""
"2026/02/19","MLI","AIRPORT","IL","US","ASR",1,"24",""
"2026/02/19","MLU","AIRPORT","LA","US","ASR",1,"0600-2200",""
"2026/02/19","MOB","AIRPORT","AL","US","ASR",1,"0600-2300",""
"2026/02/19","MRB","AIRPORT","WV","US","ASR",1,"24",""
"2026/02/19","MRY","AIRPORT","CA","US","ASR",1,"0600-2100","(RADAR_TYPE) ASR-11 ANTENNA LOCATED MARINA MUNI (OAR), REMOTED TO MONTEREY RGNL (MRY). ASR-11 SERVES MRY AND OAR."
"2026/02/19","MSN","AIRPORT","WI","US","ASR",1,"0600-2300",""
"2026/02/19","MSO","AIRPORT","MT","US","ASR",1,"0600-2320",""
"2026/02/19","MSP","AIRPORT","MN","US","ASR",1,"24",""
"2026/02/19","MSY","AIRPORT","LA","US","ASR",1,"24",""
"2026/02/19","MTC","AIRPORT","MI","US","ASR",2,"0730-2300",""
"2026/02/19","MUO","AIRPORT","ID","US","ASR",1,"24",""
"2026/02/19","MWH","AIRPORT","WA","US","ASR",1,"0600-2200",""
"2026/02/19","MYNN","AIRPORT","","BS","ASR",1,"24",""
"2026/02/19","MYR","AIRPORT","SC","US","ASR",1,"0600-2300.",""
"2026/02/19","N90","TRACON","NY","US","ASR",1,"24",""
"2026/02/19","N90","TRACON","NY","US","ASR",2,"24",""
"2026/02/19","N90","TRACON","NY","US","ASR",3,"24",""
"2026/02/19","N90","TRACON","NY","US","ASR",4,"24",""
"2026/02/19","N90","TRACON","NY","US","ASR",5,"24",""
"2026/02/19","NBC","AIRPORT","SC","US","PAR",2,"0700-2300 LCL",""
"2026/02/19","NBC","AIRPORT","SC","US","ASR",3,"0700-2300 LCL",""
"2026/02/19","NBG","AIRPORT","LA","US","ASR",1,"MON-FRI 0700-2300.  SAT-SUN 0900-1700.",""
"2026/02/19","NBG","AIRPORT","LA","US","PAR",2,"MON-FRI 0700-2300.  SAT-SUN 0900-1700.",""
"2026/02/19","NCA","AIRPORT","NC","US","ASR",3,"24",""
"2026/02/19","NCA","AIRPORT","NC","US","PAR",4,"24",""
"2026/02/19","NCT","TRACON","CA","US","ARSR",1,"24",""
"2026/02/19","NCT","TRACON","CA","US","ARSR",2,"24",""
"2026/02/19","NCT","TRACON","CA","US","ARSR",3,"24",""
"2026/02/19","NCT","TRACON","CA","US","ASR",4,"24",""
"2026/02/19","NDZ","AIRPORT","FL","US","ASR",1,"SAME AS ARPT OPS HRS.",""
"2026/02/19","NDZ","AIRPORT","FL","US","PAR",2,"SAME AS ARPT OPS HRS.",""
"2026/02/19","NFG","AIRPORT","CA","US","ASR",1,"1600-0800Z MON-THU, 1600-0100Z++ FRI; CLSD SAT, SUN AND HOL.","(RADAR_TYPE) ILS/RADAR - RADAR - SEE TERMINAL FLIP FOR RADAR MINIMA."
"2026/02/19","NFG","AIRPORT","CA","US","PAR",2,"1600-2000Z++ AND 0000-0100Z++ MON, 1600-0100Z++  FRI,  1600-0800Z++ TUE-THU; CLSD SAT, SUN AND HOL.",""
"2026/02/19","NFL","AIRPORT","NV","US","ASR",2,"SAME AS ARPT HRS.",""
"2026/02/19","NFL","AIRPORT","NV","US","PAR",3,"SAME AS ARPT HRS.  RADAR - SEE TRML FLIP FOR RADAR MINIMA.",""
"2026/02/19","NFW","AIRPORT","TX","US","ASR",1,"1300-0500Z++ MON-FRI, EXC HOL.",""
"2026/02/19","NFW","AIRPORT","TX","US","PAR",2,"1300-0500Z++ MON-FRI, EXC HOL.",""
"2026/02/19","NGF","AIRPORT","HI","US","ASR",1,"1800-0800Z MON-FRI; CLSD SAT, SUN AND HOL. MP 1630-2300Z WED.",""
"2026/02/19","NGP","AIRPORT","TX","US","PAR",1,"24",""
"2026/02/19","NGU","AIRPORT","VA","US","ASR",1,"RADAR - SEE TERMINAL FLIP FOR RADAR MINIMA.",""
"2026/02/19","NGU","AIRPORT","VA","US","PAR",2,"RADAR - SEE TERMINAL FLIP FOR RADAR MINIMA.",""
"2026/02/19","NHK","AIRPORT","MD","US","ASR",1,"1200-0400Z++ MON-FRI, 1300-2300Z++SAT-SUN.","(RADAR_HRS) SEE TERMINAL FLIP FOR RADAR MINIMA. ASR-11, PAR."
"2026/02/19","NHK","AIRPORT","MD","US","PAR",2,"1200-0400Z++ MON-FRI, 1300-2300Z++ SAT-SUN.",""
"2026/02/19","NIP","AIRPORT","FL","US","PAR",2,"NO-NOTAM MAINTENANCE SCHEDULE: PAR 1200-1600Z++ TUES. SEE FLIP AP/1 FOR ADDITIONAL SUPPLEMENTARY ARPT INFO.  SEE TERMINAL FLIP FOR RADAR MINIMA.",""
"2026/02/19","NIP","AIRPORT","FL","US","ASR",3,"24",""
"2026/02/19","NJK","AIRPORT","CA","US","ASR",1,"24 HRS",""
"2026/02/19","NKT","AIRPORT","NC","US","ASR",3,"24",""
"2026/02/19","NKT","AIRPORT","NC","US","PAR",4,"24",""
"2026/02/19","NKX","AIRPORT","CA","US","ASR",1,"24 HRS",""
"2026/02/19","NKX","AIRPORT","CA","US","PAR",2,"1530-0800Z MON-THU; 1630-0200Z++ FRI; CLSD SAT; 2200-0200Z++SUN.  FLD CLSD NATL HOLS.",""
"2026/02/19","NLC","AIRPORT","CA","US","ASR",2,"24",""
"2026/02/19","NLC","AIRPORT","CA","US","PAR",3,"0700-2400 MON-FRI; 0800-2400 SAT-SUN-HOL.",""
"2026/02/19","NMM","AIRPORT","MS","US","PAR",2,"0700-2300",""
"2026/02/19","NMM","AIRPORT","MS","US","ASR",4,"24",""
"2026/02/19","NPA","AIRPORT","FL","US","PAR",2,"HRS SAME AS ATCT.",""
"2026/02/19","NQI","AIRPORT","TX","US","ASR",1,"SEE ATCT HRS.",""
"2026/02/19","NQX","AIRPORT","FL","US","PAR",2,"1200-0300Z++, OT CTC MIA ARTCC.  SEE TERMINAL FLIP FOR RADAR MINIMA.",""
"2026/02/19","NQX","AIRPORT","FL","US","ASR",3,"1200-0300Z++",""
"2026/02/19","NRB","AIRPORT","FL","US","PAR",3,"24",""
"2026/02/19","NRB","AIRPORT","FL","US","ASR",4,"24",""
"2026/02/19","NRS","AIRPORT","CA","US","PAR",1,"1600-0630Z MON-THU (1500-0600Z DT) AND 1600-0200Z++ FRI. CLSD FR 0200Z++ DAY PRIOR TIL 1600Z++ DAY FLW GOVT HOL.  ILS/RADAR - RADAR - SEE TERMINAL FLIP FOR RADAR MINIMA.",""
"2026/02/19","NSI","AIRPORT","CA","US","ASR",1,"24",""
"2026/02/19","NSI","AIRPORT","CA","US","PAR",2,"24",""
"2026/02/19","NTD","AIRPORT","CA","US","ASR",2,"1500-0700Z++",""
"2026/02/19","NTU","AIRPORT","VA","US","ASR",1,"24",""
"2026/02/19","NTU","AIRPORT","VA","US","PAR",2,"24",""
"2026/02/19","NUC","AIRPORT","CA","US","ASR",1,"0800-1800 MON-FRI","(RADAR_TYPE) ASR NO-NOTAM MP 1800-2200Z++ TUE."
"2026/02/19","NUQ","AIRPORT","CA","US","ASR",1,"24",""
"2026/02/19","NUW","AIRPORT","WA","US","ASR",1,"24",""
"2026/02/19","NUW","AIRPORT","WA","US","PAR",2,"24",""
"2026/02/19","NYG","AIRPORT","VA","US","ASR",1,"1300-0200Z++ MON-THU; 1300-2200Z++ FRI; OPR SAT, SUN,AND HOL BY NOTAM ONLY.",""
"2026/02/19","NYG","AIRPORT","VA","US","PAR",2,"1600-2200Z++ MON; 1300-0200Z++ TUE-THU; 1300-2200Z++ FRI; OPEN SAT, SUN AND HOL BY NOTAM ONLY.",""
"2026/02/19","NYL","AIRPORT","AZ","US","ASR",2,"24",""
"2026/02/19","NYL","AIRPORT","AZ","US","PAR",3,"24",""
"2026/02/19","NZY","AIRPORT","CA","US","PAR",1,"1430Z++ MON- 0600Z++ SAT; 1600Z++ SAT- 0600Z++ SUN; 1600Z++ SUN- 0600Z++ MON. CLSD 0200Z++ DAY PRIOR TO 1430Z++ DAY FOLLOWING ALL FEDERAL HOLIDAYS. SEE FLIP AP/1 SUPPLEMENTARY ARPT INFO.",""
"2026/02/19","NZY","AIRPORT","CA","US","ASR",2,"1430Z++ MON- 0600Z++ SAT; 1600Z++ SAT- 0600Z++ SUN; 1600Z++ SUN- 0600Z++ MON. CLSD 0200Z++ DAY PRIOR TO 1430Z++ DAY FOLLOWING ALL FEDERAL HOLIDAYS. SEE FLIP AP/1 SUPPLEMENTARY ARPT INFO.",""
"2026/02/19","OAK","AIRPORT","CA","US","ASR",1,"24",""
"2026/02/19","OAR","AIRPORT","CA","US","ASR",1,"24","(RADAR_TYPE) ASR-8 ANTENNA LOCATED MARINA MUNI (OAR), REMOTED TO MONTEREY PENINSULA (MRY).  ASR-8 SERVES MRY AND OAR."
"2026/02/19","OGG","AIRPORT","HI","US","ASR",1,"24",""
"2026/02/19","OKC","AIRPORT","OK","US","ASR",1,"24",""
"2026/02/19","OMA","AIRPORT","NE","US","ASR",1,"24",""
"2026/02/19","ONT","AIRPORT","CA","US","ASR",1,"24",""
"2026/02/19","ORD","AIRPORT","IL","US","ASR",2,"24",""
"2026/02/19","ORF","AIRPORT","VA","US","ASR",1,"24",""
"2026/02/19","P50","TRACON","AZ","US","ASR",1,"24",""
"2026/02/19","PAM","AIRPORT","FL","US","ASR",1,"24",""
"2026/02/19","PAM","AIRPORT","FL","US","PAR",2,"24",""
"2026/02/19","PBI","AIRPORT","FL","US","ASR",2,"24",""
"2026/02/19","PDX","AIRPORT","OR","US","ASR",2,"24",""
"2026/02/19","PHL","AIRPORT","PA","US","ASR",1,"24",""
"2026/02/19","PIA","AIRPORT","IL","US","ASR",2,"24",""
"2026/02/19","PIT","AIRPORT","PA","US","ASR",1,"24",""
"2026/02/19","PNS","AIRPORT","FL","US","ASR",1,"24",""
"2026/02/19","POB","AIRPORT","NC","US","PAR",1,"0600-0000",""
"2026/02/19","POE","AIRPORT","LA","US","ASR",1,"0800-0000 EXCEPT HOLS.",""
"2026/02/19","POE","AIRPORT","LA","US","PAR",2,"0800-0000 EXCEPT HOLS.",""
"2026/02/19","PSC","AIRPORT","WA","US","ASR",1,"0600-2200",""
"2026/02/19","PSM","AIRPORT","NH","US","PAR",1,"24",""
"2026/02/19","PSP","AIRPORT","CA","US","ASR",1,"0600-2300",""
"2026/02/19","PTK","AIRPORT","MI","US","ASR",1,"24",""
"2026/02/19","PUB","AIRPORT","CO","US","ASR",1,"0600-2200",""
"2026/02/19","PVD","AIRPORT","RI","US","ASR",1,"0600-0000",""
"2026/02/19","PWM","AIRPORT","ME","US","ASR",1,"16",""
"2026/02/19","RCA","AIRPORT","SD","US","ASR",2,"DIGITAL ASR NO-NOTAM MP: 0500-1100Z++ MON-FRI.","(RADAR_TYPE) DIGITAL ASR NO-NOTAM MP: 0500-1100Z++ MON-FRI."
"2026/02/19","RDG","AIRPORT","PA","US","ASR",2,"0600-0000",""
"2026/02/19","RDM","AIRPORT","OR","US","ASR",1,"0600-2200",""
"2026/02/19","RDR","AIRPORT","ND","US","ASR",1,"24; ASR NO NOTAM MP 0700-1200Z++ MON-FRI.",""
"2026/02/19","RDU","AIRPORT","NC","US","ASR",1,"24",""
"2026/02/19","RFD","AIRPORT","IL","US","ASR",1,"24",""
"2026/02/19","RIC","AIRPORT","VA","US","ASR",1,"24",""
"2026/02/19","RIV","AIRPORT","CA","US","ASR",1,"1500-0700Z++.  NO-NOTAM MP 0700-1500Z++ WED.",""
"2026/02/19","RNO","AIRPORT","NV","US","ASR",1,"24",""
"2026/02/19","ROA","AIRPORT","VA","US","ASR",1,"24",""
"2026/02/19","ROC","AIRPORT","NY","US","ASR",1,"24",""
"2026/02/19","ROW","AIRPORT","NM","US","ASR",1,"0600-2100",""
"2026/02/19","RST","AIRPORT","MN","US","ASR",1,"0500-2300",""
"2026/02/19","RSW","AIRPORT","FL","US","ASR",1,"0600-0000",""
"2026/02/19","S46","TRACON","WA","US","ASR",1,"24.",""
"2026/02/19","SAT","AIRPORT","TX","US","ASR",1,"24",""
"2026/02/19","SAV","AIRPORT","GA","US","ASR",1,"0600-0000",""
"2026/02/19","SAW","AIRPORT","MI","US","ASR",1,"24",""
"2026/02/19","SBA","AIRPORT","CA","US","ASR",1,"0600-2300",""
"2026/02/19","SBN","AIRPORT","IN","US","ASR",1,"0530-0000SUN-FRI 0530-2345 SAT.",""
"2026/02/19","SCK","AIRPORT","CA","US","ASR",2,"24",""
"2026/02/19","SCT","TRACON","CA","US","ASR",1,"24",""
"2026/02/19","SCT","TRACON","CA","US","ASR",2,"24",""
"2026/02/19","SCT","TRACON","CA","US","ASR",3,"24",""
"2026/02/19","SCT","TRACON","CA","US","ASR",4,"24",""
"2026/02/19","SCT","TRACON","CA","US","ASR",5,"24",""
"2026/02/19","SCT","TRACON","CA","US","ASR",6,"24",""
"2026/02/19","SCT","TRACON","CA","US","ASR",7,"24",""
"2026/02/19","SDF","AIRPORT","KY","US","ASR",1,"24",""
"2026/02/19","SEA","AIRPORT","WA","US","ASR",1,"24",""
"2026/02/19","SGF","AIRPORT","MO","US","ASR",2,"24",""
"2026/02/19","SHV","AIRPORT","LA","US","ASR",1,"24",""
"2026/02/19","SJT","AIRPORT","TX","US","ASR",1,"0600-0000",""
"2026/02/19","SJU","AIRPORT","PR","US","ASR",1,"24",""
"2026/02/19","SLC","AIRPORT","UT","US","ASR",1,"0700-2200",""
"2026/02/19","SLI","AIRPORT","CA","US","ASR",1,"1500-0000Z++ FRI-SUN; 1500-0600Z++ MON-THU; CLSD ALL FEDERAL HOL.  EXP CLOSURE OR RDCD SVC PER NOTAM.",""
"2026/02/19","SLI","AIRPORT","CA","US","PAR",2,"1500-0000Z++ FRI-SUN; 1500-0600Z++ MON-THU; CLSD ALL FEDERAL HOL.  EXP CLOSURE OR RDCD SVC PER NOTAM.",""
"2026/02/19","SPI","AIRPORT","IL","US","ASR",1,"0600-2200",""
"2026/02/19","SPS","AIRPORT","TX","US","ASR",1,"1200-0200Z++",""
"2026/02/19","SRQ","AIRPORT","FL","US","ASR",1,"24",""
"2026/02/19","SSC","AIRPORT","SC","US","ASR",1,"24","(RADAR_TYPE) NO-NOTAM MP: 0400-1100Z++ TUE-FRI DLY (1500/3+1)."
"2026/02/19","STJ","AIRPORT","MO","US","ASR",1,"24",""
"2026/02/19","STJ","AIRPORT","MO","US","PAR",2,"24",""
"2026/02/19","STL","AIRPORT","MO","US","ASR",1,"24",""
"2026/02/19","STT","AIRPORT","VI","US","ASR",1,"24",""
"2026/02/19","SUU","AIRPORT","CA","US","ASR",1,"24","(RADAR_TYPE) COMM/NAV/WEATHER REMARKS: ASR-11/DASR - NO-NOTAM MP 0701-1300Z++ MON THRU FRI. ILS/RADAR-RADAR:  RADAR COVERAGE LTD IN AREA BOUNDED BY SUU075/004, SUU115/013, SUU157/011, SUU185/003. TFC ADZY MAY NOT BE AVBL TO NON-TRANSPONDER EQPT ACFT. "
"2026/02/19","SUX","AIRPORT","IA","US","ASR",2,"0600-2130",""
"2026/02/19","SWF","AIRPORT","NY","US","ASR",1,"24",""
"2026/02/19","SYR","AIRPORT","NY","US","ASR",1,"24",""
"2026/02/19","SZL","AIRPORT","MO","US","ASR",1,"MON THRU FRI 1300Z-0500Z++; SAT-SUN 1400-2300Z++ CLSD HOL.","(RADAR_TYPE) ASR: NO-NOTAM MP 0700-1300Z++ MON, TUE."
"2026/02/19","TIK","AIRPORT","OK","US","PAR",1,"UNK",""
"2026/02/19","TLH","AIRPORT","FL","US","ASR",1,"0600-2300",""
"2026/02/19","TNCM","AIRPORT","","AN","ASR",1,"1200-2359Z UTC-4",""
"2026/02/19","TOL","AIRPORT","OH","US","ASR",1,"24",""
"2026/02/19","TPA","AIRPORT","FL","US","ASR",1,"24",""
"2026/02/19","TRI","AIRPORT","TN","US","ASR",1,"0600-2400",""
"2026/02/19","TUL","AIRPORT","OK","US","ASR",1,"24",""
"2026/02/19","TYS","AIRPORT","TN","US","ASR",1,"24",""
"2026/02/19","UAM","AIRPORT","GU","US","ASR",1,"24",""
"2026/02/19","VAD","AIRPORT","GA","US","ASR",1,"1000-0500Z MON-FRI 1200-2000Z SAT/SUN/FED HOL.  NO-NOTAM MP: 0700-1130Z MON-FRI, 2300-1300Z SAT.",""
"2026/02/19","VAD","AIRPORT","GA","US","PAR",2,"1000-0500Z MON-FRI 1200-2000Z SAT/SUN/FED HOL.  NO-NOTAM MP: 0700-1130Z MON-FRI, 2300-1300Z SAT.",""
"2026/02/19","VPS","AIRPORT","FL","US","ASR",1,"DASR 0900-1200Z++ TUE",""
"2026/02/19","VUJ","AIRPORT","NC","US","ASR",1,"1300-0300Z++ TUES-SAT OR BY NOTAM.",""
"2026/02/19","VUJ","AIRPORT","NC","US","PAR",2,"PAR APCH RSTD TO VFR COND ONLY, RQR 24 HR ADVANCE REQ THRU 235ATCS/ATM C704-422-2551 OR C704-763-4633 AFTER DUTY HR. 1300-0300Z++ TUES-SAT OR BY NOTAM.",""
"2026/02/19","WRB","AIRPORT","GA","US","ASR",1,"RADAR - SEE TERMINAL FLIP FOR RADAR MINIMA.  MON,FRI 1300-2100Z++, TUE 1500-2300Z++, WED,THU 1900-0300Z++.",""
"2026/02/19","WRI","AIRPORT","NJ","US","ASR",1,"24",""
"2026/02/19","WRI","AIRPORT","NJ","US","PAR",2,"PAR  APCH DLY FR 1100-0300Z++ CONTINGENT UPON PAR CONTROLLER.  ",""
"2026/02/19","YKM","AIRPORT","WA","US","ASR",1,"0600-2200",""
"2026/02/19","YNG","AIRPORT","OH","US","ASR",1,"0600-0000",""
