"EFF_DATE","ARRIVAL_NAME","AMENDMENT_NO","ARTCC","STAR_AMEND_EFF_DATE","RNAV_FLAG","STAR_COMPUTER_CODE","SERVED_ARPT"
"2026/01/22","BLAID","TWO","ZLA","2024/01/25","N","AALAN.BLAID2","LAS"
"2026/01/22","AALLE","FOUR","ZDV","2025/06/12","Y","AALLE.AALLE4","DEN"
"2026/01/22","AARCH","TWO","ZKC","2017/08/17","Y","AARCH.AARCH2","STL"
"2026/01/22","AAVON","ONE","ZDV","2025/04/17","Y","AAVON.AAVON1","EGE HDN RIL"
"2026/01/22","ADYMS","THREE","ZSE","2022/01/27","Y","ADYMS.ADYMS3","TCM"
"2026/01/22","AGUDE","SIX","ZMP","2025/11/27","N","AGUDE.AGUDE6","21D ANE CFE FBL FCM GYL LVN MGG MIC OEO RNH SGS STP"
"2026/01/22","DNKIN","TWO","ZHU","2025/11/27","Y","AIRBL.DNKIN2","5C1 BAZ CVB PEZ RND SAT SKF SSF"
"2026/01/22","ALCRN","ONE","ZJX","2023/06/15","Y","ALCRN.ALCRN1","CRG JAX NIP NRB VQQ"
"2026/01/22","ALEXS","ONE","ZAU","2024/01/25","Y","ALEXS.ALEXS1","RFD"
"2026/01/22","FRDMM","SIX","ZDC","2024/05/16","Y","ALWYZ.FRDMM6","ADW DAA DCA"
"2026/01/22","ALYNA","FOUR","ZJX","2024/01/25","Y","ALYNA.ALYNA4","ISM LEE MCO ORL SFB"
"2026/01/22","NUMMY","THREE","ZDC","2019/06/20","N","AML.NUMMY3","ADW DAA DCA"
"2026/01/22","OLAAA","TWO","ZLA","2019/12/05","Y","AMMOR.OLAAA2","LAX"
"2026/01/22","SNSTT","TWO","ZLA","2018/02/01","Y","AMMOR.SNSTT2","LAX"
"2026/01/22","AMOTT","FOUR","ZAN","2018/03/29","Y","AMOTT.AMOTT4","ANC"
"2026/01/22","AMRVR","TWO","ZOA","2018/09/13","Y","AMRVR.AMRVR2","MHR"
"2026/01/22","AMYLU","THREE","ZJX","2020/11/05","Y","AMYLU.AMYLU3","CHS JZI"
"2026/01/22","ANAHO","TWO","ZOA","1996/02/29","N","ANAHO.ANAHO2","RNO"
"2026/01/22","DLAMP","EIGHT","ZID","2024/07/11","Y","ANCHR.DLAMP8","SDF"
"2026/01/22","ANJLL","FOUR","ZLA","2018/07/19","Y","ANJLL.ANJLL4","LAX"
"2026/01/22","BIGBR","THREE","ZLA","2018/05/24","Y","ANJLL.BIGBR3","LAX"
"2026/01/22","DANEI","THREE","ZID","2019/10/10","N","APE.DANEI3","DAY FFO MGY MWO SGH"
"2026/01/22","EMMLN","TWO","ZLA","2026/01/22","N","APLES.EMMLN2","FUL HHR LGB SLI SNA"
"2026/01/22","ARKOE","ONE","ZLA","2012/04/05","N","ARKOE.ARKOE1","RIV"
"2026/01/22","ARLIN","FOUR","ZAB","2017/04/27","N","ARLIN.ARLIN4","CHD DVT FFZ IWA P19 PHX SDL"
"2026/01/22","ARRIE","NINE","ZSE","2024/12/26","N","ARRIE.ARRIE9","TCM"
"2026/01/22","AWDAD","ONE","ZHU","2017/12/07","N","AWDAD.AWDAD1","MSY NEW"
"2026/01/22","DEHAN","THREE","ZTL","2020/07/16","Y","AWSON.DEHAN3","6A2 CCO CTJ CVC D73 FFC FTY HMP LZU MGE PDK PUJ RYY VPC"
"2026/01/22","GIGGY","TWO","ZOB","2019/10/10","Y","AXXIS.GIGGY2","CYQG DET ONZ TTF"
"2026/01/22","OKLND","ONE","ZOB","2018/05/24","Y","AXXIS.OKLND1","ARB OZW PTK VLL YIP"
"2026/01/22","BAGGY","THREE","ZJX","2022/01/27","Y","BAGGY.BAGGY3","CHS JZI"
"2026/01/22","BAINY","THREE","ZMP","2017/01/05","Y","BAINY.BAINY3","MSP"
"2026/01/22","INOYI","ONE","ZHN","2020/01/30","Y","BAMBO.INOYI1","HNL"
"2026/01/22","BANGZ","TWO","ZMA","2025/04/17","Y","BANGZ.BANGZ2","CLW PIE SPG SRQ VNC"
"2026/01/22","BANKR","FIVE","ZTL","2024/05/16","Y","BANKR.BANKR5","CLT"
"2026/01/22","BARET","FIVE","ZLA","2015/01/08","N","BARET.BARET5","NZY SAN"
"2026/01/22","BASET","FIVE","ZLA","2017/12/07","N","BASET.BASET5","LAX"
"2026/01/22","VADDR","ONE","ZNY","2025/11/27","Y","BASYE.VADDR1","LGA"
"2026/01/22","BAUBB","THREE","ZLA","2024/12/26","Y","BAUBB.BAUBB3","LGB"
"2026/01/22","SUNSS","EIGHT","ZAB","2017/04/27","N","BAYBI.SUNSS8","CHD DVT FFZ GEU GYR IWA P19 SDL"
"2026/01/22","BAYST","ONE","ZLA","2018/05/24","Y","BAYST.BAYST1","LAX"
"2026/01/22","BAYYY","FIVE","ZHU","2023/04/20","Y","BAYYY.BAYYY5","HOU"
"2026/01/22","PUCKS","FOUR","ZHU","2021/09/09","Y","BAYYY.PUCKS4","HOU"
"2026/01/22","SOULL","ONE","ZHU","2015/01/08","Y","BAYYY.SOULL1","IAH"
"2026/01/22","BAZBL","ONE","ZHU","2024/10/31","Y","BAZBL.BAZBL1","6R3 CXO DWH IAH T78"
"2026/01/22","BEAHR","THREE","ZAB","2014/04/03","Y","BEAHR.BEAHR3","ELP"
"2026/01/22","BEANO","THREE","ZSU","2010/11/11","Y","BEANO.BEANO3","SJU"
"2026/01/22","BEARR","FIVE","ZLC","2017/10/12","N","BEARR.BEARR5","SLC"
"2026/01/22","SKEES","SIX","ZLC","2025/02/20","Y","BEARR.SKEES6","SLC"
"2026/01/22","BELLR","SIX","ZHU","2024/10/31","Y","BELLR.BELLR6","HOU"
"2026/01/22","TSHRT","TWO","ZHU","2022/11/03","N","BELLR.TSHRT2","54T AXH EFD GLS HOU HPY IWS LBX LVJ SGR T00 T41 TME"
"2026/01/22","BENKY","SIX","ZAU","2020/11/05","Y","BENKY.BENKY6","ORD"
"2026/01/22","BEREE","THREE","ZFW","2024/07/11","Y","BEREE.BEREE3","DFW"
"2026/01/22","WHINY","FOUR","ZFW","2016/05/26","Y","BEREE.WHINY4","DFW"
"2026/01/22","BEWTE","FOUR","ZLC","2022/07/14","Y","BEWTE.BEWTE4","BOI"
"2026/01/22","BGHRN","THREE","ZLC","2018/09/13","Y","BGHRN.BGHRN3","BIL"
"2026/01/22","BGMAN","ONE","ZLC","2024/07/11","Y","BGMAN.BGMAN1","BZN"
"2026/01/22","BHHIA","THREE","ZMA","2022/11/03","Y","BHHIA.BHHIA3","FLL FXE OPF PMP"
"2026/01/22","SUBKY","ONE","ZLC","2024/07/11","Y","BIL.SUBKY1","BZN"
"2026/01/22","DEALE","THREE","ZDC","2018/03/29","Y","BILIT.DEALE3","DCA"
"2026/01/22","BITHO","SEVEN","ZJX","2014/05/29","N","BITHO.BITHO7","COF COI ISM MCO MLB TIX TTS XMR"
"2026/01/22","BLEWE","FIVE","ZHU","2023/02/23","N","BLEWE.BLEWE5","3R9 AUS EDC HYI RYW T74"
"2026/01/22","BLFRG","THREE","ZMA","2025/02/20","Y","BLFRG.BLFRG3","CLW MCF PIE SPG TPA"
"2026/01/22","BLYTHE","FIVE","ZAB","2017/04/27","N","BLH.BLH5","CHD DVT FFZ IWA P19 PHX SDL"
"2026/01/22","BLOCC","TWO","ZTL","2018/05/24","N","BLOCC.BLOCC2","GSO INT"
"2026/01/22","BLOGS","THREE","ZDC","2021/02/25","Y","BLOGS.BLOGS3","RDU"
"2026/01/22","SNDAY","ONE","ZHU","2024/10/31","Y","BLUBL.SNDAY1","54T AXH EFD GLS HOU HPY IWS LBX LVJ SGR T00 T41 TME"
"2026/01/22","BLUEM","FOUR","ZMP","2021/03/25","Y","BLUEM.BLUEM4","MSP"
"2026/01/22","BLUZZ","FIVE","ZME","2024/10/31","Y","BLUZZ.BLUZZ5","MEM"
"2026/01/22","BMBER","ONE","ZOA","2019/12/05","Y","BMBER.BMBER1","CCR SUU"
"2026/01/22","BNFSH","THREE","ZMA","2025/05/15","Y","BNFSH.BNFSH3","07FA HST MIA TMB X51"
"2026/01/22","CAVLR","SIX","ZDC","2024/07/11","Y","BNTLY.CAVLR6","IAD"
"2026/01/22","BOEGY","TWO","ZLA","2022/01/27","Y","BOEGY.BOEGY2","HND"
"2026/01/22","WYLND","ONE","ZLA","2021/02/25","Y","BOEGY.WYLND1","VGT"
"2026/01/22","BOGET","TWO","ZLA","2018/07/19","Y","BOGET.BOGET2","LAX SMO"
"2026/01/22","BOKRT","THREE","ZTL","2020/07/16","Y","BOKRT.BOKRT3","CNI FTY GVL LZU MGE PDK PUJ RYY VPC"
"2026/01/22","BONZZ","TWO","ZOB","2019/10/10","Y","BONZZ.BONZZ2","DTW"
"2026/01/22","KLYNK","THREE","ZOB","2019/10/10","Y","BONZZ.KLYNK3","DTW"
"2026/01/22","BOOKE","EIGHT","ZHN","2014/02/06","N","BOOKE.BOOKE8","HNL"
"2026/01/22","BOOSH","THREE","ZKC","2020/07/16","Y","BOOSH.BOOSH3","STL"
"2026/01/22","BOOVE","SEVEN","ZFW","2024/07/11","Y","BOOVE.BOOVE7","DFW"
"2026/01/22","SHMPP","THREE","ZFW","2024/07/11","Y","BOOVE.SHMPP3","DFW"
"2026/01/22","SOCKK","FOUR","ZFW","2021/04/22","Y","BOOVE.SOCKK4","DFW"
"2026/01/22","ZROBA","ONE","ZFW","2020/03/26","Y","BOOVE.ZROBA1","DFW"
"2026/01/22","BOUNO","FIVE","ZNY","2023/11/30","N","BOUNO.BOUNO5","HPN"
"2026/01/22","BRAYMER","EIGHT","ZKC","2023/04/20","N","BQS.BQS8","FLV GPH IXD LXT MCI MKC OJC STJ"
"2026/01/22","BRADE","SIX","ZDC","2018/05/24","N","BRADE.BRADE6","RDU"
"2026/01/22","BRBBQ","THREE","ZME","2018/02/01","Y","BRBBQ.BRBBQ3","MEM"
"2026/01/22","BRIXX","FOUR","ZOA","2024/03/21","Y","BRIXX.BRIXX4","NUQ SJC"
"2026/01/22","REBAS","ONE","ZOA","2024/07/11","Y","BRIXX.REBAS1","APC DVO HES O69 STS"
"2026/01/22","AANDY","TWO","ZMP","2022/11/03","Y","BRKSR.AANDY2","OFF OMA"
"2026/01/22","BRNKO","FOUR","ZDV","2025/04/17","Y","BRNKO.BRNKO4","APA BJC FNL GXY LMO"
"2026/01/22","GRUUB","ONE","ZAN","2018/11/08","Y","BRODE.GRUUB1","EDF"
"2026/01/22","BRRTO","ONE","ZAB","2021/12/02","Y","BRRTO.BRRTO1","ABQ"
"2026/01/22","BRWNZ","FOUR","ZOB","2021/04/22","Y","BRWNZ.BRWNZ4","1G3 AKR BKL CAK CGF CLE LNN LPR"
"2026/01/22","BIG SUR","THREE","ZOA","2016/09/15","N","BSR.BSR3","SFO"
"2026/01/22","BTSEY","TWO","ZTL","2016/03/31","N","BTSEY.BTSEY2","CLT"
"2026/01/22","ANTHM","FIVE","ZDC","2024/12/26","Y","BUBBI.ANTHM5","BWI MTN"
"2026/01/22","CBUSS","TWO","ZID","2021/12/02","Y","BUGZZ.CBUSS2","CMH LCK OSU TZR"
"2026/01/22","CAPSS","THREE","ZDC","2018/03/29","Y","BULII.CAPSS3","DCA"
"2026/01/22","BUNTR","THREE","ZAB","2017/01/05","N","BUNTR.BUNTR3","PHX"
"2026/01/22","BUUDD","THREE","ZKC","2018/11/08","Y","BUUDD.BUUDD3","BLV CPS SUS"
"2026/01/22","BUZZY","ONE","ZDC","2021/02/25","N","BUZZY.BUZZY1","RDU"
"2026/01/22","BONNEVILLE","TWO","ZLC","2016/03/31","N","BVL.BVL2","SLC"
"2026/01/22","CAINE","TWO","ZFW","2015/06/25","Y","CAINE.CAINE2","DFW"
"2026/01/22","DAWGZ","TWO","ZFW","2015/06/25","Y","CAINE.DAWGZ2","DFW"
"2026/01/22","CAMET","THREE","ZFW","2017/12/07","Y","CAMET.CAMET3","OKC"
"2026/01/22","DAWKS","ONE","ZFW","2014/07/24","Y","CAMET.DAWKS1","OUN PWA TIK"
"2026/01/22","CAMPS","FOUR","ZHN","2023/10/05","N","CAMPS.CAMPS4","OGG"
"2026/01/22","STELA","ONE","ZBW","2025/11/27","Y","CANAN.STELA1","BAF BDL CEF HFD ORH"
"2026/01/22","RAVNN","EIGHT","ZDC","2025/04/17","Y","CAPKO.RAVNN8","BWI MTN"
"2026/01/22","CARTR","ONE","ZLC","2025/02/20","Y","CARTR.CARTR1","SLC"
"2026/01/22","NOBBI","ONE","ZNY","2025/11/27","Y","CASSH.NOBBI1","DXR HPN LGA"
"2026/01/22","LIBER","FIVE","ZAN","2023/10/05","Y","CAWIN.LIBER5","FAI"
"2026/01/22","CONCORD","TWO","ZOA","2012/11/15","N","CCR.CCR2","SMF"
"2026/01/22","CDOGG","FOUR","ZBW","2021/06/17","Y","CDOGG.CDOGG4","PWM"
"2026/01/22","CEGRM","EIGHT","ZID","2026/01/22","Y","CEGRM.CEGRM8","CVG HAO I69 LUK"
"2026/01/22","CESAN","FOUR","ZHU","2017/06/22","Y","CESAN.CESAN4","54T ARM AXH BYY CXO EFD GLS HOU HPY IWS LBX LVJ SGR T00 T41"
"2026/01/22","CHAKA","FOUR","ZSU","2011/01/13","Y","CHAKA.CHAKA4","SJU"
"2026/01/22","CHINS","FIVE","ZSE","2022/09/08","N","CHINS.CHINS5","BFI PAE RNT SEA"
"2026/01/22","CHOWW","FOUR","ZLA","2025/08/07","Y","CHOWW.CHOWW4","LAS"
"2026/01/22","CHPPR","ONE","ZTL","2017/10/12","Y","CHPPR.CHPPR1","ATL"
"2026/01/22","CHSLY","SIX","ZTL","2024/05/16","Y","CHSLY.CHSLY6","CLT"
"2026/01/22","CHSNE","THREE","ZME","2025/10/02","Y","CHSNE.CHSNE3","BNA"
"2026/01/22","CLANG","SEVEN","ZID","2017/04/27","N","CLANG.CLANG7","EYE IND MQJ"
"2026/01/22","CLASH","FIVE","ZDV","2025/06/12","Y","CLASH.CLASH5","DEN"
"2026/01/22","CLIPR","THREE","ZDC","2023/08/10","Y","CLIPR.CLIPR3","DCA"
"2026/01/22","CLMNT","TWO","ZMA","2022/05/19","Y","CLMNT.CLMNT2","06FA BCT F45 PBI"
"2026/01/22","CLOWD","ONE","ZLA","2005/05/12","N","CLOWD.CLOWD1","PSP TRM UDD"
"2026/01/22","CLPRR","THREE","ZID","2024/12/26","Y","CLPRR.CLPRR3","CMH LCK OSU TZR"
"2026/01/22","COATT","FIVE","ZDC","2017/12/07","N","COATT.COATT5","IAD"
"2026/01/22","LEDDL","ONE","ZID","2024/07/11","Y","COBBZ.LEDDL1","JVY LOU SDF"
"2026/01/22","COKTL","FOUR","ZLA","2024/10/31","Y","COKTL.COKTL4","LAS"
"2026/01/22","COLTR","FOUR","ZAB","2021/12/02","Y","COLTR.COLTR4","ABQ"
"2026/01/22","COMIX","TWO","ZLA","2018/05/24","Y","COMIX.COMIX2","SAN"
"2026/01/22","CONDR","FOUR","ZME","2024/10/31","Y","CONDR.CONDR4","MEM"
"2026/01/22","COYOT","FIVE","ZAB","2020/07/16","N","COYOT.COYOT5","PHX"
"2026/01/22","CPTAN","THREE","ZMA","2024/01/25","Y","CPTAN.CPTAN3","06FA BCT FXE PBI PMP"
"2026/01/22","CEDAR CREEK","THREE","ZFW","2024/07/11","N","CQY.CQY3","DFW"
"2026/01/22","CRAKN","TWO","ZOB","2019/10/10","Y","CRAKN.CRAKN2","DTW"
"2026/01/22","HTROD","TWO","ZOB","2019/10/10","Y","CRAKN.HTROD2","DTW"
"2026/01/22","CRAZI","FOUR","ZLC","2023/04/20","Y","CRAZI.CRAZI4","BIL"
"2026/01/22","POWDA","TWO","ZLC","2026/01/22","Y","CREKK.POWDA2","BZN"
"2026/01/22","CRESO","FIVE","ZLA","2022/01/27","N","CRESO.CRESO5","LAS"
"2026/01/22","CRVZA","TWO","ZHU","2025/11/27","Y","CRVZA.CRVZA2","5C1 BAZ CVB PEZ RND SAT SKF SSF"
"2026/01/22","CENTERPOINT","THREE","ZHU","2025/08/07","N","CSI.CSI3","RND SAT SKF SSF"
"2026/01/22","CSTAL","THREE","ZMA","2025/06/12","Y","CSTAL.CSTAL3","07FA HST MIA TMB X51"
"2026/01/22","CURLY","THREE","ZAB","2017/03/02","N","CURLY.CURLY3","ABQ AEG"
"2026/01/22","JESEY","FIVE","ZOB","2024/12/26","Y","CUTTA.JESEY5","PIT"
"2026/01/22","CUUDA","THREE","ZMA","2024/01/25","Y","CUUDA.CUUDA3","FLL OPF"
"2026/01/22","CUURT","ONE","ZMA","2023/06/15","Y","CUURT.CUURT1","OPF"
"2026/01/22","DADES","TWO","ZMA","2025/04/17","Y","DADES.DADES2","CLW MCF PIE SPG TPA TPF VDF"
"2026/01/22","DANDD","ONE","ZDV","2020/01/30","N","DANDD.DANDD1","APA BJC BKF CFO DEN FNL GXY"
"2026/01/22","DAWGG","TWO","ZME","2014/05/29","N","DAWGG.DAWGG2","MEM"
"2026/01/22","DEEPO","TWO","ZBW","2025/04/17","Y","DEEPO.DEEPO2","ACK"
"2026/01/22","DEKAL","NINE","ZMA","2024/12/26","N","DEKAL.DEKAL9","FLL FXE HWO OPF PMP"
"2026/01/22","DELMA","FOUR","ZKC","2018/11/08","Y","DELMA.DELMA4","ALN BLV CPS SUS"
"2026/01/22","DELRO","FIVE","ZDC","2019/02/28","N","DELRO.DELRO5","IAD"
"2026/01/22","DINGO","SIX","ZAB","2023/11/30","N","DINGO.DINGO6","TUS"
"2026/01/22","DIRBY","TWO","ZLA","2024/12/26","Y","DIRBY.DIRBY2","LAX"
"2026/01/22","DIRTT","TWO","ZKC","2017/03/02","Y","DIRTT.DIRTT2","SUS"
"2026/01/22","DIXEE","THREE","ZKC","2017/03/02","Y","DIXEE.DIXEE3","BLV CPS"
"2026/01/22","CABBY","TWO","ZFW","2015/06/25","Y","DODJE.CABBY2","DFW"
"2026/01/22","DODJE","SIX","ZFW","2020/05/21","N","DODJE.DODJE6","AFW DTO FTW FWS GKY GPM JWY LNC LUD NFW RBD"
"2026/01/22","FORNY","THREE","ZFW","2021/06/17","Y","DODJE.FORNY3","DFW"
"2026/01/22","REEKO","THREE","ZFW","2016/05/26","Y","DODJE.REEKO3","50F AFW CPT DTO FTW FWS GKY GPM JWY LNC LUD NFW RBD WEA"
"2026/01/22","DOOBI","THREE","ZHU","2025/06/12","Y","DOOBI.DOOBI3","IAH"
"2026/01/22","SKNRD","FIVE","ZHU","2025/06/12","Y","DOOBI.SKNRD5","IAH"
"2026/01/22","PHLBO","FOUR","ZNY","2023/04/20","Y","DQO.PHLBO4","EWR"
"2026/01/22","DRONE","TWO","ZDC","2018/05/24","N","DRONE.DRONE2","CPK FAF LFI NGU ORF PHF PVG"
"2026/01/22","DSERT","TWO","ZAB","2014/11/13","Y","DSERT.DSERT2","CHD DVT FFZ GEU GYR IWA PHX SDL"
"2026/01/22","DSNEE","SIX","ZLA","2024/09/05","Y","DSNEE.DSNEE6","LGB SNA"
"2026/01/22","HAREI","ONE","ZDV","2025/04/17","Y","DUMBR.HAREI1","ASE RIL"
"2026/01/22","DUNNN","SIX","ZDV","2025/04/17","Y","DUNNN.DUNNN6","APA BJC"
"2026/01/22","DUUUK","FOUR","ZHU","2025/08/07","N","DUUUK.DUUUK4","IAH"
"2026/01/22","DVALL","FOUR","ZMA","2024/09/05","N","DVALL.DVALL4","FLL FXE HST MIA OPF PMP TMB"
"2026/01/22","DXEEE","THREE","ZHU","2022/07/14","Y","DXEEE.DXEEE3","AUS"
"2026/01/22","ALWYS","THREE","ZOA","2024/07/11","Y","DYAMD.ALWYS3","SFO"
"2026/01/22","DYAMD","FIVE","ZOA","2019/01/03","Y","DYAMD.DYAMD5","SFO"
"2026/01/22","SHLAE","ONE","ZHN","2020/01/30","Y","DYLLI.SHLAE1","HNL"
"2026/01/22","EAGUL","SIX","ZAB","2014/09/18","Y","EAGUL.EAGUL6","PHX"
"2026/01/22","EATZZ","ONE","ZLC","2024/07/11","Y","EATZZ.EATZZ1","BZN"
"2026/01/22","EAU CLAIRE","NINE","ZMP","2013/01/10","N","EAU.EAU9","MSP"
"2026/01/22","VAAIL","ONE","ZDV","2025/04/17","Y","ELDRA.VAAIL1","EGE"
"2026/01/22","ELLAM","FIVE","ZAN","2015/10/15","N","ELLAM.ELLAM5","ANC"
"2026/01/22","ELLENSBURG","FOUR","ZSE","2022/01/27","Y","ELN.ELN4","TCM"
"2026/01/22","EMMAS","ONE","ZAU","2024/01/25","Y","EMMAS.EMMAS1","RFD"
"2026/01/22","EMZOH","FOUR","ZOA","2025/06/12","Y","EMZOH.EMZOH4","HWD OAK"
"2026/01/22","ENCEE","THREE","ZMP","2023/08/10","Y","ENCEE.ENCEE3","ANE FCM LVN MIC STP"
"2026/01/22","ENDEE","EIGHT","ZAU","2025/08/07","Y","ENDEE.ENDEE8","MDW"
"2026/01/22","CENTRALIA","TWO","ZKC","2013/08/22","Y","ENL.ENL2","BLV"
"2026/01/22","ARLFT","TWO","ZDC ZNY","2021/08/12","Y","ENO.ARLFT2","33N DOV ILG"
"2026/01/22","PROUD","TWO","ZNY","2024/01/25","Y","ENO.PROUD2","LGA"
"2026/01/22","ERNNY","EIGHT","ZAU","2023/04/20","Y","ERNNY.ERNNY8","ORD"
"2026/01/22","ESSPO","FIVE","ZAU","2020/11/05","Y","ESSPO.ESSPO5","ORD"
"2026/01/22","PAATS","FOUR","ZNY","2023/04/20","Y","ESSSO.PAATS4","MQS PHL PNE TTN"
"2026/01/22","DMSTR","TWO","ZDC","2024/03/21","Y","ETBUY.DMSTR2","RDU"
"2026/01/22","OOSHN","FIVE","ZBW","2017/10/12","Y","EURRO.OOSHN5","BOS"
"2026/01/22","FALCO","FIVE","ZAN","2012/05/31","N","FALCO.FALCO5","EIL"
"2026/01/22","FARMR","THREE","ZKC","2017/03/02","Y","FARMR.FARMR3","ALN BLV CPS"
"2026/01/22","FASTO","TWO","ZLA","2017/01/05","N","FASTO.FASTO2","BFL"
"2026/01/22","FERNANDO","SEVEN","ZLA","2016/11/10","N","FIM.FERN7","BUR SMO VNY"
"2026/01/22","MOORPARK","FOUR","ZLA","2016/09/15","N","FIM.MOOR4","LAX"
"2026/01/22","CRIKT","ONE","ZFW","2016/03/31","Y","FINGR.CRIKT1","DAL"
"2026/01/22","FINGR","ONE","ZFW","2025/11/27","N","FINGR.FINGR1","ADS DAL DFW F41 F46 HQZ JWY LNC RBD TKI"
"2026/01/22","HIBIL","THREE","ZFW","2016/03/31","Y","FINGR.HIBIL3","DAL"
"2026/01/22","SLANT","THREE","ZFW","2016/03/31","Y","FINGR.SLANT3","ADS F41 F46 HQZ JWY LNC RBD TKI"
"2026/01/22","FISSK","SEVEN","ZAU","2025/06/12","Y","FISSK.FISSK7","MDW"
"2026/01/22","FLATI","FIVE","ZDV","2025/06/12","Y","FLATI.FLATI5","DEN"
"2026/01/22","FLCHR","ONE","ZLA","2021/02/25","Y","FLCHR.FLCHR1","VGT"
"2026/01/22","STOCR","FOUR","ZTL","2024/05/16","Y","FLLGG.STOCR4","CLT"
"2026/01/22","FLOSI","FOUR","ZNY","2019/12/05","Y","FLOSI.FLOSI4","EWR"
"2026/01/22","FNLEE","ONE","ZAU","2024/01/25","Y","FNLEE.FNLEE1","RFD"
"2026/01/22","FNTSY","ONE","ZMA","2024/10/31","Y","FNTSY.FNTSY1","EYW NQX"
"2026/01/22","FOREY","TWO","ZOB","2019/10/10","Y","FOREY.FOREY2","ARB CYQG DET FNT MTC ONZ OZW PTK TTF VLL YIP"
"2026/01/22","FORTL","NINE","ZMA","2021/12/02","N","FORTL.FORTL9","FLL FXE HWO OPF PMP"
"2026/01/22","FOWEE","TWO","ZMA","2021/12/02","N","FOWEE.FOWEE2","07FA HST MIA TMB X51"
"2026/01/22","WILLIAMSPORT","THREE","ZNY","2012/05/31","N","FQM.FQM3","EWR"
"2026/01/22","FRIHO","FOUR","ZAB","2006/04/13","N","FRIHO.FRIHO4","ABQ AEG"
"2026/01/22","FRLON","TWO","ZOA","2016/07/21","Y","FRLON.FRLON2","SJC"
"2026/01/22","FROGZ","FOUR","ZMA","2023/06/15","Y","FROGZ.FROGZ4","07FA HST MIA TMB X51"
"2026/01/22","DEBERRY","FIVE","ZDV","2022/07/14","N","FSHER.DBRY5","COS"
"2026/01/22","KUSTR","THREE","ZLC","2018/09/13","Y","FSYTH.KUSTR3","BIL"
"2026/01/22","FYTTE","SEVEN","ZAU","2021/06/17","Y","FYTTE.FYTTE7","ORD"
"2026/01/22","GABOO","ONE","ZHU","2020/07/16","Y","GABOO.GABOO1","3R9 HYI RYW T74"
"2026/01/22","SEWZY","SIX","ZHU","2021/04/22","Y","GABOO.SEWZY6","AUS"
"2026/01/22","DREEM","THREE","ZBW","2025/11/27","Y","GASSE.DREEM3","BED BVY LWM"
"2026/01/22","GAVNN","EIGHT","ZID","2026/01/22","Y","GAVNN.GAVNN8","CVG HAO I69 LUK"
"2026/01/22","GOPHER","ONE","ZMP","2017/08/17","N","GEP.GEP1","ANE FCM LVN MIC MSP STP"
"2026/01/22","CCASH","ONE","ZFW","2014/07/24","Y","GHOST.CCASH1","OUN PWA TIK"
"2026/01/22","GHOST","THREE","ZFW","2017/12/07","Y","GHOST.GHOST3","OKC"
"2026/01/22","GIBBZ","FIVE","ZDC","2024/03/21","Y","GIBBZ.GIBBZ5","HEF IAD JYO"
"2026/01/22","GIIBS","FOUR","ZID","2024/07/11","Y","GIIBS.GIIBS4","IND"
"2026/01/22","GLASR","THREE","ZSE","2024/01/25","N","GLASR.GLASR3","BFI RNT SEA TCM"
"2026/01/22","GLAVN","TWO","ZTL","2025/11/27","Y","GLAVN.GLAVN2","ATL"
"2026/01/22","HTOWN","THREE","ZHU","2023/10/05","Y","GMANN.HTOWN3","IAH"
"2026/01/22","TEJAS","FIVE","ZHU","2023/10/05","Y","GMANN.TEJAS5","IAH"
"2026/01/22","GNDLF","THREE","ZTL","2025/11/27","Y","GNDLF.GNDLF3","ATL"
"2026/01/22","GOATZ","TWO","ZLA","2024/12/26","Y","GOATZ.GOATZ2","LAX"
"2026/01/22","KARLB","THREE","ZLA","2023/04/20","Y","GOATZ.KARLB3","ONT"
"2026/01/22","GOPAC","THREE","ZAU","2023/06/15","Y","GOPAC.GOPAC3","57C BUU ENW ETB HXF MKE MWC PWK RAC UES UGN"
"2026/01/22","HAYNZ","SEVEN","ZOB","2021/02/25","Y","GRACE.HAYNZ7","PIT"
"2026/01/22","GRAYT","TWO","ZOB","2019/10/10","Y","GRAYT.GRAYT2","DTW"
"2026/01/22","LAYKS","TWO","ZOB","2019/10/10","Y","GRAYT.LAYKS2","DTW"
"2026/01/22","GIBBI","TWO","ZFW","2015/06/25","Y","GREGS.GIBBI2","DFW"
"2026/01/22","GREGS","ONE","ZFW","2022/06/16","N","GREGS.GREGS1","ADS DAL DTO F41 F46 HQZ JWY LNC RBD TKI"
"2026/01/22","HERBZ","TWO","ZFW","2025/05/15","Y","GREGS.HERBZ2","ADS DAL DTO F41 F46 HQZ JWY LNC RBD TKI"
"2026/01/22","JFRYE","FIVE","ZFW","2022/07/14","Y","GREGS.JFRYE5","ADS DAL DTO F41 F46 HQZ JWY LNC RBD TKI"
"2026/01/22","SHAAM","TWO","ZFW","2015/06/25","Y","GREGS.SHAAM2","DFW"
"2026/01/22","GRNCH","FIVE","ZJX","2023/10/05","Y","GRNCH.GRNCH5","MCO"
"2026/01/22","GTOUT","ONE","ZJX","2022/05/19","Y","GTOUT.GTOUT1","MCO"
"2026/01/22","GUERA","TWO","ZLA","2018/07/19","Y","GUERA.GUERA2","CMA NTD OXR"
"2026/01/22","GULLI","THREE","ZFW","2022/05/19","N","GULLI.GULLI3","1K4 CHK GOK HSD OKC OUN PWA RCE RQO SNL TIK"
"2026/01/22","HANBL","THREE","ZOB","2019/12/05","Y","HANBL.HANBL3","DTW"
"2026/01/22","LECTR","THREE","ZOB","2019/10/10","Y","HANBL.LECTR3","DTW"
"2026/01/22","BOJID","FOUR","ZNY","2023/10/05","Y","HAR.BOJID4","PHL"
"2026/01/22","BUNTS","THREE","ZNY","2023/10/05","N","HAR.BUNTS3","ILG MQS PHL PNE TTN"
"2026/01/22","HARRISBURG","FIVE","ZNY","2018/07/19","N","HAR.HAR5","WRI"
"2026/01/22","EELZA","FOUR","ZOA","2024/01/25","Y","HARTT.EELZA4","RNO"
"2026/01/22","HAWKZ","EIGHT","ZSE","2024/09/05","Y","HAWKZ.HAWKZ8","SEA"
"2026/01/22","HAYLL","THREE","ZOB","2019/10/10","Y","HAYLL.HAYLL3","DTW"
"2026/01/22","VCTRZ","TWO","ZOB","2019/10/10","Y","HAYLL.VCTRZ2","DTW"
"2026/01/22","HEDEE","ONE","ZID","2025/08/07","Y","HEDEE.HEDEE1","HAO I69 LUK"
"2026/01/22","HELNS","SIX","ZSE","2018/03/29","N","HELNS.HELNS6","HIO PDX TTD UAO"
"2026/01/22","HENBY","ONE","ZTL","2025/10/02","Y","HENBY.HENBY1","GSO INT"
"2026/01/22","OZZZY","FIVE","ZDV","2021/12/02","Y","HGO.OZZZY5","COS"
"2026/01/22","HHOOD","FIVE","ZSE","2024/10/31","Y","HHOOD.HHOOD5","PDX"
"2026/01/22","HILIE","THREE","ZSE","2023/06/15","N","HILIE.HILIE3","GEG SFF SKA"
"2026/01/22","TIMMO","ONE","ZMP","2022/01/27","Y","HILRS.TIMMO1","OFF OMA"
"2026/01/22","BUKHD","THREE","ZTL","2020/07/16","Y","HLNDS.BUKHD3","6A2 CCO CVC D73 FFC FTY HMP LZU MGE PDK PUJ RYY VPC"
"2026/01/22","BRUEN","TWO","ZLA","2017/10/12","Y","HLYWD.BRUEN2","LAX"
"2026/01/22","HLYWD","ONE","ZLA","2017/03/02","Y","HLYWD.HLYWD1","LAX"
"2026/01/22","HOBRK","FOUR","ZME","2024/10/31","Y","HOBRK.HOBRK4","MEM"
"2026/01/22","HOBTT","THREE","ZTL","2025/11/27","Y","HOBTT.HOBTT3","ATL"
"2026/01/22","HOTAR","ONE","ZJX","2013/10/17","Y","HOTAR.HOTAR1","CRG JAX NIP NRB SGJ VQQ"
"2026/01/22","HOWRY","THREE","ZMP","2023/04/20","N","HOWRY.HOWRY3","OFF OMA"
"2026/01/22","HSKNS","ONE","ZAB","2014/04/03","Y","HSKNS.HSKNS1","ELP"
"2026/01/22","HUBRD","ONE","ZLA","2000/10/05","N","HUBRD.HUBRD1","SAN"
"2026/01/22","HUDZY","FIVE","ZHU","2025/06/12","N","HUDZY.HUDZY5","54T 6R3 AXH CXO DWH EFD GLS HOU HPY IAH IWS LBX LVJ SGR T00 T41 T78 TME"
"2026/01/22","HUULL","TWO","ZLA","2018/05/24","Y","HUULL.HUULL2","LAX"
"2026/01/22","HUUTY","ONE","ZAB","2012/05/31","Y","HUUTY.HUUTY1","CHD FFZ IWA"
"2026/01/22","HUUVR","ONE","ZOB","2018/05/24","Y","HUUVR.HUUVR1","1G3 AKR CAK"
"2026/01/22","HYDRR","ONE","ZAB","2014/09/18","Y","HYDRR.HYDRR1","PHX"
"2026/01/22","HYTHR","THREE","ZME","2023/11/30","Y","HYTHR.HYTHR3","MEM"
"2026/01/22","IRNMN","TWO","ZLA","2018/05/24","Y","IRNMN.IRNMN2","HHR LAX"
"2026/01/22","IRONS","SEVEN","ZDC","2016/09/15","N","IRONS.IRONS7","DCA"
"2026/01/22","IVINS","TWO","ZLA","2025/02/20","Y","IVINS.IVINS2","VNY"
"2026/01/22","JAFAR","THREE","ZJX","2022/05/19","Y","JAFAR.JAFAR3","ISM MCO ORL"
"2026/01/22","JAIKE","FOUR","ZNY","2023/04/20","Y","JAIKE.JAIKE4","47N CDW LDJ MMU SMQ TEB"
"2026/01/22","JAKIE","SEVEN","ZID","2026/01/22","Y","JAKIE.JAKIE7","CVG HAO I69 LUK"
"2026/01/22","JAKKS","TWO","ZID","2016/11/10","Y","JAKKS.JAKKS2","IND"
"2026/01/22","JAKTZ","TWO","ZID","2023/02/23","Y","JAKTZ.JAKTZ2","CMH LCK OSU"
"2026/01/22","LIINN","THREE","ZTL","2018/11/08","N","JALIT.LIINN3","AFP AKH CLT DCM EHO EQY IPJ LKR N52 UZA"
"2026/01/22","JAMMN","FIVE","ZLC","2017/08/17","N","JAMMN.JAMMN5","SLC"
"2026/01/22","JANNY","FIVE","ZLA","2018/07/19","Y","JANNY.JANNY5","BUR VNY"
"2026/01/22","JAWBN","SEVEN","ZSE","2024/12/26","N","JAWBN.JAWBN7","BFI SEA TCM"
"2026/01/22","JAYSN","THREE","ZLA","2024/10/31","Y","JAYSN.JAYSN3","LAS"
"2026/01/22","JCKIE","TWO","ZLA","2019/12/05","Y","JCKIE.JCKIE2","ONT"
"2026/01/22","JESSE","THREE","ZAB","2021/12/02","N","JESSE.JESSE3","PHX"
"2026/01/22","JESTR","ONE","ZMA","2022/05/19","Y","JESTR.JESTR1","BCT F45 FXE LNA PBI PMP"
"2026/01/22","JFUND","TWO","ZBW","2017/10/12","Y","JFUND.JFUND2","BOS"
"2026/01/22","JHAUN","ONE","ZKC","2012/11/15","Y","JHAUN.JHAUN1","SUS"
"2026/01/22","JHAWK","EIGHT","ZKC","2024/05/16","N","JHAWK.JHAWK8","FLV GPH IXD LXT MCI MKC OJC STJ"
"2026/01/22","JIIMS","FOUR","ZNY","2023/04/20","Y","JIIMS.JIIMS4","ILG MQS PHL PNE TTN"
"2026/01/22","MBELL","FIVE","ZID","2024/07/11","Y","JIINN.MBELL5","JVY LOU SDF"
"2026/01/22","JINXX","ONE","ZAN","2018/11/08","Y","JINXX.JINXX1","EDF"
"2026/01/22","JJEDI","FOUR","ZTL","2025/11/27","Y","JJEDI.JJEDI4","ATL"
"2026/01/22","FILPZ","FOUR","ZTL","2024/05/16","Y","JJENY.FILPZ4","CLT"
"2026/01/22","OCEAN","THREE","ZLA","2017/03/02","N","JLI.OCEAN3","LAX"
"2026/01/22","JMONY","TWO","ZID","2025/02/20","Y","JMONY.JMONY2","JVY LOU SDF"
"2026/01/22","WIGOL","THREE","ZDC","2024/03/21","Y","JOANZ.WIGOL3","IAD"
"2026/01/22","JOKRS","THREE","ZJX","2022/05/19","Y","JOKRS.JOKRS3","ISM LEE MCO MLB ORL SFB"
"2026/01/22","JONZE","FIVE","ZTL","2024/05/16","Y","JONZE.JONZE5","CLT"
"2026/01/22","JOOLS","ONE","ZTL","2023/06/15","Y","JOOLS.JOOLS1","AFP AKH CLT DCM EHO EQY IPJ JQF LKR N52 RUQ UZA VUJ"
"2026/01/22","JORDN","TWO","ZBW","2006/06/08","Y","JORDN.JORDN2","PVD"
"2026/01/22","JOSHE","THREE","ZSU","2010/11/11","Y","JOSHE.JOSHE3","SJU"
"2026/01/22","JSONN","FOUR","ZKC","2023/08/10","Y","JSONN.JSONN4","MCI"
"2026/01/22","JULLE","FIVE","ZHN","2014/02/06","N","JULLE.JULLE5","HNL"
"2026/01/22","JUNNR","FOUR","ZTL","2024/10/31","Y","JUNNR.JUNNR4","GMU GSP GYH SPA"
"2026/01/22","JANESVILLE","ONE","ZAU","2021/10/07","N","JVL.JVL1","ORD"
"2026/01/22","KABEE","THREE","ZTL","2019/01/03","Y","KABEE.KABEE3","JQF RUQ SVH VUJ"
"2026/01/22","KAENA","FOUR","ZHN","2025/11/27","Y","KAENA.KAENA4","HNL"
"2026/01/22","KASPR","SEVEN","ZMP","2018/09/13","N","KASPR.KASPR7","MSP"
"2026/01/22","KAYAK","SIX","ZHN","2017/12/07","N","KAYAK.KAYAK6","KOA"
"2026/01/22","KAYLA","THREE","ZKC","2017/10/12","Y","KAYLA.KAYLA3","STL"
"2026/01/22","KAYOH","EIGHT","ZLA","2022/03/24","N","KAYOH.KAYOH8","FUL LGB SLI SNA TOA"
"2026/01/22","KIDDZ","FIVE","ZHU","2024/10/31","Y","KIDDZ.KIDDZ5","EFD GLS HOU LBX"
"2026/01/22","KIMMO","THREE","ZLA","2014/07/24","N","KIMMO.KIMMO3","LAX SMO"
"2026/01/22","KKILR","THREE","ZMP","2017/01/05","Y","KKILR.KKILR3","MSP"
"2026/01/22","KLANI","FOUR","ZHN","2025/02/20","Y","KLANI.KLANI4","HNL"
"2026/01/22","KLUBS","ONE","ZOA","2024/01/25","Y","KLUBS.KLUBS1","RNO"
"2026/01/22","BACHR","FOUR","ZFW","2016/05/26","Y","KNEAD.BACHR4","DAL"
"2026/01/22","DRYYE","TWO","ZFW","2017/06/22","Y","KNEAD.DRYYE2","DAL"
"2026/01/22","PAWLZ","THREE","ZFW","2016/03/31","Y","KNEAD.PAWLZ3","DFW"
"2026/01/22","SWVAY","FOUR","ZFW","2016/05/26","Y","KNEAD.SWVAY4","ADS CPT DAL F41 F46 FWS GKY GPM HQZ JWY LNC RBD TKI"
"2026/01/22","TILLA","THREE","ZFW","2016/03/31","Y","KNEAD.TILLA3","DFW"
"2026/01/22","KOHLS","ONE","ZDC","2026/01/22","Y","KOHLS.KOHLS1","AKQ CPK FAF JGG LFI NGU NTU ORF PHF PVG SFQ"
"2026/01/22","KOLTS","TWO","ZID","2016/11/10","Y","KOLTS.KOLTS2","IND"
"2026/01/22","NTNDO","ONE","ZLA","2021/02/25","Y","KONNG.NTNDO1","HND VGT"
"2026/01/22","KOOOP","ONE","ZKC","2017/10/12","N","KOOOP.KOOOP1","STL"
"2026/01/22","KOURT","FOUR","ZLC","2022/07/14","Y","KOURT.KOURT4","BOI"
"2026/01/22","KRAKN","ONE","ZMA","2024/10/31","Y","KRAKN.KRAKN1","EYW NQX"
"2026/01/22","KRATR","TWO","ZSE","2015/06/25","Y","KRATR.KRATR2","PDX"
"2026/01/22","KROTO","FIVE","ZAN","2024/10/31","Y","KROTO.KROTO5","ANC"
"2026/01/22","KYAAN","FOUR","ZLC","2022/07/14","Y","KYAAN.KYAAN4","BOI"
"2026/01/22","KYAKS","THREE","ZMA","2022/11/03","Y","KYAKS.KYAKS3","FLL FXE HWO OPF PMP"
"2026/01/22","DEVYN","TWO","ZSE","2017/12/07","Y","KYCKR.DEVYN2","PAE"
"2026/01/22","LAIKS","FOUR","ZHU","2024/09/05","Y","LAIKS.LAIKS4","AUS"
"2026/01/22","LANDR","THREE","ZDV","2023/04/20","N","LANDR.LANDR3","APA BJC BKF CFO DEN FNL GXY"
"2026/01/22","LANTK","TWO","ZMP","2022/09/08","N","LANTK.LANTK2","OFF OMA"
"2026/01/22","LARKS","THREE","ZDV","2023/11/30","N","LARKS.LARKS3","APA BJC BKF CFO DEN FNL GXY"
"2026/01/22","LAVAN","THREE","ZAB","2003/09/03","N","LAVAN.LAVAN3","ABQ AEG"
"2026/01/22","LAVAS","ONE","ZHN","2019/06/20","Y","LAVAS.LAVAS1","OGG"
"2026/01/22","LAWGR","FOUR","ZDV","2025/06/12","Y","LAWGR.LAWGR4","DEN"
"2026/01/22","LEESE","THREE","ZJX","2021/04/22","N","LEESE.LEESE3","ISM MCO ORL"
"2026/01/22","LEGOZ","FOUR","ZLA","2025/11/27","Y","LEGOZ.LEGOZ4","CRQ NFG"
"2026/01/22","LEMIG","TWO","ZHU","2025/10/02","N","LEMIG.LEMIG2","RND SAT SKF SSF"
"2026/01/22","LENNI","FOUR","ZAB","2022/07/14","N","LENNI.LENNI4","LUF"
"2026/01/22","BRIGHAM CITY","FIVE","ZLC","2023/06/15","N","LHO.LHO5","SLC"
"2026/01/22","LINKK","ONE","ZHU","2015/04/30","Y","LINKK.LINKK1","IAH"
"2026/01/22","NNCEE","TWO","ZHU","2023/11/30","Y","LINKK.NNCEE2","IAH"
"2026/01/22","HYPER","NINE","ZDC","2024/03/21","Y","LIRCH.HYPER9","CJR EZF FRR HEF HWY IAD JYO MRB NYG OKV RMN"
"2026/01/22","LNDHY","ONE","ZHN","2019/06/20","Y","LNDHY.LNDHY1","OGG"
"2026/01/22","LONGZ","FOUR","ZDV","2025/06/12","Y","LONGZ.LONGZ4","DEN"
"2026/01/22","LORLE","THREE","ZKC","2017/12/07","Y","LORLE.LORLE3","STL"
"2026/01/22","LOSST","ONE","ZLC","2024/07/11","Y","LOSST.LOSST1","BZN"
"2026/01/22","LOWBO","THREE","ZAB","2015/01/08","Y","LOWBO.LOWBO3","ABQ"
"2026/01/22","BDEGA","FOUR","ZOA","2024/07/11","Y","LOZIT.BDEGA4","SFO"
"2026/01/22","STLER","FOUR","ZOA","2024/07/11","Y","LOZIT.STLER4","SFO"
"2026/01/22","LUBBR","THREE","ZMA","2022/05/19","Y","LUBBR.LUBBR3","FA54 LAL PGD SRQ VNC"
"2026/01/22","LUCIT","THREE","ZAU","2024/10/31","Y","LUCIT.LUCIT3","05C 3HO GYY IGQ"
"2026/01/22","LUCKI","ONE","ZLA","2016/11/10","Y","LUCKI.LUCKI1","SAN"
"2026/01/22","LUNNI","TWO","ZJX","2025/04/17","Y","LUNNI.LUNNI2","JAX"
"2026/01/22","WILKES-BARRE","FIVE","ZNY","2024/07/11","N","LVZ.LVZ5","39N CDW LDJ MMU N51 SMQ TEB"
"2026/01/22","SLATT","SIX","ZNY","2023/08/10","N","LVZ.SLATT6","PHL"
"2026/01/22","SPUDS","SEVEN","ZNY","2023/11/30","Y","LVZ.SPUDS7","PHL"
"2026/01/22","LYNXX","EIGHT","ZLA","2006/08/03","N","LYNXX.LYNXX8","BUR VNY"
"2026/01/22","LZZRD","FOUR","ZAB","2021/12/02","Y","LZZRD.LZZRD4","ABQ"
"2026/01/22","MAATY","FIVE","ZMA","2024/10/31","Y","MAATY.MAATY5","LAL MCF TPA VDF"
"2026/01/22","DEER PARK","THREE","ZBW","2012/11/15","N","MAD.DPK3","BAF BDL CEF"
"2026/01/22","MADEE","SIX","ZVR","2025/11/27","Y","MADEE.MADEE6","BLI CYXX CZBB"
"2026/01/22","MADII","SEVEN","ZAU","2023/04/20","Y","MADII.MADII7","ORD"
"2026/01/22","MAGGI","THREE","ZHN","1999/09/09","N","MAGGI.MAGGI3","HNL"
"2026/01/22","MAHHI","THREE","ZMA","2022/05/19","Y","MAHHI.MAHHI3","BCT PBI"
"2026/01/22","BRUSR","ONE","ZAB","2014/09/18","Y","MAIER.BRUSR1","PHX"
"2026/01/22","MAJIC","FOUR","ZTL","2020/03/26","N","MAJIC.MAJIC4","AFP AKH CLT DCM EHO EQY IPJ LKR N52 UZA"
"2026/01/22","MAKAH","ONE","ZHN","2020/01/30","Y","MAKAH.MAKAH1","HNL"
"2026/01/22","MARCS","TWO","ZHU","2025/08/07","N","MARCS.MARCS2","RND SAT SKF SSF"
"2026/01/22","QERVO","THREE","ZHU","2025/11/27","Y","MARCS.QERVO3","5C1 BAZ CVB PEZ RND SAT SKF SSF"
"2026/01/22","MARNR","EIGHT","ZSE","2024/12/26","Y","MARNR.MARNR8","SEA"
"2026/01/22","MARQO","THREE","ZJX","2025/04/17","Y","MARQO.MARQO3","CRG FHB JAX NRB"
"2026/01/22","MARWI","FOUR","ZMP","2022/12/29","N","MARWI.MARWI4","OFF OMA"
"2026/01/22","MAZIE","THREE","ZNY","2020/11/05","Y","MAZIE.MAZIE3","47N CDW LDJ MMU N07 SMQ TEB"
"2026/01/22","ALDAN","FOUR","ZDC","2024/01/25","Y","MCDON.ALDAN4","RDU"
"2026/01/22","MCHLN","TWO","ZTL","2019/04/25","Y","MCHLN.MCHLN2","GMU GSP GYH SPA"
"2026/01/22","MDNYT","TWO","ZLA","2017/10/12","Y","MDNYT.MDNYT2","LAX"
"2026/01/22","DUBLN","ONE","ZID","2021/08/12","Y","MELZZ.DUBLN1","CMH LCK OSU TZR"
"2026/01/22","MIERA","TWO","ZAB","2003/09/04","N","MIERA.MIERA2","ABQ AEG"
"2026/01/22","MIIDY","THREE","ZDC","2024/09/05","Y","MIIDY.MIIDY3","BWI MTN"
"2026/01/22","MINEE","SIX","ZJX","2025/02/20","N","MINEE.MINEE6","COI ISM LEE MCO ORL SFB TIX"
"2026/01/22","MILTON","FOUR","ZNY","2011/10/20","N","MIP.MIP4","LGA"
"2026/01/22","MELBOURNE","TWO","ZMA","2021/12/02","N","MLB.MLB2","06FA BCT LNA PBI"
"2026/01/22","MMARY","ONE","ZDV","2025/04/17","Y","MMARY.MMARY1","ASE RIL"
"2026/01/22","MNNDO","FOUR","ZFW","2016/05/26","Y","MNNDO.MNNDO4","DAL"
"2026/01/22","MNSTR","ONE","ZHU","2023/02/23","Y","MNSTR.MNSTR1","MSY NBG NEW"
"2026/01/22","MODESTO","NINE","ZOA","2019/08/15","N","MOD.MOD9","SFO"
"2026/01/22","MOLLY","FIVE","ZAB","2020/11/05","Y","MOLLY.MOLLY5","ELP"
"2026/01/22","MONAA","FOUR","ZME","2023/11/30","Y","MONAA.MONAA4","MEM"
"2026/01/22","MOTZA","ONE","ZFW","2021/06/17","N","MOTZA.MOTZA1","50F AFW CPT FTW FWS GKY GPM LUD NFW WEA"
"2026/01/22","WESAT","THREE","ZFW","2025/10/30","Y","MOTZA.WESAT3","50F AFW CPT FTW FWS GKY GPM JWY LNC LUD NFW RBD WEA"
"2026/01/22","DRLLR","FIVE","ZHU","2016/05/26","Y","MPORT.DRLLR5","IAH"
"2026/01/22","GUSHR","THREE","ZHU","2015/01/08","Y","MPORT.GUSHR3","IAH"
"2026/01/22","WESTMINSTER","SEVEN","ZDC","2019/12/05","N","MRB.EMI7","BWI MTN"
"2026/01/22","JUDDG","TWO","ZFW","2016/11/10","Y","MURAH.JUDDG2","OUN PWA TIK"
"2026/01/22","MURAH","THREE","ZFW","2017/12/07","Y","MURAH.MURAH3","OKC"
"2026/01/22","MUSCL","THREE","ZMP","2017/01/05","Y","MUSCL.MUSCL3","MSP"
"2026/01/22","RYANN","TWO","ZOA","2022/11/03","N","MVA.RYANN2","RNO"
"2026/01/22","WADOL","FOUR","ZOA","2024/01/25","Y","MYBAD.WADOL4","RNO"
"2026/01/22","NELIE","FOUR","ZNY","2025/08/07","Y","NELIE.NELIE4","FOK ISP"
"2026/01/22","DEMME","FIVE","ZOB","2023/06/15","Y","NESTO.DEMME5","PIT"
"2026/01/22","NIIXX","FOUR","ZDV","2025/06/12","Y","NIIXX.NIIXX4","DEN"
"2026/01/22","NITZR","THREE","ZMP","2017/01/05","Y","NITZR.NITZR3","MSP"
"2026/01/22","NUTIY","ONE","ZDC","2025/10/02","Y","NUTIY.NUTIY1","ORF"
"2026/01/22","VNYRD","ONE","ZOA","2024/07/11","Y","OAK.VNYRD1","APC DVO HES O69 STS"
"2026/01/22","OAKES","THREE","ZOA","2025/06/12","Y","OAKES.OAKES3","HWD OAK"
"2026/01/22","OCITY","THREE","ZSE","2020/01/30","N","OCITY.OCITY3","HIO PDX TTD"
"2026/01/22","OHDEA","TWO","ZJX","2025/04/17","Y","OHDEA.OHDEA2","JAX"
"2026/01/22","OHIIO","FOUR","ZHU","2017/06/22","N","OHIIO.OHIIO4","54T 6R3 AXH CXO DWH EFD GLS HOU HPY IAH IWS LBX LVJ SGR T00 T41 T78 TME"
"2026/01/22","OLAHS","THREE","ZMA","2022/11/03","Y","OLAHS.OLAHS3","FLL FXE OPF PMP"
"2026/01/22","OLEDD","FOUR","ZHU","2016/11/10","N","OLEDD.OLEDD4","MSY NEW"
"2026/01/22","OLYMPIA","TWO","ZSE","2016/11/10","N","OLM.OLM2","BFI PAE RNT SEA"
"2026/01/22","ONDRE","ONE","ZTL","2017/10/12","Y","ONDRE.ONDRE1","ATL"
"2026/01/22","OPACA","FOUR","ZHN","1994/01/06","N","OPACA.OPACA4","HNL"
"2026/01/22","POGIE","TWO","ZJX","2020/01/30","N","ORL.POGIE2","CRG JAX NIP NRB VQQ"
"2026/01/22","ORRCA","ONE","ZOA","2022/11/03","Y","ORRCA.ORRCA1","RNO"
"2026/01/22","WOONS","TWO","ZBW","2016/07/21","N","ORW.WOONS2","1B9 BOS GHG OWD"
"2026/01/22","OSVEE","TWO","ZOA","2022/05/19","Y","OSVEE.OSVEE2","SUU"
"2026/01/22","OUTLA","ONE","ZDC","2026/01/22","Y","OUTLA.OUTLA1","CPK LFI NGU NTU ORF PHF PVG SFQ"
"2026/01/22","OZZZI","TWO","ZTL","2025/10/30","Y","OZZZI.OZZZI2","ATL"
"2026/01/22","PALMZ","TWO","ZMA","2021/12/02","Y","PALMZ.PALMZ2","07FA HST MIA OPF TMB X51"
"2026/01/22","PANGG","SEVEN","ZAU","2025/10/02","Y","PANGG.PANGG7","05C 3HO GYY IGQ MDW"
"2026/01/22","PARCH","FOUR","ZNY","2025/04/17","Y","PARCH.PARCH4","FRG JFK"
"2026/01/22","LYCHI","ONE","ZHN","2021/02/25","Y","PARIS.LYCHI1","ITO"
"2026/01/22","PASLY","FIVE","ZME","2025/10/02","Y","PASLY.PASLY5","BNA"
"2026/01/22","DENNA","ONE","ZNY","2025/11/27","Y","PAWLN.DENNA1","BDR HVN OXC"
"2026/01/22","LOVES","ONE","ZNY","2025/10/02","Y","PAWLN.LOVES1","ISP"
"2026/01/22","PAWLN","ONE","ZNY","2025/10/02","Y","PAWLN.PAWLN1","FRG JFK"
"2026/01/22","OHSEA","THREE","ZLA","2024/12/26","Y","PCIFC.OHSEA3","SNA"
"2026/01/22","PCIFC","THREE","ZLA","2024/12/26","Y","PCIFC.PCIFC3","LGB"
"2026/01/22","PEBLL","TWO","ZOA","2022/05/19","Y","PEBLL.PEBLL2","SUU"
"2026/01/22","ISHEE","TWO","ZLA","2022/01/27","N","PEHTY.ISHEE2","LAS"
"2026/01/22","RKSTR","FOUR","ZLA","2024/10/31","Y","PEHTY.RKSTR4","LAS"
"2026/01/22","SADYL","FOUR","ZLC","2020/09/10","Y","PELYT.SADYL4","BOI"
"2026/01/22","PENNS","TWO","ZNY","2004/08/05","N","PENNS.PENNS2","EWR"
"2026/01/22","PETTE","TWO","ZOB","2019/10/10","Y","PETTE.PETTE2","ARB CYQG DET MTC ONZ OZW PTK TTF VLL YIP"
"2026/01/22","PIKKR","SEVEN","ZMA","2021/12/02","Y","PIKKR.PIKKR7","APF FA54 MKY PGD"
"2026/01/22","PINNG","ONE","ZAB","2014/09/18","Y","PINNG.PINNG1","PHX"
"2026/01/22","PINNR","THREE","ZDV","2020/12/31","Y","PINNR.PINNR3","APA BJC CFO FNL GXY LMO"
"2026/01/22","PIRAT","THREE","ZOA","2024/07/11","Y","PIRAT.PIRAT3","OAK SFO"
"2026/01/22","PITBL","TWO","ZLA","2025/08/07","Y","PITBL.PITBL2","SBA"
"2026/01/22","PITTT","ONE","ZLC","2025/02/20","Y","PITTT.PITTT1","SLC"
"2026/01/22","PLYYA","TWO","ZLA","2024/10/31","Y","PLYYA.PLYYA2","SAN"
"2026/01/22","MARCH","FOUR","ZLA","1993/11/11","N","PMD.MARCH4","RIV"
"2026/01/22","NASCR","ONE","ZTL","2025/02/20","Y","PONTI.NASCR1","JQF RUQ VUJ"
"2026/01/22","POPPO","TWO","ZHU","2025/11/27","Y","POPPO.POPPO2","5C1 BAZ CVB PEZ RND SAT SKF SSF"
"2026/01/22","POWDR","ONE","ZDV","2020/01/30","N","POWDR.POWDR1","APA BJC BKF CFO DEN FNL GXY"
"2026/01/22","POWTN","FIVE","ZDC","2020/09/10","Y","POWTN.POWTN5","RIC"
"2026/01/22","PRICY","FOUR","ZJX","2024/10/31","Y","PRICY.PRICY4","ISM LEE MCO MLB ORL SFB"
"2026/01/22","PRIVO","THREE","ZDC","2023/10/05","N","PRIVO.PRIVO3","HEF IAD JYO MRB NYG"
"2026/01/22","WAYNZ","ONE","ZDC","2024/03/21","Y","PRIVO.WAYNZ1","IAD"
"2026/01/22","LOYYD","ONE","ZDV","2025/04/17","Y","PRTTY.LOYYD1","ASE"
"2026/01/22","PRTZL","ONE","ZDC","2024/03/21","Y","PRTZL.PRTZL1","IAD"
"2026/01/22","PTERS","THREE","ZAN","2018/02/01","Y","PTERS.PTERS3","ANC"
"2026/01/22","PUCKY","ONE","ZNY","2025/10/02","Y","PUCKY.PUCKY1","FRG JFK"
"2026/01/22","PUMLE","ONE","ZLA","2021/02/25","N","PUMLE.PUMLE1","HND LAS"
"2026/01/22","PUMPP","TWO","ZMA","2025/06/12","N","PUMPP.PUMPP2","FMY RSW"
"2026/01/22","PANOCHE","SIX","ZOA","2019/08/15","N","PXN.PXN6","HWD OAK"
"2026/01/22","BRINY","TWO","ZOA","2016/09/15","N","PYE.BRINY2","SJC"
"2026/01/22","POINT REYES","THREE","ZOA","2017/06/22","N","PYE.PYE3","NUQ PAO RHV SFO SJC SQL"
"2026/01/22","STINS","FOUR","ZOA","2021/06/17","N","PYE.STINS4","SFO"
"2026/01/22","QUAIL","ONE","ZDV","2020/01/30","N","QUAIL.QUAIL1","APA BJC BKF CFO DEN FNL GXY"
"2026/01/22","QUBEN","TWO","ZJX","2025/04/17","Y","QUBEN.QUBEN2","CRG FHB HEG JAX NIP NRB VQQ"
"2026/01/22","QUOTE","ONE","ZAU","2024/01/25","Y","QUOTE.QUOTE1","RFD"
"2026/01/22","QWENN","SIX","ZLC","2025/02/20","Y","QWENN.QWENN6","SLC"
"2026/01/22","GAMES","TWO","ZLA","2022/03/24","Y","QWIST.GAMES2","HND LAS"
"2026/01/22","RACYR","SIX","ZID","2022/05/19","N","RACYR.RACYR6","EYE HFY IND MQJ TYQ UMP"
"2026/01/22","SMUKE","THREE","ZID","2024/07/11","Y","RACYR.SMUKE3","IND"
"2026/01/22","RAMMS","EIGHT","ZDV","2020/01/30","N","RAMMS.RAMMS8","APA BJC BKF CFO DEN FNL GXY"
"2026/01/22","RASLN","THREE","ZTL","2017/08/17","N","RASLN.RASLN3","AFP AKH CLT DCM EHO EQY IPJ LKR N52 UZA"
"2026/01/22","RAYZZ","THREE","ZMA","2025/04/17","Y","RAYZZ.RAYZZ3","CLW LAL MCF PIE SPG SRQ TPA TPF VDF VNC"
"2026/01/22","RCTOR","THREE","ZTL","2025/04/17","Y","RCTOR.RCTOR3","GMU GSP GYH SPA"
"2026/01/22","RDBUL","ONE","ZLA","2025/06/12","Y","RDBUL.RDBUL1","PSP TRM UDD"
"2026/01/22","HRDNG","FOUR","ZAN","2023/10/05","Y","RDFLG.HRDNG4","FAI"
"2026/01/22","REDDN","FOUR","ZFW","2016/05/26","Y","REDDN.REDDN4","DAL"
"2026/01/22","RICED","FOUR","ZNY","2008/02/14","N","RICED.RICED4","DXR HPN"
"2026/01/22","RIDES","TWO","ZJX","2022/05/19","Y","RIDES.RIDES2","ISM LEE MCO ORL SFB"
"2026/01/22","FAKEY","ONE","ZFW","2014/07/24","Y","RIFFL.FAKEY1","OUN PWA TIK"
"2026/01/22","RIFFL","THREE","ZFW","2017/12/07","Y","RIFFL.RIFFL3","OKC"
"2026/01/22","RIICE","ONE","ZHU","2024/10/31","N","RIICE.RIICE1","6R3 CXO DWH IAH T78"
"2026/01/22","RISTI","ONE","ZOA","2017/06/22","Y","RISTI.RISTI1","SFO SJC"
"2026/01/22","KKISS","TWO","ZOB","2019/10/10","Y","RKCTY.KKISS2","DTW"
"2026/01/22","RKCTY","TWO","ZOB","2019/10/10","Y","RKCTY.RKCTY2","DTW"
"2026/01/22","LARKK","ONE","ZLA","2021/02/25","N","RNDRZ.LARKK1","LAS"
"2026/01/22","RNDRZ","FOUR","ZLA","2025/08/07","Y","RNDRZ.RNDRZ4","LAS"
"2026/01/22","ROBIE","FIVE","ZOA","2019/08/15","N","ROBIE.ROBIE5","SJC"
"2026/01/22","ROBUC","THREE","ZBW","2017/10/12","Y","ROBUC.ROBUC3","BOS"
"2026/01/22","BONJO","THREE","ZLA","2025/02/20","Y","ROKKR.BONJO3","SMO"
"2026/01/22","ROKKR","THREE","ZLA","2025/02/20","Y","ROKKR.ROKKR3","BUR"
"2026/01/22","ROKNN","FOUR","ZOB","2025/08/07","Y","ROKNN.ROKNN4","BKL CGF CLE LNN LPR"
"2026/01/22","ROLLN","TWO","ZOB","2019/10/10","Y","ROLLN.ROLLN2","BKL CGF CLE LNN LPR"
"2026/01/22","ROOBY","THREE","ZLA","2018/02/01","Y","ROOBY.ROOBY3","LGB SNA"
"2026/01/22","ROZZE","TWO","ZBW","2017/08/17","Y","ROZZE.ROZZE2","MHT"
"2026/01/22","RRALF","THREE","ZOB","2020/05/21","Y","RRALF.RRALF3","ARB CYQG DET MTC ONZ OZW PTK TTF VLL YIP"
"2026/01/22","RUDDH","THREE","ZKC","2023/08/10","Y","RUDDH.RUDDH3","MCI"
"2026/01/22","RUKKI","ONE","ZLA","2024/12/26","Y","RUKKI.RUKKI1","SNA"
"2026/01/22","APPLE","THREE","ZNY","2024/01/25","Y","RUUTH.APPLE3","LGA"
"2026/01/22","BRAND","ONE","ZNY","2020/11/05","Y","RUUTH.BRAND1","EWR"
"2026/01/22","RYDRR","TWO","ZLA","2018/05/24","Y","RYDRR.RYDRR2","HHR LAX"
"2026/01/22","MLLET","THREE","ZTL","2024/05/16","Y","RYFLE.MLLET3","CLT"
"2026/01/22","RYYMN","THREE","ZME","2025/10/02","Y","RYYMN.RYYMN3","BNA"
"2026/01/22","SAALR","TWO","ZSU","2010/09/23","Y","SAALR.SAALR2","SJU"
"2026/01/22","SADDE","EIGHT","ZLA","2017/12/07","N","SADDE.SADDE8","LAX"
"2026/01/22","TANDY","FIVE","ZLA","2019/02/28","N","SADDE.TANDY5","LGB SNA"
"2026/01/22","SAKKI","FIVE","ZHN","2011/08/25","N","SAKKI.SAKKI5","HNL"
"2026/01/22","SAMMR","THREE","ZAB","2014/04/03","Y","SAMMR.SAMMR3","ELP"
"2026/01/22","SARDI","ONE","ZBW ZNY","2025/10/02","Y","SARDI.SARDI1","BDR FOK FRG GON HVN HWV ISP JPX MTP OXC SNC WST"
"2026/01/22","SARGO","FIVE","ZID","2026/01/22","Y","SARGO.SARGO5","CVG HAO I69 LUK"
"2026/01/22","SASIE","EIGHT","ZFW","2025/11/27","N","SASIE.SASIE8","50F ADS AFW CPT DTO FTW FWS GKY GPM LUD NFW WEA"
"2026/01/22","TRUUK","THREE","ZFW","2025/10/02","Y","SASIE.TRUUK3","50F AFW CPT DTO FTW FWS GKY GPM LUD NFW WEA"
"2026/01/22","SBONO","ONE","ZLA","2005/05/12","N","SBONO.SBONO1","PSP TRM UDD"
"2026/01/22","SCBBY","TWO","ZLA","2018/02/01","Y","SCBBY.SCBBY2","ONT"
"2026/01/22","SCOGS","THREE","ZBW","2015/12/10","Y","SCOGS.SCOGS3","PWM"
"2026/01/22","SCOLA","ONE","ZOA","2022/11/03","Y","SCOLA.SCOLA1","RNO"
"2026/01/22","SCRLT","TWO","ZID","2024/12/26","Y","SCRLT.SCRLT2","CMH LCK OSU TZR"
"2026/01/22","SEATO","FOUR","ZOA","2013/12/12","N","SEATO.SEATO4","SUU"
"2026/01/22","SEAVU","TWO","ZLA","2008/09/25","N","SEAVU.SEAVU2","LAX"
"2026/01/22","BRDJE","FIVE","ZFW","2024/07/11","Y","SEEVR.BRDJE5","DFW"
"2026/01/22","SEEVR","FOUR","ZFW","2017/01/05","Y","SEEVR.SEEVR4","DFW"
"2026/01/22","SELINSGROVE","SIX","ZDC","2019/02/28","N","SEG.SEG6","IAD"
"2026/01/22","SERFR","FOUR","ZOA","2019/12/05","Y","SERFR.SERFR4","SFO"
"2026/01/22","WWAVS","TWO","ZOA","2024/07/11","Y","SERFR.WWAVS2","SFO"
"2026/01/22","SETER","FIVE","ZLA","2017/08/17","N","SETER.SETER5","AJO CNO EMT ONT POC RAL SBD"
"2026/01/22","SHAFF","SEVEN","ZNY","2012/05/31","N","SHAFF.SHAFF7","EWR"
"2026/01/22","SHAIN","TWO","ZAU","2020/11/05","Y","SHAIN.SHAIN2","ORD"
"2026/01/22","SHAMU","ONE","ZLA","1995/05/25","N","SHAMU.SHAMU1","SAN"
"2026/01/22","SHFTY","SIX","ZMA","2024/10/31","Y","SHFTY.SHFTY6","APF FMY MKY RSW"
"2026/01/22","SKILS","FIVE","ZDC","2023/08/10","Y","SHILO.SKILS5","DCA"
"2026/01/22","SHREK","TWO","ZJX","2021/12/02","Y","SHREK.SHREK2","ISM MCO ORL SFB"
"2026/01/22","CAMRN","FIVE","ZNY","2025/06/12","N","SIE.CAMRN5","JFK"
"2026/01/22","SILCN","SIX","ZOA","2022/07/14","Y","SILCN.SILCN6","SJC"
"2026/01/22","SITTH","THREE","ZTL","2025/11/27","Y","SITTH.SITTH3","ATL"
"2026/01/22","SIZLR","FOUR","ZLA","2025/06/12","Y","SIZLR.SIZLR4","PSP TRM UDD"
"2026/01/22","SKETR","FIVE","ZMP","2013/01/10","N","SKETR.SKETR5","MSP"
"2026/01/22","SKYKO","ONE","ZSE","2022/05/19","N","SKYKO.SKYKO1","BFI RNT SEA"
"2026/01/22","SLMMR","FIVE","ZOA","2022/07/14","Y","SLMMR.SLMMR5","SMF"
"2026/01/22","SLOAO","ONE","ZJX","2025/06/12","Y","SLOAO.SLOAO1","COI ISM LEE MCO ORL SFB TIX X04"
"2026/01/22","LIKES","FOUR","ZFW","2025/10/02","Y","SLUGG.LIKES4","50F AFW DTO FTW LUD NFW WEA"
"2026/01/22","SLVER","ONE","ZKC","2012/11/15","Y","SLVER.SLVER1","SUS"
"2026/01/22","NEELL","SEVEN","ZAN","2024/10/31","Y","SNAAG.NEELL7","ANC"
"2026/01/22","SNDBR","THREE","ZMA","2022/12/29","Y","SNDBR.SNDBR3","07FA HST MIA TMB X51"
"2026/01/22","SNDIA","FOUR","ZAB","2020/12/31","Y","SNDIA.SNDIA4","ABQ"
"2026/01/22","SNFLD","THREE","ZJX","2023/02/23","Y","SNFLD.SNFLD3","ISM MCO"
"2026/01/22","SNKPT","TWO","ZID","2016/11/10","Y","SNKPT.SNKPT2","IND"
"2026/01/22","JAZZZ","ONE","ZLC","2025/02/20","Y","SPANE.JAZZZ1","SLC"
"2026/01/22","SPANE","EIGHT","ZLC","2024/05/16","N","SPANE.SPANE8","SLC"
"2026/01/22","SPIDR","FIVE","ZDC","2024/12/26","Y","SPIDR.SPIDR5","RIC"
"2026/01/22","SPISY","TWO","ZDC","2015/12/10","Y","SPISY.SPISY2","ADW"
"2026/01/22","SPUUD","FOUR","ZLC","2022/07/14","Y","SPUUD.SPUUD4","BOI"
"2026/01/22","ZEILR","SIX","ZMA","2024/09/05","N","SRQ.ZEILR6","APF MKY"
"2026/01/22","SSKII","FOUR","ZDV","2025/06/12","Y","SSKII.SSKII4","DEN"
"2026/01/22","STOOP","THREE","ZMA","2022/05/19","N","STOOP.STOOP3","06FA BCT PBI"
"2026/01/22","RAZRR","FIVE","ZOA","2022/07/14","Y","STUBL.RAZRR5","SJC"
"2026/01/22","STUGE","THREE","ZTL","2004/02/19","N","STUGE.STUGE3","AGS"
"2026/01/22","STONEWALL","TWO","ZHU","2024/09/05","N","STV.STV2","RND SAT SKF SSF"
"2026/01/22","STWRT","THREE","ZTL","2019/01/03","N","STWRT.STWRT3","AGS"
"2026/01/22","SUTHU","TWO","ZOA","2022/05/19","Y","SUTHU.SUTHU2","SUU"
"2026/01/22","MSCOT","FOUR","ZHU","2015/04/30","Y","SUUNR.MSCOT4","IAH"
"2026/01/22","TTORO","THREE","ZHU","2015/04/30","Y","SUUNR.TTORO3","IAH"
"2026/01/22","SUUTR","FOUR","ZOA","2022/07/14","Y","SUUTR.SUUTR4","SMF"
"2026/01/22","PARQR","FOUR","ZTL","2024/05/16","Y","SUZNN.PARQR4","CLT"
"2026/01/22","SWFFT","THREE","ZME","2025/10/02","Y","SWFFT.SWFFT3","BNA"
"2026/01/22","SWOPE","ONE","ZDC","2025/10/02","Y","SWOPE.SWOPE1","ORF"
"2026/01/22","PALISADES","ONE","ZOA","2023/08/10","N","SWR.SWR1","SUU"
"2026/01/22","SWTEE","TWO","ZTL","2020/03/21","Y","SWTEE.SWTEE2","CVC D73 FTY LZU MGE PDK PUJ RYY VPC"
"2026/01/22","LEENA","EIGHT","ZLA","2023/08/10","N","SXC.LEENA8","LAX"
"2026/01/22","SYMIN","ONE","ZHN","2020/01/30","Y","SYMIN.SYMIN1","HNL"
"2026/01/22","SZAGI","THREE","ZHU","2025/10/02","Y","SZAGI.SZAGI3","3R9 AUS EDC GTU HYI RYW T74"
"2026/01/22","TAGER","NINE","ZAN","2022/12/29","N","TAGER.TAGER9","ANC"
"2026/01/22","TAQLE","THREE","ZDC","2026/01/22","Y","TAQLE.TAQLE3","RDU"
"2026/01/22","TARPN","THREE","ZMA","2022/05/19","Y","TARPN.TARPN3","07FA FLL HST HWO MIA OPF TMB X51"
"2026/01/22","TARVR","ONE","ZOA","2022/11/03","Y","TARVR.TARVR1","RNO"
"2026/01/22","TAYTR","TWO","ZLC","2025/08/07","Y","TAYTR.TAYTR2","PVU SPK"
"2026/01/22","TBARR","FOUR","ZDV","2025/06/12","Y","TBARR.TBARR4","DEN"
"2026/01/22","TEBOW","TWO","ZJX","2025/04/17","Y","TEBOW.TEBOW2","CRG FHB JAX NRB"
"2026/01/22","TEEKY","THREE","ZMA","2022/11/03","Y","TEEKY.TEEKY3","FLL FXE PMP"
"2026/01/22","TERKS","TWO","ZDC","1994/10/13","N","TERKS.TERKS2","CPK NGU NTU ORF PVG SFQ"
"2026/01/22","DUCXS","FIVE","ZDC","2020/09/10","Y","THINA.DUCXS5","RIC"
"2026/01/22","THRNE","FOUR","ZLA","2025/02/20","Y","THRNE.THRNE4","BUR VNY"
"2026/01/22","TIGRR","FOUR","ZID","2024/03/21","Y","TIGRR.TIGRR4","CVG"
"2026/01/22","TIKEE","FOUR","ZDC","2023/04/20","Y","TIKEE.TIKEE4","2W5 ADW CJR DAA DCA EZF HEF HWY NYG RMN VKX W00"
"2026/01/22","TKNIQ","THREE","ZHU","2021/10/07","Y","TKNIQ.TKNIQ3","54T AXH EFD GLS HOU HPY IWS LBX LVJ SGR T00 T41 TME"
"2026/01/22","TMBRS","THREE","ZSE","2024/10/31","Y","TMBRS.TMBRS3","PDX"
"2026/01/22","TOMSN","NINE","ZDV","2024/05/16","N","TOMSN.TOMSN9","APA BJC BKF CFO DEN FNL GXY"
"2026/01/22","CHASR","TWO","ZLA","2017/12/07","Y","TOPGN.CHASR2","NZY SDM"
"2026/01/22","TOPGN","TWO","ZLA","2018/05/24","Y","TOPGN.TOPGN2","SAN"
"2026/01/22","TOREZ","ONE","ZMA","2023/06/15","Y","TOREZ.TOREZ1","FLL FXE HWO OPF PMP"
"2026/01/22","TORGY","THREE","ZMP","2017/01/05","Y","TORGY.TORGY3","MSP"
"2026/01/22","CUUGR","TWO","ZOB","2019/10/10","Y","TPGUN.CUUGR2","DTW"
"2026/01/22","TPGUN","TWO","ZOB","2019/10/10","Y","TPGUN.TPGUN2","DTW"
"2026/01/22","TRAKS","FOUR","ZTL","2024/10/31","Y","TRAKS.TRAKS4","GSO INT"
"2026/01/22","TRESA","ONE","ZNY","2025/11/27","Y","TRESA.TRESA1","POU SWF"
"2026/01/22","TRISH","FOUR","ZDC","2024/09/05","Y","TRISH.TRISH4","BWI MTN"
"2026/01/22","TROCO","THREE","ZSU","2010/11/18","Y","TROCO.TROCO3","SJU"
"2026/01/22","TRSSH","ONE","ZHU","2023/10/05","Y","TRSSH.TRSSH1","MSY NBG NEW"
"2026/01/22","TRSTN","FOUR","ZDC","2025/02/20","Y","TRSTN.TRSTN4","2W2 CJR DMW FDK FRR GAI HEF HGR HWY JYO MRB OKV W50"
"2026/01/22","TRTLL","SIX","ZAU","2020/11/05","Y","TRTLL.TRTLL6","ORD"
"2026/01/22","OSPRI","SEVEN","ZJX","2020/11/05","Y","TRTLS.OSPRI7","CHS JZI"
"2026/01/22","TRUPS","FIVE","ZDC","2024/04/18","Y","TRUPS.TRUPS5","ADW DAA DCA"
"2026/01/22","TRYBE","FOUR","ZOB","2020/03/26","Y","TRYBE.TRYBE4","BKL CGF CLE LNN"
"2026/01/22","TSDEL","THREE","ZFW","2017/12/07","Y","TSDEL.TSDEL3","OKC"
"2026/01/22","WAYMN","ONE","ZFW","2014/07/24","Y","TSDEL.WAYMN1","OUN PWA TIK"
"2026/01/22","ALTTA","NINE","ZOA","2019/10/10","N","TTE.ALTTA9","FAT"
"2026/01/22","TTHOR","THREE","ZJX","2022/05/19","Y","TTHOR.TTHOR3","7FL6 DAB DED EVB LEE OMN ORL SFB X50"
"2026/01/22","TTYLR","FOUR","ZMA","2024/09/05","N","TTYLR.TTYLR4","06FA BCT F45 LNA PBI SUA"
"2026/01/22","TUDOR","TWO","ZOA","2012/02/09","N","TUDOR.TUDOR2","SMF"
"2026/01/22","TWOLF","FOUR","ZMP","2022/11/03","N","TWOLF.TWOLF4","ANE FCM LVN MIC OEO RNH STP"
"2026/01/22","MHOMS","THREE","ZKC","2023/08/10","Y","TYGER.MHOMS3","MCI"
"2026/01/22","TYGER","SEVEN","ZKC","2023/10/05","N","TYGER.TYGER7","FLV GPH IXD LXT MCI MKC OJC STJ"
"2026/01/22","TYNEE","FOUR","ZMA","2025/06/12","Y","TYNEE.TYNEE4","FMY RSW"
"2026/01/22","MARVELL","SIX","ZME","2016/11/10","N","UJM.UJM6","MEM"
"2026/01/22","BOWIE","EIGHT","ZFW","2024/07/11","N","UKW.UKW8","DFW"
"2026/01/22","VALRE","ONE","ZNY","2025/11/27","Y","VALRE.VALRE1","DXR HPN"
"2026/01/22","VANZE","THREE","ZME","2022/06/16","Y","VANZE.VANZE3","MEM"
"2026/01/22","VECKI","NINE","ZHN","2017/12/07","N","VECKI.VECKI9","KOA"
"2026/01/22","VEECK","FIVE","ZAU","2020/11/05","Y","VEECK.VEECK5","ORD"
"2026/01/22","VIICE","TWO","ZMA","2022/05/19","Y","VIICE.VIICE2","07FA HST MIA TMB X51"
"2026/01/22","VINTA","THREE","ZKC","2021/12/02","N","VINTA.VINTA3","RVS TUL"
"2026/01/22","VISTA","THREE","ZLA","2017/03/02","N","VISTA.VISTA3","LAX"
"2026/01/22","JOVEM","SIX","ZFW","2024/07/11","Y","VKTRY.JOVEM6","DFW"
"2026/01/22","VKTRY","TWO","ZFW","2016/05/26","Y","VKTRY.VKTRY2","DFW"
"2026/01/22","VUDOO","TWO","ZDC","2015/12/10","Y","VUDOO.VUDOO2","ADW"
"2026/01/22","VUUDU","ONE","ZMA","2022/05/19","Y","VUUDU.VUUDU1","06FA BCT F45 PBI SUA"
"2026/01/22","WAALK","TWO","ZNY","2021/10/07","Y","WAALK.WAALK2","BLM MJX N14 N87 NEL VAY WRI"
"2026/01/22","WINRZ","ONE","ZOA","2024/01/25","Y","WADOL.WINRZ1","RNO"
"2026/01/22","WAPPL","SEVEN","ZHU","2025/06/12","Y","WAPPL.WAPPL7","54T ARM AXH BYY EFD GLS HOU HPY IWS LBX LVJ SGR T00 T41 TME"
"2026/01/22","WATSN","FOUR","ZAU","2020/11/05","Y","WATSN.WATSN4","ORD"
"2026/01/22","WAYVE","ONE","ZLA","2016/11/10","Y","WAYVE.WAYVE1","LAX SMO"
"2026/01/22","WAZKO","ONE","ZAB","2014/04/03","Y","WAZKO.WAZKO1","ELP"
"2026/01/22","WEBGO","TWO","ZOA","2022/05/19","Y","WEBGO.WEBGO2","SUU"
"2026/01/22","WEESL","ONE","ZLA","2016/11/10","Y","WEESL.WEESL1","BUR VNY"
"2026/01/22","PIEGY","ONE","ZHU","2022/12/29","Y","WHAEL.PIEGY1","6R3 CXO DWH T78"
"2026/01/22","WHYTE","SEVEN","ZSE","2022/01/27","N","WHYTE.WHYTE7","TCM"
"2026/01/22","WILBR","ONE","ZFW","2025/11/27","N","WILBR.WILBR1","DFW"
"2026/01/22","WILDD","THREE","ZMP","2012/04/05","N","WILDD.WILDD3","MSP"
"2026/01/22","WIPOR","FOUR","ZBW","2025/08/07","Y","WIPOR.WIPOR4","EWB OQU PVD PYM SFZ TAN UUU"
"2026/01/22","FEWGA","SEVEN","ZOB","2021/06/17","Y","WISKE.FEWGA7","PIT"
"2026/01/22","WITTI","FIVE","ZAN","2024/10/31","Y","WITTI.WITTI5","ANC"
"2026/01/22","WLDER","ONE","ZME","2022/03/24","N","WLDER.WLDER1","MEM"
"2026/01/22","POTRR","TWO","ZHU","2022/07/14","Y","WLEEE.POTRR2","3R9 EDC GTU HYI RYW T74"
"2026/01/22","WLEEE","SEVEN","ZHU","2022/07/14","Y","WLEEE.WLEEE7","AUS"
"2026/01/22","WLKRR","ONE","ZLC","2024/10/31","Y","WLKRR.WLKRR1","OGD"
"2026/01/22","AANET","ONE","ZOA","2015/03/05","Y","WNDSR.AANET1","OAK"
"2026/01/22","WNDSR","TWO","ZOA","2015/10/15","Y","WNDSR.WNDSR2","OAK"
"2026/01/22","FERRL","TWO","ZOB","2019/10/10","Y","WNGNT.FERRL2","DTW"
"2026/01/22","WNGNT","TWO","ZOB","2019/10/10","Y","WNGNT.WNGNT2","DTW"
"2026/01/22","GILCO","FIVE","ZHU","2019/10/10","N","WOLDE.GILCO5","IAH"
"2026/01/22","WORXS","TWO","ZTL","2019/04/25","Y","WORXS.WORXS2","GMU GSP GYH SPA"
"2026/01/22","WRGNZ","THREE","ZTL","2020/07/16","Y","WRGNZ.WRGNZ3","CNI D73 FTY LZU MGE PDK PUJ RYY VPC"
"2026/01/22","WUTNG","THREE","ZKC","2023/08/10","Y","WUTNG.WUTNG3","MCI"
"2026/01/22","WYNDE","THREE","ZAU","2025/08/07","Y","WYNDE.WYNDE3","ORD"
"2026/01/22","YAKUTAT","THREE","ZAN","2013/08/22","N","YAK.YAK3","YAK"
"2026/01/22","YAWNY","ONE","ZLC","2025/04/17","Y","YAWNY.YAWNY1","SUN"
"2026/01/22","EESAT","FOUR","ZFW","2023/04/20","Y","YEAGR.EESAT4","ADS F46 HQZ TKI"
"2026/01/22","LOADS","FOUR","ZFW","2023/04/20","Y","YEAGR.LOADS4","ADS F46 HQZ TKI"
"2026/01/22","YEAGR","FOUR","ZFW","2020/05/21","N","YEAGR.YEAGR4","ADS DAL DFW F46 HQZ TKI"
"2026/01/22","YESKA","SIX","ZAN","2015/10/15","N","YESKA.YESKA6","ANC"
"2026/01/22","YLSTN","THREE","ZLC","2018/09/13","Y","YLSTN.YLSTN3","BIL"
"2026/01/22","YOSEM","THREE","ZOA","2015/04/30","Y","YOSEM.YOSEM3","SFO"
"2026/01/22","BASTS","ONE","ZFW","2014/07/24","Y","YUCKS.BASTS1","OUN PWA TIK"
"2026/01/22","YUCKS","THREE","ZFW","2017/12/07","Y","YUCKS.YUCKS3","OKC"
"2026/01/22","YUTES","ONE","ZLC","2025/02/20","Y","YUTES.YUTES1","SLC"
"2026/01/22","GESNR","TWO","ZHU","2025/06/12","Y","ZEEKK.GESNR2","IAH"
"2026/01/22","ZEEKK","THREE","ZHU","2025/06/12","Y","ZEEKK.ZEEKK3","IAH"
"2026/01/22","ZELKA","TWO","ZBW","2017/12/07","Y","ZELKA.ZELKA2","BED BVY LWM"
"2026/01/22","ZIGGY","EIGHT","ZLA","2024/07/11","N","ZIGGY.ZIGGY8","AJO CNO EMT ONT POC RAL SBD"
"2026/01/22","ZOMBZ","SIX","ZDV","2025/04/17","Y","ZOMBZ.ZOMBZ6","APA CFO"
"2026/01/22","ZONNA","TWO","ZAB","2023/11/30","Y","ZONNA.ZONNA2","TUS"
"2026/01/22","ZOOMR","TWO","ZSE","2023/06/15","N","ZOOMR.ZOOMR2","GEG SFF SKA"
"2026/01/22","ZUUMA","FOUR","ZLA","2024/12/26","Y","ZUUMA.ZUUMA4","LAX SMO"
"2026/01/22","ZZIPS","ONE","ZOB","2018/05/24","Y","ZZIPS.ZZIPS1","1G3 AKR CAK"
